date,session_id,dpp_id,source,qr_entry,device,region,visit_duration,sections_viewed,documents_opened,opened_document,data_origin
2026-05-12,session-00001,gmh-gruppe-sn-00000006-c0a7c1a5,qr,1,mobile,NL-NH,22,4,0,0,synthetic
2026-05-24,session-00002,gmh-gruppe-sn-00000006-c0a7c1a5,web,0,mobile,BE-VLG,42,1,0,0,synthetic
2026-06-05,session-00003,mannstaedt-demo-003,web,0,desktop,NL-NH,69,2,2,1,synthetic
2026-05-21,session-00004,gmh-gruppe-sn-00000006-c0a7c1a5,web,0,mobile,DE-BY,44,1,3,1,synthetic
2026-07-29,session-00005,gmh-gruppe-sn-00000006-c0a7c1a5,qr,1,mobile,DE-BE,134,5,3,1,synthetic
2026-05-01,session-00006,mannstaedt-demo-002,web,0,mobile,DE-BE,57,1,3,1,synthetic
2026-06-27,session-00007,mannstaedt-demo-002,qr,1,mobile,NL-NH,117,3,0,0,synthetic
2026-09-05,session-00008,gmh-gruppe-sn-00000006-c0a7c1a5,qr,1,mobile,DE-BY,68,3,0,0,synthetic
2026-09-07,session-00009,gmh-gruppe-sn-00000006-c0a7c1a5,qr,1,mobile,NL-NH,93,2,3,1,synthetic
2026-07-05,session-00010,gmh-gruppe-sn-00000006-c0a7c1a5,qr,1,mobile,DE-BE,90,2,2,1,synthetic
2026-06-14,session-00011,gmh-gruppe-sn-00000006-c0a7c1a5,web,0,mobile,BE-VLG,124,3,2,1,synthetic
2026-08-26,session-00012,gmh-gruppe-sn-00000006-c0a7c1a5,qr,1,desktop,NL-NH,83,6,1,1,synthetic
2026-08-11,session-00013,gmh-gruppe-sn-00000006-c0a7c1a5,qr,1,desktop,DE-NW,175,4,0,0,synthetic
2026-06-08,session-00014,mannstaedt-demo-002,web,0,mobile,DE-NW,106,4,3,1,synthetic
2026-06-13,session-00015,mannstaedt-demo-002,qr,1,desktop,DE-BY,117,2,0,0,synthetic
2026-05-03,session-00016,mannstaedt-demo-002,qr,1,mobile,NL-NH,154,2,0,0,synthetic
2026-08-03,session-00017,gmh-gruppe-sn-00000006-c0a7c1a5,qr,1,mobile,DE-BE,151,2,0,0,synthetic
2026-08-14,session-00018,mannstaedt-demo-003,qr,1,desktop,DE-BY,117,6,2,1,synthetic
2026-08-04,session-00019,gmh-gruppe-sn-00000006-c0a7c1a5,qr,1,tablet,NL-NH,184,2,0,0,synthetic
2026-08-02,session-00020,mannstaedt-demo-002,qr,1,desktop,BE-VLG,92,2,1,1,synthetic
2026-05-18,session-00021,gmh-gruppe-sn-00000006-c0a7c1a5,web,0,desktop,DE-BY,28,3,2,1,synthetic
2026-06-26,session-00022,gmh-gruppe-sn-00000006-c0a7c1a5,web,0,desktop,DE-NW,113,4,0,0,synthetic
2026-05-20,session-00023,gmh-gruppe-sn-00000006-c0a7c1a5,qr,1,desktop,NL-NH,223,5,1,1,synthetic
2026-08-16,session-00024,gmh-gruppe-sn-00000006-c0a7c1a5,web,0,desktop,DE-BY,54,3,0,0,synthetic
2026-07-09,session-00025,mannstaedt-demo-002,qr,1,desktop,BE-VLG,240,1,3,1,synthetic
2026-05-25,session-00026,mannstaedt-demo-003,qr,1,desktop,BE-VLG,129,2,3,1,synthetic
2026-05-08,session-00027,gmh-gruppe-sn-00000006-c0a7c1a5,qr,1,desktop,DE-BE,116,4,2,1,synthetic
2026-08-24,session-00028,gmh-gruppe-sn-00000006-c0a7c1a5,qr,1,mobile,DE-BY,75,2,0,0,synthetic
2026-05-14,session-00029,mannstaedt-demo-002,web,0,desktop,DE-NW,92,5,0,0,synthetic
2026-06-12,session-00030,gmh-gruppe-sn-00000006-c0a7c1a5,web,0,desktop,DE-BE,81,1,0,0,synthetic
2026-05-22,session-00031,gmh-gruppe-sn-00000006-c0a7c1a5,qr,1,desktop,DE-BE,95,5,2,1,synthetic
2026-07-09,session-00032,gmh-gruppe-sn-00000006-c0a7c1a5,web,0,mobile,DE-BY,77,2,0,0,synthetic
2026-08-13,session-00033,gmh-gruppe-sn-00000006-c0a7c1a5,web,0,desktop,BE-VLG,144,1,0,0,synthetic
2026-07-19,session-00034,gmh-gruppe-sn-00000006-c0a7c1a5,qr,1,tablet,DE-NW,138,4,0,0,synthetic
2026-08-13,session-00035,gmh-gruppe-sn-00000006-c0a7c1a5,qr,1,mobile,DE-NW,123,5,2,1,synthetic
2026-08-02,session-00036,mannstaedt-demo-002,web,0,desktop,DE-NW,105,3,2,1,synthetic
2026-06-10,session-00037,gmh-gruppe-sn-00000006-c0a7c1a5,qr,1,desktop,DE-NW,104,6,0,0,synthetic
2026-08-30,session-00038,gmh-gruppe-sn-00000006-c0a7c1a5,qr,1,mobile,BE-VLG,182,1,0,0,synthetic
2026-07-22,session-00039,gmh-gruppe-sn-00000006-c0a7c1a5,web,0,desktop,BE-VLG,91,2,0,0,synthetic
2026-06-29,session-00040,gmh-gruppe-sn-00000006-c0a7c1a5,web,0,desktop,NL-NH,80,1,0,0,synthetic
2026-08-17,session-00041,mannstaedt-demo-002,qr,1,desktop,DE-BE,146,2,1,1,synthetic
2026-05-21,session-00042,gmh-gruppe-sn-00000006-c0a7c1a5,qr,1,mobile,DE-NW,5,3,0,0,synthetic
2026-08-15,session-00043,gmh-gruppe-sn-00000006-c0a7c1a5,qr,1,desktop,BE-VLG,105,5,1,1,synthetic
2026-08-01,session-00044,gmh-gruppe-sn-00000006-c0a7c1a5,web,0,mobile,DE-BE,93,3,1,1,synthetic
2026-06-18,session-00045,gmh-gruppe-sn-00000006-c0a7c1a5,qr,1,mobile,BE-VLG,124,3,0,0,synthetic
2026-06-03,session-00046,gmh-gruppe-sn-00000006-c0a7c1a5,web,0,desktop,NL-NH,88,1,3,1,synthetic
2026-06-06,session-00047,gmh-gruppe-sn-00000006-c0a7c1a5,qr,1,desktop,NL-NH,124,3,2,1,synthetic
2026-06-08,session-00048,gmh-gruppe-sn-00000006-c0a7c1a5,qr,1,desktop,DE-BE,125,5,2,1,synthetic
2026-07-21,session-00049,mannstaedt-demo-003,qr,1,mobile,BE-VLG,136,5,3,1,synthetic
2026-05-08,session-00050,gmh-gruppe-sn-00000006-c0a7c1a5,web,0,desktop,DE-NW,92,1,0,0,synthetic
2026-08-26,session-00051,gmh-gruppe-sn-00000006-c0a7c1a5,web,0,mobile,DE-NW,109,1,0,0,synthetic
2026-07-05,session-00052,gmh-gruppe-sn-00000006-c0a7c1a5,web,0,mobile,BE-VLG,92,3,3,1,synthetic
2026-07-08,session-00053,mannstaedt-demo-003,qr,1,desktop,DE-BE,66,4,3,1,synthetic
2026-08-17,session-00054,gmh-gruppe-sn-00000006-c0a7c1a5,qr,1,desktop,NL-NH,67,1,0,0,synthetic
2026-05-26,session-00055,gmh-gruppe-sn-00000006-c0a7c1a5,qr,1,mobile,DE-BY,74,6,3,1,synthetic
2026-07-10,session-00056,mannstaedt-demo-002,qr,1,mobile,DE-BY,201,5,2,1,synthetic
2026-07-07,session-00057,gmh-gruppe-sn-00000006-c0a7c1a5,qr,1,mobile,DE-NW,75,2,0,0,synthetic
2026-07-29,session-00058,gmh-gruppe-sn-00000006-c0a7c1a5,qr,1,mobile,DE-BE,121,6,0,0,synthetic
2026-08-14,session-00059,mannstaedt-demo-003,qr,1,mobile,DE-BE,54,4,2,1,synthetic
2026-08-10,session-00060,mannstaedt-demo-003,qr,1,tablet,BE-VLG,133,2,0,0,synthetic
2026-06-30,session-00061,gmh-gruppe-sn-00000006-c0a7c1a5,web,0,mobile,DE-BY,95,1,0,0,synthetic
2026-05-05,session-00062,mannstaedt-demo-002,web,0,mobile,NL-NH,84,3,0,0,synthetic
2026-08-05,session-00063,mannstaedt-demo-003,web,0,desktop,NL-NH,126,2,0,0,synthetic
2026-06-22,session-00064,gmh-gruppe-sn-00000006-c0a7c1a5,qr,1,mobile,DE-BE,101,1,0,0,synthetic
2026-06-21,session-00065,gmh-gruppe-sn-00000006-c0a7c1a5,web,0,mobile,DE-BE,62,1,0,0,synthetic
2026-09-07,session-00066,mannstaedt-demo-003,web,0,mobile,DE-NW,145,1,2,1,synthetic
2026-06-15,session-00067,gmh-gruppe-sn-00000006-c0a7c1a5,qr,1,desktop,DE-BY,164,6,3,1,synthetic
2026-08-27,session-00068,gmh-gruppe-sn-00000006-c0a7c1a5,qr,1,mobile,DE-BY,77,2,0,0,synthetic
2026-07-16,session-00069,mannstaedt-demo-002,qr,1,mobile,DE-BY,146,6,3,1,synthetic
2026-06-11,session-00070,gmh-gruppe-sn-00000006-c0a7c1a5,web,0,tablet,DE-NW,65,1,0,0,synthetic
2026-08-05,session-00071,gmh-gruppe-sn-00000006-c0a7c1a5,qr,1,desktop,DE-NW,68,2,2,1,synthetic
2026-06-19,session-00072,gmh-gruppe-sn-00000006-c0a7c1a5,qr,1,mobile,DE-BE,100,1,1,1,synthetic
2026-06-23,session-00073,gmh-gruppe-sn-00000006-c0a7c1a5,qr,1,mobile,BE-VLG,39,4,3,1,synthetic
2026-07-02,session-00074,mannstaedt-demo-003,web,0,desktop,NL-NH,31,2,1,1,synthetic
2026-06-11,session-00075,gmh-gruppe-sn-00000006-c0a7c1a5,web,0,desktop,DE-NW,105,1,0,0,synthetic
2026-05-12,session-00076,gmh-gruppe-sn-00000006-c0a7c1a5,qr,1,mobile,DE-BE,151,4,0,0,synthetic
2026-07-12,session-00077,gmh-gruppe-sn-00000006-c0a7c1a5,qr,1,tablet,DE-BE,68,3,0,0,synthetic
2026-07-22,session-00078,gmh-gruppe-sn-00000006-c0a7c1a5,qr,1,desktop,DE-BY,113,4,0,0,synthetic
2026-05-20,session-00079,gmh-gruppe-sn-00000006-c0a7c1a5,qr,1,desktop,DE-BE,127,2,2,1,synthetic
2026-09-07,session-00080,mannstaedt-demo-003,qr,1,desktop,DE-BE,100,2,0,0,synthetic
2026-08-25,session-00081,gmh-gruppe-sn-00000006-c0a7c1a5,qr,1,mobile,BE-VLG,154,3,0,0,synthetic
2026-08-17,session-00082,gmh-gruppe-sn-00000006-c0a7c1a5,qr,1,mobile,DE-BE,104,3,0,0,synthetic
2026-08-03,session-00083,mannstaedt-demo-003,qr,1,desktop,BE-VLG,91,3,1,1,synthetic
2026-08-28,session-00084,gmh-gruppe-sn-00000006-c0a7c1a5,web,0,desktop,BE-VLG,5,4,0,0,synthetic
2026-09-01,session-00085,mannstaedt-demo-003,qr,1,mobile,DE-BE,69,1,0,0,synthetic
2026-06-29,session-00086,mannstaedt-demo-002,web,0,desktop,DE-NW,71,2,0,0,synthetic
2026-06-20,session-00087,gmh-gruppe-sn-00000006-c0a7c1a5,qr,1,tablet,DE-BE,150,2,1,1,synthetic
2026-07-28,session-00088,gmh-gruppe-sn-00000006-c0a7c1a5,qr,1,tablet,NL-NH,107,3,0,0,synthetic
2026-06-01,session-00089,gmh-gruppe-sn-00000006-c0a7c1a5,qr,1,desktop,DE-NW,142,2,1,1,synthetic
2026-05-18,session-00090,mannstaedt-demo-003,web,0,mobile,DE-BY,111,2,3,1,synthetic
2026-06-09,session-00091,gmh-gruppe-sn-00000006-c0a7c1a5,qr,1,desktop,BE-VLG,84,2,0,0,synthetic
2026-08-18,session-00092,gmh-gruppe-sn-00000006-c0a7c1a5,qr,1,mobile,NL-NH,127,4,0,0,synthetic
2026-06-08,session-00093,gmh-gruppe-sn-00000006-c0a7c1a5,qr,1,desktop,DE-NW,127,5,3,1,synthetic
2026-08-02,session-00094,mannstaedt-demo-003,qr,1,desktop,DE-BY,115,5,2,1,synthetic
2026-05-17,session-00095,gmh-gruppe-sn-00000006-c0a7c1a5,web,0,mobile,BE-VLG,97,1,3,1,synthetic
2026-06-19,session-00096,gmh-gruppe-sn-00000006-c0a7c1a5,web,0,desktop,DE-NW,120,2,0,0,synthetic
2026-05-19,session-00097,gmh-gruppe-sn-00000006-c0a7c1a5,web,0,desktop,BE-VLG,93,1,0,0,synthetic
2026-05-08,session-00098,mannstaedt-demo-002,web,0,mobile,NL-NH,136,3,0,0,synthetic
2026-06-06,session-00099,gmh-gruppe-sn-00000006-c0a7c1a5,qr,1,desktop,DE-BY,97,5,0,0,synthetic
2026-07-25,session-00100,gmh-gruppe-sn-00000006-c0a7c1a5,qr,1,tablet,DE-BE,120,2,0,0,synthetic
2026-06-07,session-00101,gmh-gruppe-sn-00000006-c0a7c1a5,web,0,tablet,BE-VLG,56,3,0,0,synthetic
2026-08-25,session-00102,mannstaedt-demo-003,web,0,mobile,DE-BE,106,2,0,0,synthetic
2026-06-03,session-00103,gmh-gruppe-sn-00000006-c0a7c1a5,qr,1,mobile,DE-NW,144,1,0,0,synthetic
2026-08-13,session-00104,gmh-gruppe-sn-00000006-c0a7c1a5,web,0,mobile,DE-NW,36,1,1,1,synthetic
2026-06-06,session-00105,gmh-gruppe-sn-00000006-c0a7c1a5,web,0,mobile,NL-NH,5,3,0,0,synthetic
2026-05-27,session-00106,gmh-gruppe-sn-00000006-c0a7c1a5,web,0,desktop,DE-BE,54,5,0,0,synthetic
2026-07-29,session-00107,gmh-gruppe-sn-00000006-c0a7c1a5,qr,1,mobile,BE-VLG,85,6,0,0,synthetic
2026-06-13,session-00108,gmh-gruppe-sn-00000006-c0a7c1a5,qr,1,desktop,DE-BE,175,3,2,1,synthetic
2026-06-29,session-00109,mannstaedt-demo-002,web,0,desktop,NL-NH,32,2,1,1,synthetic
2026-06-24,session-00110,gmh-gruppe-sn-00000006-c0a7c1a5,qr,1,tablet,DE-BY,103,4,0,0,synthetic
2026-09-05,session-00111,gmh-gruppe-sn-00000006-c0a7c1a5,qr,1,desktop,DE-BE,145,4,0,0,synthetic
2026-07-11,session-00112,gmh-gruppe-sn-00000006-c0a7c1a5,web,0,desktop,DE-BY,97,5,2,1,synthetic
2026-05-31,session-00113,mannstaedt-demo-003,web,0,mobile,NL-NH,78,1,1,1,synthetic
2026-07-09,session-00114,gmh-gruppe-sn-00000006-c0a7c1a5,qr,1,desktop,DE-BY,99,1,0,0,synthetic
2026-05-01,session-00115,mannstaedt-demo-003,web,0,desktop,DE-NW,41,2,0,0,synthetic
2026-05-20,session-00116,gmh-gruppe-sn-00000006-c0a7c1a5,web,0,desktop,DE-BY,75,2,3,1,synthetic
2026-07-24,session-00117,gmh-gruppe-sn-00000006-c0a7c1a5,qr,1,desktop,NL-NH,155,4,3,1,synthetic
2026-06-21,session-00118,gmh-gruppe-sn-00000006-c0a7c1a5,web,0,tablet,BE-VLG,29,3,0,0,synthetic
2026-08-22,session-00119,gmh-gruppe-sn-00000006-c0a7c1a5,web,0,mobile,DE-BE,31,2,0,0,synthetic
2026-05-04,session-00120,gmh-gruppe-sn-00000006-c0a7c1a5,web,0,mobile,DE-NW,90,3,2,1,synthetic
2026-05-02,session-00121,gmh-gruppe-sn-00000006-c0a7c1a5,web,0,mobile,DE-BY,69,3,2,1,synthetic
2026-07-16,session-00122,gmh-gruppe-sn-00000006-c0a7c1a5,qr,1,mobile,DE-NW,50,2,0,0,synthetic
2026-05-28,session-00123,gmh-gruppe-sn-00000006-c0a7c1a5,qr,1,desktop,DE-BY,123,4,1,1,synthetic
2026-05-07,session-00124,mannstaedt-demo-003,qr,1,desktop,DE-NW,108,3,0,0,synthetic
2026-05-09,session-00125,mannstaedt-demo-002,web,0,mobile,DE-BY,54,4,0,0,synthetic
2026-08-12,session-00126,gmh-gruppe-sn-00000006-c0a7c1a5,qr,1,desktop,DE-BE,179,4,0,0,synthetic
2026-06-19,session-00127,gmh-gruppe-sn-00000006-c0a7c1a5,web,0,desktop,BE-VLG,111,3,3,1,synthetic
2026-06-14,session-00128,mannstaedt-demo-002,qr,1,desktop,DE-BY,114,3,0,0,synthetic
2026-05-22,session-00129,gmh-gruppe-sn-00000006-c0a7c1a5,web,0,mobile,DE-NW,130,3,3,1,synthetic
2026-08-30,session-00130,mannstaedt-demo-002,qr,1,desktop,NL-NH,12,2,0,0,synthetic
2026-08-30,session-00131,gmh-gruppe-sn-00000006-c0a7c1a5,web,0,desktop,DE-BY,81,2,0,0,synthetic
2026-06-01,session-00132,gmh-gruppe-sn-00000006-c0a7c1a5,web,0,mobile,BE-VLG,38,2,0,0,synthetic
2026-07-05,session-00133,gmh-gruppe-sn-00000006-c0a7c1a5,qr,1,tablet,DE-BE,165,2,0,0,synthetic
2026-05-29,session-00134,mannstaedt-demo-003,qr,1,desktop,BE-VLG,100,3,0,0,synthetic
2026-05-15,session-00135,gmh-gruppe-sn-00000006-c0a7c1a5,qr,1,desktop,DE-BY,123,1,2,1,synthetic
2026-06-14,session-00136,mannstaedt-demo-002,qr,1,tablet,DE-NW,193,3,2,1,synthetic
2026-05-18,session-00137,mannstaedt-demo-003,qr,1,mobile,DE-BE,213,1,0,0,synthetic
2026-07-10,session-00138,mannstaedt-demo-003,web,0,desktop,DE-BY,25,1,0,0,synthetic
2026-08-30,session-00139,gmh-gruppe-sn-00000006-c0a7c1a5,qr,1,mobile,DE-NW,98,1,0,0,synthetic
2026-06-07,session-00140,mannstaedt-demo-003,qr,1,desktop,DE-BY,169,6,2,1,synthetic
2026-07-10,session-00141,gmh-gruppe-sn-00000006-c0a7c1a5,web,0,tablet,DE-BE,62,2,3,1,synthetic
2026-08-03,session-00142,mannstaedt-demo-003,web,0,desktop,DE-NW,131,1,3,1,synthetic
2026-05-27,session-00143,mannstaedt-demo-003,web,0,desktop,DE-BY,21,1,0,0,synthetic
2026-07-07,session-00144,mannstaedt-demo-003,qr,1,desktop,DE-NW,139,6,2,1,synthetic
2026-07-01,session-00145,gmh-gruppe-sn-00000006-c0a7c1a5,qr,1,tablet,DE-BY,100,2,0,0,synthetic
2026-05-23,session-00146,mannstaedt-demo-002,qr,1,desktop,NL-NH,143,2,0,0,synthetic
2026-07-09,session-00147,mannstaedt-demo-003,qr,1,desktop,DE-BE,53,2,0,0,synthetic
2026-06-01,session-00148,mannstaedt-demo-003,web,0,desktop,DE-BY,132,2,0,0,synthetic
2026-08-02,session-00149,gmh-gruppe-sn-00000006-c0a7c1a5,web,0,desktop,NL-NH,162,3,0,0,synthetic
2026-07-31,session-00150,gmh-gruppe-sn-00000006-c0a7c1a5,qr,1,mobile,DE-BY,52,3,2,1,synthetic
2026-07-21,session-00151,gmh-gruppe-sn-00000006-c0a7c1a5,web,0,mobile,NL-NH,19,1,0,0,synthetic
2026-06-05,session-00152,mannstaedt-demo-002,qr,1,mobile,NL-NH,73,2,0,0,synthetic
2026-08-07,session-00153,mannstaedt-demo-002,qr,1,desktop,NL-NH,94,6,2,1,synthetic
2026-05-24,session-00154,gmh-gruppe-sn-00000006-c0a7c1a5,qr,1,desktop,DE-NW,108,2,0,0,synthetic
2026-07-31,session-00155,mannstaedt-demo-002,qr,1,desktop,DE-BY,77,6,2,1,synthetic
2026-07-02,session-00156,gmh-gruppe-sn-00000006-c0a7c1a5,qr,1,desktop,DE-BE,57,1,0,0,synthetic
2026-07-13,session-00157,mannstaedt-demo-003,web,0,tablet,NL-NH,106,2,0,0,synthetic
2026-08-22,session-00158,gmh-gruppe-sn-00000006-c0a7c1a5,qr,1,mobile,NL-NH,39,2,0,0,synthetic
2026-06-08,session-00159,mannstaedt-demo-002,web,0,desktop,NL-NH,69,2,0,0,synthetic
2026-05-23,session-00160,gmh-gruppe-sn-00000006-c0a7c1a5,qr,1,desktop,DE-BY,142,4,0,0,synthetic
2026-09-03,session-00161,mannstaedt-demo-003,qr,1,desktop,DE-BE,125,3,2,1,synthetic
2026-06-13,session-00162,gmh-gruppe-sn-00000006-c0a7c1a5,qr,1,desktop,NL-NH,89,6,0,0,synthetic
2026-05-10,session-00163,gmh-gruppe-sn-00000006-c0a7c1a5,web,0,mobile,DE-BY,123,1,0,0,synthetic
2026-05-31,session-00164,mannstaedt-demo-002,web,0,mobile,DE-BY,85,1,1,1,synthetic
2026-08-31,session-00165,gmh-gruppe-sn-00000006-c0a7c1a5,qr,1,desktop,DE-BE,75,3,0,0,synthetic
2026-08-19,session-00166,gmh-gruppe-sn-00000006-c0a7c1a5,web,0,mobile,DE-NW,115,3,0,0,synthetic
2026-05-30,session-00167,mannstaedt-demo-003,web,0,mobile,BE-VLG,67,4,2,1,synthetic
2026-06-10,session-00168,gmh-gruppe-sn-00000006-c0a7c1a5,qr,1,mobile,DE-BE,78,5,0,0,synthetic
2026-06-28,session-00169,mannstaedt-demo-003,web,0,mobile,BE-VLG,33,3,0,0,synthetic
2026-07-20,session-00170,gmh-gruppe-sn-00000006-c0a7c1a5,qr,1,mobile,BE-VLG,38,5,0,0,synthetic
2026-09-01,session-00171,gmh-gruppe-sn-00000006-c0a7c1a5,qr,1,mobile,DE-NW,165,1,0,0,synthetic
2026-08-06,session-00172,gmh-gruppe-sn-00000006-c0a7c1a5,qr,1,tablet,DE-NW,39,6,2,1,synthetic
2026-05-04,session-00173,mannstaedt-demo-002,web,0,mobile,DE-NW,83,3,0,0,synthetic
2026-07-22,session-00174,gmh-gruppe-sn-00000006-c0a7c1a5,web,0,desktop,BE-VLG,36,3,2,1,synthetic
2026-05-18,session-00175,mannstaedt-demo-003,qr,1,desktop,DE-NW,160,4,0,0,synthetic
2026-06-09,session-00176,gmh-gruppe-sn-00000006-c0a7c1a5,qr,1,mobile,NL-NH,151,3,3,1,synthetic
2026-06-02,session-00177,mannstaedt-demo-003,web,0,desktop,BE-VLG,53,2,0,0,synthetic
2026-07-29,session-00178,gmh-gruppe-sn-00000006-c0a7c1a5,web,0,desktop,BE-VLG,98,3,0,0,synthetic
2026-07-13,session-00179,gmh-gruppe-sn-00000006-c0a7c1a5,web,0,mobile,NL-NH,69,1,0,0,synthetic
2026-05-10,session-00180,mannstaedt-demo-002,qr,1,mobile,NL-NH,89,6,0,0,synthetic
2026-05-31,session-00181,gmh-gruppe-sn-00000006-c0a7c1a5,web,0,desktop,DE-BE,37,3,2,1,synthetic
2026-06-25,session-00182,gmh-gruppe-sn-00000006-c0a7c1a5,qr,1,desktop,DE-BY,96,1,0,0,synthetic
2026-09-04,session-00183,gmh-gruppe-sn-00000006-c0a7c1a5,web,0,desktop,DE-NW,91,3,0,0,synthetic
2026-08-31,session-00184,mannstaedt-demo-003,web,0,mobile,DE-BE,5,1,0,0,synthetic
2026-07-23,session-00185,gmh-gruppe-sn-00000006-c0a7c1a5,web,0,tablet,DE-BE,65,3,0,0,synthetic
2026-05-30,session-00186,mannstaedt-demo-003,qr,1,tablet,DE-BY,99,3,0,0,synthetic
2026-05-23,session-00187,mannstaedt-demo-002,web,0,desktop,DE-BE,40,1,0,0,synthetic
2026-07-09,session-00188,mannstaedt-demo-002,qr,1,desktop,BE-VLG,59,1,0,0,synthetic
2026-05-15,session-00189,gmh-gruppe-sn-00000006-c0a7c1a5,web,0,desktop,DE-NW,93,1,0,0,synthetic
2026-05-14,session-00190,gmh-gruppe-sn-00000006-c0a7c1a5,qr,1,desktop,DE-NW,173,2,2,1,synthetic
2026-08-26,session-00191,gmh-gruppe-sn-00000006-c0a7c1a5,qr,1,desktop,BE-VLG,82,4,1,1,synthetic
2026-08-05,session-00192,mannstaedt-demo-002,qr,1,desktop,DE-BY,114,6,2,1,synthetic
2026-07-18,session-00193,gmh-gruppe-sn-00000006-c0a7c1a5,qr,1,desktop,BE-VLG,130,3,0,0,synthetic
2026-05-30,session-00194,gmh-gruppe-sn-00000006-c0a7c1a5,qr,1,mobile,DE-BE,116,4,0,0,synthetic
2026-09-01,session-00195,gmh-gruppe-sn-00000006-c0a7c1a5,qr,1,mobile,DE-BE,95,2,0,0,synthetic
2026-06-24,session-00196,mannstaedt-demo-003,qr,1,mobile,DE-BE,64,2,0,0,synthetic
2026-06-10,session-00197,mannstaedt-demo-003,web,0,mobile,DE-NW,73,4,0,0,synthetic
2026-05-28,session-00198,gmh-gruppe-sn-00000006-c0a7c1a5,web,0,desktop,DE-BE,40,1,0,0,synthetic
2026-05-12,session-00199,mannstaedt-demo-002,web,0,desktop,DE-BE,83,4,0,0,synthetic
2026-06-13,session-00200,gmh-gruppe-sn-00000006-c0a7c1a5,qr,1,desktop,DE-BY,131,1,0,0,synthetic
2026-05-20,session-00201,gmh-gruppe-sn-00000006-c0a7c1a5,qr,1,mobile,DE-BY,186,2,1,1,synthetic
2026-06-28,session-00202,mannstaedt-demo-002,qr,1,desktop,DE-BY,111,2,0,0,synthetic
2026-08-07,session-00203,mannstaedt-demo-002,qr,1,desktop,DE-BY,134,1,0,0,synthetic
2026-06-02,session-00204,gmh-gruppe-sn-00000006-c0a7c1a5,qr,1,mobile,NL-NH,86,2,0,0,synthetic
2026-07-09,session-00205,gmh-gruppe-sn-00000006-c0a7c1a5,qr,1,tablet,DE-NW,60,5,3,1,synthetic
2026-08-31,session-00206,gmh-gruppe-sn-00000006-c0a7c1a5,qr,1,mobile,DE-NW,131,5,1,1,synthetic
2026-06-23,session-00207,mannstaedt-demo-003,qr,1,mobile,BE-VLG,87,1,0,0,synthetic
2026-07-13,session-00208,gmh-gruppe-sn-00000006-c0a7c1a5,web,0,desktop,DE-BY,86,2,0,0,synthetic
2026-07-24,session-00209,gmh-gruppe-sn-00000006-c0a7c1a5,web,0,mobile,DE-BY,78,1,0,0,synthetic
2026-07-11,session-00210,gmh-gruppe-sn-00000006-c0a7c1a5,qr,1,mobile,DE-NW,136,6,3,1,synthetic
2026-07-09,session-00211,mannstaedt-demo-003,qr,1,mobile,DE-BY,101,1,1,1,synthetic
2026-08-07,session-00212,gmh-gruppe-sn-00000006-c0a7c1a5,qr,1,desktop,DE-BY,52,3,2,1,synthetic
2026-05-04,session-00213,mannstaedt-demo-003,qr,1,mobile,DE-BE,105,6,0,0,synthetic
2026-09-06,session-00214,gmh-gruppe-sn-00000006-c0a7c1a5,web,0,desktop,DE-NW,133,1,0,0,synthetic
2026-08-29,session-00215,gmh-gruppe-sn-00000006-c0a7c1a5,qr,1,mobile,NL-NH,62,1,0,0,synthetic
2026-08-12,session-00216,gmh-gruppe-sn-00000006-c0a7c1a5,qr,1,desktop,DE-BE,98,4,0,0,synthetic
2026-06-04,session-00217,gmh-gruppe-sn-00000006-c0a7c1a5,qr,1,desktop,DE-BY,209,5,0,0,synthetic
2026-07-05,session-00218,gmh-gruppe-sn-00000006-c0a7c1a5,web,0,desktop,BE-VLG,87,3,0,0,synthetic
2026-07-08,session-00219,mannstaedt-demo-002,web,0,desktop,DE-BY,61,2,2,1,synthetic
2026-06-21,session-00220,gmh-gruppe-sn-00000006-c0a7c1a5,web,0,desktop,BE-VLG,44,2,3,1,synthetic
2026-09-07,session-00221,mannstaedt-demo-003,qr,1,mobile,DE-BY,166,3,2,1,synthetic
2026-07-28,session-00222,mannstaedt-demo-003,qr,1,desktop,DE-BE,112,2,0,0,synthetic
2026-05-14,session-00223,mannstaedt-demo-003,web,0,desktop,DE-BY,8,2,0,0,synthetic
2026-08-22,session-00224,gmh-gruppe-sn-00000006-c0a7c1a5,qr,1,desktop,DE-BE,111,2,0,0,synthetic
2026-06-12,session-00225,mannstaedt-demo-002,qr,1,mobile,DE-BY,114,5,3,1,synthetic
2026-07-30,session-00226,gmh-gruppe-sn-00000006-c0a7c1a5,web,0,desktop,DE-NW,75,5,0,0,synthetic
2026-05-13,session-00227,gmh-gruppe-sn-00000006-c0a7c1a5,web,0,mobile,DE-NW,97,3,1,1,synthetic
2026-07-31,session-00228,mannstaedt-demo-003,qr,1,desktop,NL-NH,105,3,0,0,synthetic
2026-05-28,session-00229,mannstaedt-demo-002,qr,1,desktop,DE-BY,76,1,0,0,synthetic
2026-09-06,session-00230,gmh-gruppe-sn-00000006-c0a7c1a5,web,0,desktop,BE-VLG,114,2,0,0,synthetic
2026-07-22,session-00231,gmh-gruppe-sn-00000006-c0a7c1a5,web,0,desktop,BE-VLG,67,2,0,0,synthetic
2026-08-16,session-00232,gmh-gruppe-sn-00000006-c0a7c1a5,web,0,desktop,DE-BE,98,1,0,0,synthetic
2026-06-21,session-00233,gmh-gruppe-sn-00000006-c0a7c1a5,qr,1,desktop,BE-VLG,20,3,0,0,synthetic
2026-05-13,session-00234,gmh-gruppe-sn-00000006-c0a7c1a5,web,0,desktop,NL-NH,14,1,0,0,synthetic
2026-09-01,session-00235,mannstaedt-demo-003,web,0,desktop,DE-BY,46,1,3,1,synthetic
2026-05-08,session-00236,gmh-gruppe-sn-00000006-c0a7c1a5,web,0,desktop,DE-BE,56,3,0,0,synthetic
2026-07-11,session-00237,gmh-gruppe-sn-00000006-c0a7c1a5,qr,1,desktop,DE-NW,126,2,0,0,synthetic
2026-08-24,session-00238,gmh-gruppe-sn-00000006-c0a7c1a5,qr,1,desktop,NL-NH,5,3,0,0,synthetic
2026-06-09,session-00239,gmh-gruppe-sn-00000006-c0a7c1a5,web,0,desktop,DE-BE,56,2,0,0,synthetic
2026-05-20,session-00240,gmh-gruppe-sn-00000006-c0a7c1a5,qr,1,mobile,DE-BY,101,3,3,1,synthetic
2026-06-20,session-00241,mannstaedt-demo-002,qr,1,mobile,DE-BE,118,3,2,1,synthetic
2026-08-30,session-00242,gmh-gruppe-sn-00000006-c0a7c1a5,web,0,tablet,DE-BE,171,1,0,0,synthetic
2026-06-24,session-00243,gmh-gruppe-sn-00000006-c0a7c1a5,qr,1,tablet,NL-NH,104,3,0,0,synthetic
2026-05-17,session-00244,mannstaedt-demo-002,web,0,mobile,DE-NW,16,4,0,0,synthetic
2026-08-16,session-00245,gmh-gruppe-sn-00000006-c0a7c1a5,web,0,tablet,DE-BE,86,2,0,0,synthetic
2026-05-21,session-00246,mannstaedt-demo-002,qr,1,mobile,DE-BY,122,4,2,1,synthetic
2026-08-18,session-00247,gmh-gruppe-sn-00000006-c0a7c1a5,web,0,mobile,DE-BE,134,3,0,0,synthetic
2026-06-08,session-00248,mannstaedt-demo-002,qr,1,mobile,DE-BY,97,1,2,1,synthetic
2026-05-26,session-00249,gmh-gruppe-sn-00000006-c0a7c1a5,qr,1,tablet,DE-BY,41,5,0,0,synthetic
2026-07-05,session-00250,mannstaedt-demo-003,web,0,desktop,DE-NW,77,2,0,0,synthetic
2026-05-07,session-00251,mannstaedt-demo-003,qr,1,desktop,NL-NH,146,1,0,0,synthetic
2026-07-28,session-00252,gmh-gruppe-sn-00000006-c0a7c1a5,web,0,mobile,NL-NH,52,1,0,0,synthetic
2026-07-23,session-00253,gmh-gruppe-sn-00000006-c0a7c1a5,web,0,desktop,DE-NW,45,1,0,0,synthetic
2026-05-30,session-00254,mannstaedt-demo-003,web,0,mobile,DE-BE,97,5,0,0,synthetic
2026-05-20,session-00255,gmh-gruppe-sn-00000006-c0a7c1a5,qr,1,mobile,DE-NW,104,3,0,0,synthetic
2026-06-19,session-00256,gmh-gruppe-sn-00000006-c0a7c1a5,qr,1,tablet,DE-BE,75,5,1,1,synthetic
2026-05-31,session-00257,gmh-gruppe-sn-00000006-c0a7c1a5,qr,1,desktop,DE-BY,151,4,2,1,synthetic
2026-07-25,session-00258,mannstaedt-demo-002,web,0,desktop,NL-NH,129,4,0,0,synthetic
2026-07-12,session-00259,gmh-gruppe-sn-00000006-c0a7c1a5,qr,1,mobile,DE-BY,106,2,0,0,synthetic
2026-05-10,session-00260,gmh-gruppe-sn-00000006-c0a7c1a5,qr,1,mobile,NL-NH,157,2,0,0,synthetic
2026-08-25,session-00261,gmh-gruppe-sn-00000006-c0a7c1a5,web,0,desktop,BE-VLG,73,1,3,1,synthetic
2026-06-30,session-00262,gmh-gruppe-sn-00000006-c0a7c1a5,qr,1,mobile,NL-NH,105,5,0,0,synthetic
2026-07-12,session-00263,mannstaedt-demo-003,web,0,mobile,BE-VLG,138,4,3,1,synthetic
2026-06-01,session-00264,gmh-gruppe-sn-00000006-c0a7c1a5,qr,1,mobile,BE-VLG,127,3,3,1,synthetic
2026-08-01,session-00265,mannstaedt-demo-003,web,0,mobile,NL-NH,112,6,0,0,synthetic
2026-05-09,session-00266,gmh-gruppe-sn-00000006-c0a7c1a5,web,0,desktop,DE-BE,114,2,0,0,synthetic
2026-07-13,session-00267,mannstaedt-demo-003,qr,1,mobile,DE-BY,147,4,1,1,synthetic
2026-07-15,session-00268,mannstaedt-demo-002,qr,1,desktop,NL-NH,79,4,0,0,synthetic
2026-08-15,session-00269,gmh-gruppe-sn-00000006-c0a7c1a5,qr,1,mobile,DE-NW,65,5,1,1,synthetic
2026-08-31,session-00270,gmh-gruppe-sn-00000006-c0a7c1a5,web,0,mobile,DE-BY,71,4,2,1,synthetic
2026-07-23,session-00271,gmh-gruppe-sn-00000006-c0a7c1a5,web,0,desktop,DE-BY,123,3,0,0,synthetic
2026-06-02,session-00272,gmh-gruppe-sn-00000006-c0a7c1a5,qr,1,mobile,DE-BY,94,3,0,0,synthetic
2026-06-16,session-00273,gmh-gruppe-sn-00000006-c0a7c1a5,qr,1,desktop,DE-NW,89,3,0,0,synthetic
2026-07-12,session-00274,mannstaedt-demo-002,qr,1,mobile,DE-BE,154,2,0,0,synthetic
2026-05-23,session-00275,mannstaedt-demo-002,qr,1,desktop,DE-NW,63,6,3,1,synthetic
2026-05-04,session-00276,gmh-gruppe-sn-00000006-c0a7c1a5,web,0,desktop,DE-NW,90,4,0,0,synthetic
2026-07-18,session-00277,gmh-gruppe-sn-00000006-c0a7c1a5,web,0,mobile,DE-BY,81,1,0,0,synthetic
2026-05-29,session-00278,gmh-gruppe-sn-00000006-c0a7c1a5,qr,1,mobile,DE-BY,93,3,0,0,synthetic
2026-05-30,session-00279,gmh-gruppe-sn-00000006-c0a7c1a5,web,0,mobile,BE-VLG,59,4,0,0,synthetic
2026-07-18,session-00280,mannstaedt-demo-002,qr,1,desktop,DE-NW,157,1,0,0,synthetic
2026-05-28,session-00281,gmh-gruppe-sn-00000006-c0a7c1a5,qr,1,desktop,NL-NH,115,5,0,0,synthetic
2026-09-04,session-00282,gmh-gruppe-sn-00000006-c0a7c1a5,web,0,desktop,BE-VLG,48,2,0,0,synthetic
2026-05-27,session-00283,gmh-gruppe-sn-00000006-c0a7c1a5,web,0,mobile,BE-VLG,58,1,0,0,synthetic
2026-06-19,session-00284,gmh-gruppe-sn-00000006-c0a7c1a5,qr,1,desktop,DE-BE,132,1,0,0,synthetic
2026-08-02,session-00285,mannstaedt-demo-002,qr,1,desktop,DE-BY,176,6,1,1,synthetic
2026-06-11,session-00286,gmh-gruppe-sn-00000006-c0a7c1a5,qr,1,desktop,BE-VLG,65,1,0,0,synthetic
2026-05-17,session-00287,gmh-gruppe-sn-00000006-c0a7c1a5,qr,1,desktop,DE-BE,81,3,1,1,synthetic
2026-05-26,session-00288,gmh-gruppe-sn-00000006-c0a7c1a5,qr,1,desktop,DE-NW,40,1,0,0,synthetic
2026-06-21,session-00289,mannstaedt-demo-003,qr,1,desktop,DE-NW,196,4,0,0,synthetic
2026-07-13,session-00290,gmh-gruppe-sn-00000006-c0a7c1a5,qr,1,tablet,DE-BE,163,3,0,0,synthetic
2026-06-21,session-00291,gmh-gruppe-sn-00000006-c0a7c1a5,web,0,desktop,DE-BE,104,1,0,0,synthetic
2026-06-03,session-00292,mannstaedt-demo-003,qr,1,mobile,BE-VLG,107,2,0,0,synthetic
2026-06-03,session-00293,gmh-gruppe-sn-00000006-c0a7c1a5,qr,1,desktop,NL-NH,53,4,3,1,synthetic
2026-05-12,session-00294,gmh-gruppe-sn-00000006-c0a7c1a5,qr,1,desktop,DE-NW,85,2,0,0,synthetic
2026-09-06,session-00295,gmh-gruppe-sn-00000006-c0a7c1a5,web,0,tablet,NL-NH,94,2,0,0,synthetic
2026-08-22,session-00296,mannstaedt-demo-003,qr,1,desktop,DE-BY,80,3,0,0,synthetic
2026-06-02,session-00297,gmh-gruppe-sn-00000006-c0a7c1a5,qr,1,desktop,DE-NW,85,3,0,0,synthetic
2026-07-14,session-00298,mannstaedt-demo-003,web,0,mobile,DE-BY,5,1,0,0,synthetic
2026-08-02,session-00299,gmh-gruppe-sn-00000006-c0a7c1a5,qr,1,desktop,DE-BE,120,5,1,1,synthetic
2026-08-16,session-00300,gmh-gruppe-sn-00000006-c0a7c1a5,qr,1,tablet,NL-NH,157,3,0,0,synthetic
2026-07-25,session-00301,mannstaedt-demo-002,qr,1,desktop,DE-BE,96,6,2,1,synthetic
2026-05-31,session-00302,gmh-gruppe-sn-00000006-c0a7c1a5,qr,1,mobile,DE-BE,133,1,0,0,synthetic
2026-07-01,session-00303,gmh-gruppe-sn-00000006-c0a7c1a5,qr,1,desktop,DE-BE,111,4,3,1,synthetic
2026-07-15,session-00304,mannstaedt-demo-002,qr,1,mobile,NL-NH,124,6,0,0,synthetic
2026-05-04,session-00305,gmh-gruppe-sn-00000006-c0a7c1a5,qr,1,mobile,NL-NH,119,2,0,0,synthetic
2026-05-19,session-00306,gmh-gruppe-sn-00000006-c0a7c1a5,web,0,desktop,DE-BY,45,2,2,1,synthetic
2026-09-03,session-00307,mannstaedt-demo-003,web,0,mobile,DE-NW,57,2,3,1,synthetic
2026-05-30,session-00308,mannstaedt-demo-002,web,0,mobile,DE-NW,112,1,0,0,synthetic
2026-08-12,session-00309,mannstaedt-demo-003,web,0,mobile,BE-VLG,28,1,1,1,synthetic
2026-06-20,session-00310,gmh-gruppe-sn-00000006-c0a7c1a5,qr,1,desktop,BE-VLG,72,5,0,0,synthetic
2026-09-01,session-00311,gmh-gruppe-sn-00000006-c0a7c1a5,qr,1,desktop,DE-BY,166,3,3,1,synthetic
2026-07-24,session-00312,gmh-gruppe-sn-00000006-c0a7c1a5,qr,1,desktop,DE-NW,154,2,0,0,synthetic
2026-08-04,session-00313,gmh-gruppe-sn-00000006-c0a7c1a5,qr,1,mobile,BE-VLG,95,3,0,0,synthetic
2026-05-06,session-00314,mannstaedt-demo-003,qr,1,desktop,DE-BY,71,6,0,0,synthetic
2026-06-09,session-00315,gmh-gruppe-sn-00000006-c0a7c1a5,qr,1,desktop,DE-BY,120,2,0,0,synthetic
2026-05-16,session-00316,gmh-gruppe-sn-00000006-c0a7c1a5,qr,1,mobile,BE-VLG,80,1,3,1,synthetic
2026-07-18,session-00317,mannstaedt-demo-003,web,0,mobile,DE-NW,36,1,0,0,synthetic
2026-08-01,session-00318,mannstaedt-demo-003,qr,1,desktop,DE-NW,115,2,2,1,synthetic
2026-08-31,session-00319,gmh-gruppe-sn-00000006-c0a7c1a5,web,0,desktop,NL-NH,49,1,0,0,synthetic
2026-07-03,session-00320,gmh-gruppe-sn-00000006-c0a7c1a5,web,0,desktop,NL-NH,95,4,0,0,synthetic
2026-07-08,session-00321,gmh-gruppe-sn-00000006-c0a7c1a5,qr,1,desktop,BE-VLG,86,1,0,0,synthetic
2026-09-04,session-00322,mannstaedt-demo-002,qr,1,desktop,NL-NH,74,1,0,0,synthetic
2026-05-10,session-00323,mannstaedt-demo-002,qr,1,mobile,DE-BY,189,3,0,0,synthetic
2026-06-14,session-00324,gmh-gruppe-sn-00000006-c0a7c1a5,qr,1,desktop,DE-BE,44,1,0,0,synthetic
2026-06-01,session-00325,mannstaedt-demo-003,qr,1,desktop,DE-BY,70,2,0,0,synthetic
2026-06-08,session-00326,gmh-gruppe-sn-00000006-c0a7c1a5,web,0,mobile,DE-BY,8,2,1,1,synthetic
2026-08-13,session-00327,gmh-gruppe-sn-00000006-c0a7c1a5,qr,1,desktop,DE-BY,48,2,0,0,synthetic
2026-07-13,session-00328,mannstaedt-demo-003,qr,1,desktop,BE-VLG,104,6,3,1,synthetic
2026-09-02,session-00329,gmh-gruppe-sn-00000006-c0a7c1a5,web,0,desktop,DE-NW,113,2,0,0,synthetic
2026-05-05,session-00330,mannstaedt-demo-002,qr,1,desktop,DE-NW,164,6,0,0,synthetic
2026-07-01,session-00331,mannstaedt-demo-002,qr,1,tablet,DE-BY,137,1,0,0,synthetic
2026-06-11,session-00332,gmh-gruppe-sn-00000006-c0a7c1a5,web,0,tablet,DE-NW,116,1,0,0,synthetic
2026-08-21,session-00333,gmh-gruppe-sn-00000006-c0a7c1a5,qr,1,desktop,DE-NW,131,6,0,0,synthetic
2026-07-02,session-00334,gmh-gruppe-sn-00000006-c0a7c1a5,qr,1,desktop,DE-BY,70,4,0,0,synthetic
2026-06-18,session-00335,gmh-gruppe-sn-00000006-c0a7c1a5,qr,1,mobile,DE-NW,73,3,3,1,synthetic
2026-05-06,session-00336,gmh-gruppe-sn-00000006-c0a7c1a5,qr,1,mobile,DE-BY,188,4,0,0,synthetic
2026-06-16,session-00337,gmh-gruppe-sn-00000006-c0a7c1a5,qr,1,desktop,DE-BE,122,2,0,0,synthetic
2026-07-30,session-00338,gmh-gruppe-sn-00000006-c0a7c1a5,qr,1,mobile,NL-NH,134,6,0,0,synthetic
2026-06-25,session-00339,gmh-gruppe-sn-00000006-c0a7c1a5,qr,1,tablet,DE-BE,116,2,0,0,synthetic
2026-06-27,session-00340,gmh-gruppe-sn-00000006-c0a7c1a5,web,0,desktop,NL-NH,81,1,0,0,synthetic
2026-05-15,session-00341,mannstaedt-demo-002,qr,1,mobile,DE-NW,98,2,0,0,synthetic
2026-08-23,session-00342,gmh-gruppe-sn-00000006-c0a7c1a5,qr,1,mobile,DE-BE,61,2,0,0,synthetic
2026-05-08,session-00343,gmh-gruppe-sn-00000006-c0a7c1a5,web,0,desktop,DE-BY,81,1,0,0,synthetic
2026-07-25,session-00344,gmh-gruppe-sn-00000006-c0a7c1a5,web,0,mobile,NL-NH,5,1,0,0,synthetic
2026-07-13,session-00345,gmh-gruppe-sn-00000006-c0a7c1a5,qr,1,desktop,DE-BE,119,1,0,0,synthetic
2026-05-01,session-00346,mannstaedt-demo-002,web,0,desktop,DE-NW,65,3,3,1,synthetic
2026-05-21,session-00347,mannstaedt-demo-003,web,0,tablet,BE-VLG,83,3,3,1,synthetic
2026-08-06,session-00348,gmh-gruppe-sn-00000006-c0a7c1a5,web,0,mobile,DE-BY,9,3,0,0,synthetic
2026-06-09,session-00349,mannstaedt-demo-003,qr,1,mobile,DE-BE,147,6,3,1,synthetic
2026-07-20,session-00350,mannstaedt-demo-003,qr,1,desktop,DE-BE,18,4,0,0,synthetic
2026-08-26,session-00351,gmh-gruppe-sn-00000006-c0a7c1a5,qr,1,desktop,DE-BE,157,6,0,0,synthetic
2026-06-01,session-00352,gmh-gruppe-sn-00000006-c0a7c1a5,web,0,mobile,BE-VLG,94,4,3,1,synthetic
2026-07-05,session-00353,mannstaedt-demo-002,qr,1,desktop,BE-VLG,154,1,0,0,synthetic
2026-05-20,session-00354,gmh-gruppe-sn-00000006-c0a7c1a5,qr,1,mobile,DE-BY,71,3,0,0,synthetic
2026-08-12,session-00355,gmh-gruppe-sn-00000006-c0a7c1a5,qr,1,desktop,NL-NH,202,4,2,1,synthetic
2026-06-06,session-00356,mannstaedt-demo-003,web,0,mobile,DE-BY,5,4,0,0,synthetic
2026-06-11,session-00357,mannstaedt-demo-002,web,0,mobile,BE-VLG,85,2,0,0,synthetic
2026-06-06,session-00358,gmh-gruppe-sn-00000006-c0a7c1a5,qr,1,mobile,DE-BY,155,3,0,0,synthetic
2026-06-21,session-00359,gmh-gruppe-sn-00000006-c0a7c1a5,web,0,desktop,BE-VLG,68,2,0,0,synthetic
2026-07-01,session-00360,mannstaedt-demo-003,qr,1,tablet,DE-NW,104,3,0,0,synthetic
2026-09-06,session-00361,gmh-gruppe-sn-00000006-c0a7c1a5,web,0,desktop,DE-BY,14,1,0,0,synthetic
2026-06-21,session-00362,gmh-gruppe-sn-00000006-c0a7c1a5,qr,1,mobile,DE-BY,101,2,0,0,synthetic
2026-07-05,session-00363,mannstaedt-demo-002,qr,1,desktop,NL-NH,117,4,3,1,synthetic
2026-09-03,session-00364,gmh-gruppe-sn-00000006-c0a7c1a5,qr,1,desktop,DE-BE,156,3,2,1,synthetic
2026-05-15,session-00365,mannstaedt-demo-002,qr,1,desktop,BE-VLG,53,3,3,1,synthetic
2026-06-10,session-00366,gmh-gruppe-sn-00000006-c0a7c1a5,qr,1,desktop,BE-VLG,106,1,0,0,synthetic
2026-05-11,session-00367,gmh-gruppe-sn-00000006-c0a7c1a5,web,0,mobile,DE-BY,153,1,0,0,synthetic
2026-06-01,session-00368,gmh-gruppe-sn-00000006-c0a7c1a5,qr,1,mobile,NL-NH,85,4,0,0,synthetic
2026-06-08,session-00369,gmh-gruppe-sn-00000006-c0a7c1a5,qr,1,desktop,NL-NH,153,4,0,0,synthetic
2026-07-03,session-00370,gmh-gruppe-sn-00000006-c0a7c1a5,qr,1,mobile,DE-BY,75,1,0,0,synthetic
2026-08-06,session-00371,gmh-gruppe-sn-00000006-c0a7c1a5,web,0,desktop,DE-BE,48,1,0,0,synthetic
2026-07-14,session-00372,mannstaedt-demo-002,qr,1,mobile,NL-NH,200,6,3,1,synthetic
2026-08-02,session-00373,gmh-gruppe-sn-00000006-c0a7c1a5,web,0,tablet,BE-VLG,138,5,0,0,synthetic
2026-05-29,session-00374,gmh-gruppe-sn-00000006-c0a7c1a5,web,0,mobile,DE-BY,102,2,1,1,synthetic
2026-08-02,session-00375,gmh-gruppe-sn-00000006-c0a7c1a5,qr,1,mobile,NL-NH,124,4,1,1,synthetic
2026-06-06,session-00376,mannstaedt-demo-003,web,0,desktop,DE-BY,23,1,0,0,synthetic
2026-08-13,session-00377,gmh-gruppe-sn-00000006-c0a7c1a5,web,0,mobile,DE-NW,96,6,3,1,synthetic
2026-08-07,session-00378,mannstaedt-demo-003,web,0,desktop,DE-BE,48,3,0,0,synthetic
2026-08-17,session-00379,gmh-gruppe-sn-00000006-c0a7c1a5,web,0,desktop,NL-NH,68,4,1,1,synthetic
2026-05-18,session-00380,gmh-gruppe-sn-00000006-c0a7c1a5,qr,1,desktop,DE-NW,130,5,3,1,synthetic
2026-07-13,session-00381,gmh-gruppe-sn-00000006-c0a7c1a5,qr,1,desktop,DE-BY,76,5,0,0,synthetic
2026-06-20,session-00382,mannstaedt-demo-003,qr,1,desktop,DE-NW,33,4,0,0,synthetic
2026-06-12,session-00383,gmh-gruppe-sn-00000006-c0a7c1a5,web,0,desktop,NL-NH,103,5,0,0,synthetic
2026-08-12,session-00384,gmh-gruppe-sn-00000006-c0a7c1a5,qr,1,desktop,DE-BE,136,4,0,0,synthetic
2026-06-25,session-00385,gmh-gruppe-sn-00000006-c0a7c1a5,qr,1,desktop,BE-VLG,159,4,1,1,synthetic
2026-05-19,session-00386,gmh-gruppe-sn-00000006-c0a7c1a5,qr,1,desktop,DE-BY,55,1,0,0,synthetic
2026-05-19,session-00387,mannstaedt-demo-003,qr,1,mobile,DE-NW,142,2,0,0,synthetic
2026-05-12,session-00388,gmh-gruppe-sn-00000006-c0a7c1a5,web,0,desktop,BE-VLG,46,4,0,0,synthetic
2026-08-22,session-00389,mannstaedt-demo-002,qr,1,desktop,DE-NW,86,6,3,1,synthetic
2026-08-21,session-00390,gmh-gruppe-sn-00000006-c0a7c1a5,qr,1,desktop,DE-NW,148,4,0,0,synthetic
2026-06-09,session-00391,mannstaedt-demo-002,qr,1,mobile,DE-BY,103,4,0,0,synthetic
2026-07-09,session-00392,gmh-gruppe-sn-00000006-c0a7c1a5,qr,1,desktop,DE-BY,148,1,2,1,synthetic
2026-06-12,session-00393,gmh-gruppe-sn-00000006-c0a7c1a5,qr,1,mobile,NL-NH,58,6,0,0,synthetic
2026-05-27,session-00394,gmh-gruppe-sn-00000006-c0a7c1a5,web,0,desktop,BE-VLG,96,1,0,0,synthetic
2026-08-30,session-00395,gmh-gruppe-sn-00000006-c0a7c1a5,qr,1,mobile,DE-BY,59,2,0,0,synthetic
2026-08-02,session-00396,gmh-gruppe-sn-00000006-c0a7c1a5,qr,1,desktop,DE-NW,112,2,0,0,synthetic
2026-05-07,session-00397,gmh-gruppe-sn-00000006-c0a7c1a5,qr,1,desktop,DE-BE,138,5,1,1,synthetic
2026-05-31,session-00398,gmh-gruppe-sn-00000006-c0a7c1a5,qr,1,desktop,BE-VLG,62,4,2,1,synthetic
2026-05-09,session-00399,gmh-gruppe-sn-00000006-c0a7c1a5,qr,1,desktop,DE-BE,119,2,0,0,synthetic
2026-06-02,session-00400,gmh-gruppe-sn-00000006-c0a7c1a5,qr,1,desktop,DE-BE,46,2,0,0,synthetic
2026-08-04,session-00401,gmh-gruppe-sn-00000006-c0a7c1a5,web,0,mobile,NL-NH,120,4,1,1,synthetic
2026-06-21,session-00402,mannstaedt-demo-002,qr,1,mobile,DE-BE,21,4,2,1,synthetic
2026-06-14,session-00403,mannstaedt-demo-003,qr,1,mobile,DE-BY,154,6,0,0,synthetic
2026-07-03,session-00404,gmh-gruppe-sn-00000006-c0a7c1a5,web,0,desktop,BE-VLG,15,4,0,0,synthetic
2026-06-22,session-00405,gmh-gruppe-sn-00000006-c0a7c1a5,qr,1,desktop,NL-NH,98,3,2,1,synthetic
2026-06-05,session-00406,mannstaedt-demo-003,web,0,desktop,DE-BE,63,1,2,1,synthetic
2026-07-02,session-00407,gmh-gruppe-sn-00000006-c0a7c1a5,web,0,mobile,DE-NW,84,3,0,0,synthetic
2026-06-27,session-00408,gmh-gruppe-sn-00000006-c0a7c1a5,web,0,mobile,DE-BY,88,1,0,0,synthetic
2026-05-07,session-00409,gmh-gruppe-sn-00000006-c0a7c1a5,web,0,mobile,NL-NH,111,3,0,0,synthetic
2026-06-16,session-00410,mannstaedt-demo-003,qr,1,mobile,BE-VLG,138,4,2,1,synthetic
2026-08-12,session-00411,gmh-gruppe-sn-00000006-c0a7c1a5,web,0,mobile,NL-NH,68,1,0,0,synthetic
2026-07-21,session-00412,gmh-gruppe-sn-00000006-c0a7c1a5,web,0,mobile,DE-NW,53,1,0,0,synthetic
2026-08-12,session-00413,gmh-gruppe-sn-00000006-c0a7c1a5,qr,1,desktop,DE-NW,135,3,0,0,synthetic
2026-05-05,session-00414,gmh-gruppe-sn-00000006-c0a7c1a5,qr,1,desktop,DE-BE,80,2,0,0,synthetic
2026-08-27,session-00415,gmh-gruppe-sn-00000006-c0a7c1a5,qr,1,mobile,DE-NW,102,6,1,1,synthetic
2026-06-14,session-00416,mannstaedt-demo-003,web,0,mobile,NL-NH,113,1,0,0,synthetic
2026-07-03,session-00417,gmh-gruppe-sn-00000006-c0a7c1a5,web,0,desktop,BE-VLG,45,1,0,0,synthetic
2026-09-07,session-00418,gmh-gruppe-sn-00000006-c0a7c1a5,web,0,desktop,DE-BE,96,2,1,1,synthetic
2026-08-13,session-00419,mannstaedt-demo-002,qr,1,mobile,DE-NW,135,1,3,1,synthetic
2026-08-08,session-00420,gmh-gruppe-sn-00000006-c0a7c1a5,qr,1,desktop,NL-NH,78,2,0,0,synthetic
2026-06-03,session-00421,gmh-gruppe-sn-00000006-c0a7c1a5,qr,1,desktop,NL-NH,96,3,0,0,synthetic
2026-06-23,session-00422,mannstaedt-demo-002,web,0,desktop,DE-BY,82,1,2,1,synthetic
2026-06-19,session-00423,mannstaedt-demo-002,web,0,mobile,NL-NH,128,3,0,0,synthetic
2026-07-25,session-00424,gmh-gruppe-sn-00000006-c0a7c1a5,qr,1,desktop,NL-NH,79,3,3,1,synthetic
2026-07-12,session-00425,mannstaedt-demo-003,web,0,desktop,DE-BE,66,3,0,0,synthetic
2026-07-04,session-00426,mannstaedt-demo-003,web,0,mobile,BE-VLG,41,3,0,0,synthetic
2026-08-31,session-00427,gmh-gruppe-sn-00000006-c0a7c1a5,qr,1,mobile,BE-VLG,46,3,0,0,synthetic
2026-09-07,session-00428,gmh-gruppe-sn-00000006-c0a7c1a5,web,0,mobile,DE-BY,96,1,0,0,synthetic
2026-07-07,session-00429,gmh-gruppe-sn-00000006-c0a7c1a5,qr,1,desktop,BE-VLG,124,5,2,1,synthetic
2026-07-11,session-00430,gmh-gruppe-sn-00000006-c0a7c1a5,qr,1,tablet,DE-NW,134,2,0,0,synthetic
2026-07-21,session-00431,gmh-gruppe-sn-00000006-c0a7c1a5,web,0,mobile,DE-NW,136,2,3,1,synthetic
2026-08-24,session-00432,mannstaedt-demo-002,qr,1,mobile,DE-BE,150,2,0,0,synthetic
2026-05-04,session-00433,gmh-gruppe-sn-00000006-c0a7c1a5,qr,1,desktop,BE-VLG,106,2,0,0,synthetic
2026-05-11,session-00434,mannstaedt-demo-002,web,0,tablet,DE-BY,73,2,3,1,synthetic
2026-07-25,session-00435,mannstaedt-demo-003,qr,1,mobile,DE-BY,154,4,0,0,synthetic
2026-07-29,session-00436,gmh-gruppe-sn-00000006-c0a7c1a5,web,0,desktop,DE-BY,56,2,0,0,synthetic
2026-07-01,session-00437,mannstaedt-demo-002,qr,1,mobile,DE-BY,127,1,0,0,synthetic
2026-05-23,session-00438,mannstaedt-demo-002,qr,1,desktop,DE-BY,145,2,0,0,synthetic
2026-07-01,session-00439,gmh-gruppe-sn-00000006-c0a7c1a5,qr,1,mobile,DE-BY,39,3,0,0,synthetic
2026-07-07,session-00440,gmh-gruppe-sn-00000006-c0a7c1a5,web,0,mobile,DE-BE,116,4,1,1,synthetic
2026-07-24,session-00441,gmh-gruppe-sn-00000006-c0a7c1a5,web,0,desktop,DE-NW,76,1,3,1,synthetic
2026-07-06,session-00442,gmh-gruppe-sn-00000006-c0a7c1a5,qr,1,desktop,DE-BE,77,2,2,1,synthetic
2026-06-07,session-00443,mannstaedt-demo-002,qr,1,mobile,DE-NW,30,4,2,1,synthetic
2026-05-06,session-00444,gmh-gruppe-sn-00000006-c0a7c1a5,qr,1,mobile,NL-NH,160,3,0,0,synthetic
2026-08-27,session-00445,gmh-gruppe-sn-00000006-c0a7c1a5,web,0,mobile,BE-VLG,31,1,2,1,synthetic
2026-07-31,session-00446,gmh-gruppe-sn-00000006-c0a7c1a5,qr,1,desktop,BE-VLG,197,1,2,1,synthetic
2026-07-25,session-00447,gmh-gruppe-sn-00000006-c0a7c1a5,web,0,desktop,DE-NW,69,1,0,0,synthetic
2026-08-26,session-00448,mannstaedt-demo-002,web,0,mobile,BE-VLG,5,3,0,0,synthetic
2026-05-31,session-00449,gmh-gruppe-sn-00000006-c0a7c1a5,qr,1,mobile,DE-NW,92,4,1,1,synthetic
2026-09-07,session-00450,mannstaedt-demo-002,qr,1,mobile,DE-BE,112,3,0,0,synthetic
2026-08-12,session-00451,gmh-gruppe-sn-00000006-c0a7c1a5,qr,1,mobile,DE-BE,86,3,2,1,synthetic
2026-06-26,session-00452,gmh-gruppe-sn-00000006-c0a7c1a5,qr,1,mobile,BE-VLG,124,6,1,1,synthetic
2026-07-27,session-00453,gmh-gruppe-sn-00000006-c0a7c1a5,qr,1,mobile,NL-NH,107,3,3,1,synthetic
2026-05-07,session-00454,gmh-gruppe-sn-00000006-c0a7c1a5,qr,1,tablet,NL-NH,124,4,0,0,synthetic
2026-07-04,session-00455,mannstaedt-demo-002,qr,1,mobile,DE-BY,98,1,0,0,synthetic
2026-06-02,session-00456,mannstaedt-demo-002,web,0,desktop,DE-NW,83,2,0,0,synthetic
2026-06-05,session-00457,gmh-gruppe-sn-00000006-c0a7c1a5,qr,1,desktop,DE-NW,219,3,3,1,synthetic
2026-07-16,session-00458,mannstaedt-demo-002,web,0,mobile,DE-NW,103,6,3,1,synthetic
2026-08-03,session-00459,gmh-gruppe-sn-00000006-c0a7c1a5,qr,1,desktop,DE-NW,76,6,3,1,synthetic
2026-08-30,session-00460,mannstaedt-demo-003,qr,1,desktop,BE-VLG,182,3,2,1,synthetic
2026-05-18,session-00461,gmh-gruppe-sn-00000006-c0a7c1a5,qr,1,desktop,NL-NH,146,3,0,0,synthetic
2026-07-06,session-00462,gmh-gruppe-sn-00000006-c0a7c1a5,qr,1,desktop,DE-NW,156,3,1,1,synthetic
2026-05-09,session-00463,gmh-gruppe-sn-00000006-c0a7c1a5,qr,1,desktop,NL-NH,109,1,0,0,synthetic
2026-07-14,session-00464,gmh-gruppe-sn-00000006-c0a7c1a5,web,0,desktop,BE-VLG,5,2,2,1,synthetic
2026-06-24,session-00465,gmh-gruppe-sn-00000006-c0a7c1a5,web,0,mobile,DE-NW,49,3,0,0,synthetic
2026-05-14,session-00466,mannstaedt-demo-003,qr,1,mobile,BE-VLG,96,2,2,1,synthetic
2026-05-05,session-00467,gmh-gruppe-sn-00000006-c0a7c1a5,qr,1,desktop,NL-NH,138,2,0,0,synthetic
2026-06-14,session-00468,gmh-gruppe-sn-00000006-c0a7c1a5,web,0,desktop,NL-NH,91,3,0,0,synthetic
2026-08-12,session-00469,gmh-gruppe-sn-00000006-c0a7c1a5,qr,1,mobile,BE-VLG,167,5,3,1,synthetic
2026-06-08,session-00470,gmh-gruppe-sn-00000006-c0a7c1a5,qr,1,desktop,DE-BE,126,4,1,1,synthetic
2026-06-24,session-00471,gmh-gruppe-sn-00000006-c0a7c1a5,qr,1,desktop,DE-BE,104,2,0,0,synthetic
2026-08-01,session-00472,gmh-gruppe-sn-00000006-c0a7c1a5,qr,1,mobile,BE-VLG,80,5,2,1,synthetic
2026-05-18,session-00473,mannstaedt-demo-002,web,0,desktop,DE-NW,54,1,1,1,synthetic
2026-07-08,session-00474,gmh-gruppe-sn-00000006-c0a7c1a5,qr,1,mobile,DE-BE,56,5,0,0,synthetic
2026-06-22,session-00475,gmh-gruppe-sn-00000006-c0a7c1a5,web,0,mobile,DE-NW,43,2,0,0,synthetic
2026-05-12,session-00476,gmh-gruppe-sn-00000006-c0a7c1a5,qr,1,mobile,DE-BE,116,1,0,0,synthetic
2026-09-01,session-00477,gmh-gruppe-sn-00000006-c0a7c1a5,qr,1,desktop,DE-NW,93,6,0,0,synthetic
2026-06-15,session-00478,gmh-gruppe-sn-00000006-c0a7c1a5,web,0,mobile,DE-NW,85,2,2,1,synthetic
2026-07-02,session-00479,gmh-gruppe-sn-00000006-c0a7c1a5,web,0,mobile,DE-BE,50,4,0,0,synthetic
2026-06-26,session-00480,gmh-gruppe-sn-00000006-c0a7c1a5,qr,1,mobile,DE-BY,126,1,3,1,synthetic
2026-08-02,session-00481,mannstaedt-demo-002,qr,1,mobile,DE-BE,122,4,3,1,synthetic
2026-08-11,session-00482,gmh-gruppe-sn-00000006-c0a7c1a5,web,0,mobile,DE-NW,137,2,1,1,synthetic
2026-08-15,session-00483,gmh-gruppe-sn-00000006-c0a7c1a5,qr,1,mobile,DE-NW,121,3,0,0,synthetic
2026-06-25,session-00484,mannstaedt-demo-002,web,0,desktop,DE-NW,60,1,0,0,synthetic
2026-07-07,session-00485,gmh-gruppe-sn-00000006-c0a7c1a5,web,0,desktop,DE-BE,71,4,2,1,synthetic
2026-05-31,session-00486,gmh-gruppe-sn-00000006-c0a7c1a5,qr,1,mobile,DE-BY,190,3,0,0,synthetic
2026-06-26,session-00487,gmh-gruppe-sn-00000006-c0a7c1a5,qr,1,desktop,DE-BE,164,3,0,0,synthetic
2026-05-20,session-00488,gmh-gruppe-sn-00000006-c0a7c1a5,qr,1,tablet,DE-BY,139,3,0,0,synthetic
2026-05-30,session-00489,gmh-gruppe-sn-00000006-c0a7c1a5,web,0,mobile,NL-NH,86,4,0,0,synthetic
2026-07-04,session-00490,gmh-gruppe-sn-00000006-c0a7c1a5,qr,1,desktop,DE-BY,161,6,2,1,synthetic
2026-08-03,session-00491,gmh-gruppe-sn-00000006-c0a7c1a5,web,0,desktop,DE-BY,24,2,0,0,synthetic
2026-08-21,session-00492,gmh-gruppe-sn-00000006-c0a7c1a5,web,0,desktop,NL-NH,81,3,0,0,synthetic
2026-06-19,session-00493,gmh-gruppe-sn-00000006-c0a7c1a5,qr,1,tablet,DE-NW,144,5,3,1,synthetic
2026-09-05,session-00494,gmh-gruppe-sn-00000006-c0a7c1a5,qr,1,desktop,DE-BE,64,2,0,0,synthetic
2026-08-20,session-00495,gmh-gruppe-sn-00000006-c0a7c1a5,qr,1,desktop,DE-BY,150,1,0,0,synthetic
2026-05-02,session-00496,mannstaedt-demo-003,web,0,desktop,DE-NW,8,2,0,0,synthetic
2026-06-11,session-00497,gmh-gruppe-sn-00000006-c0a7c1a5,web,0,mobile,NL-NH,100,2,1,1,synthetic
2026-05-27,session-00498,mannstaedt-demo-003,qr,1,desktop,BE-VLG,118,3,0,0,synthetic
2026-09-07,session-00499,gmh-gruppe-sn-00000006-c0a7c1a5,qr,1,desktop,DE-BY,122,1,0,0,synthetic
2026-07-24,session-00500,gmh-gruppe-sn-00000006-c0a7c1a5,web,0,mobile,NL-NH,119,2,1,1,synthetic
2026-06-07,session-00501,gmh-gruppe-sn-00000006-c0a7c1a5,qr,1,mobile,DE-BE,89,6,0,0,synthetic
2026-07-18,session-00502,gmh-gruppe-sn-00000006-c0a7c1a5,qr,1,desktop,BE-VLG,126,3,0,0,synthetic
2026-08-19,session-00503,gmh-gruppe-sn-00000006-c0a7c1a5,web,0,desktop,DE-BY,82,2,0,0,synthetic
2026-05-20,session-00504,gmh-gruppe-sn-00000006-c0a7c1a5,qr,1,tablet,BE-VLG,68,2,0,0,synthetic
2026-05-30,session-00505,gmh-gruppe-sn-00000006-c0a7c1a5,qr,1,mobile,DE-BE,126,2,0,0,synthetic
2026-05-08,session-00506,gmh-gruppe-sn-00000006-c0a7c1a5,web,0,desktop,DE-BY,107,2,0,0,synthetic
2026-06-05,session-00507,gmh-gruppe-sn-00000006-c0a7c1a5,qr,1,mobile,DE-BE,137,3,0,0,synthetic
2026-05-20,session-00508,mannstaedt-demo-003,qr,1,mobile,BE-VLG,95,3,0,0,synthetic
2026-06-24,session-00509,mannstaedt-demo-002,qr,1,mobile,BE-VLG,160,2,0,0,synthetic
2026-07-23,session-00510,gmh-gruppe-sn-00000006-c0a7c1a5,web,0,desktop,BE-VLG,85,2,0,0,synthetic
2026-05-22,session-00511,gmh-gruppe-sn-00000006-c0a7c1a5,web,0,desktop,DE-NW,61,1,0,0,synthetic
2026-08-29,session-00512,gmh-gruppe-sn-00000006-c0a7c1a5,web,0,desktop,DE-NW,91,1,0,0,synthetic
2026-06-26,session-00513,gmh-gruppe-sn-00000006-c0a7c1a5,qr,1,mobile,DE-BE,145,4,3,1,synthetic
2026-08-20,session-00514,gmh-gruppe-sn-00000006-c0a7c1a5,web,0,mobile,DE-BY,45,5,1,1,synthetic
2026-07-25,session-00515,gmh-gruppe-sn-00000006-c0a7c1a5,qr,1,desktop,NL-NH,107,3,0,0,synthetic
2026-05-29,session-00516,gmh-gruppe-sn-00000006-c0a7c1a5,web,0,desktop,BE-VLG,6,2,0,0,synthetic
2026-06-23,session-00517,gmh-gruppe-sn-00000006-c0a7c1a5,web,0,mobile,NL-NH,80,1,3,1,synthetic
2026-07-18,session-00518,gmh-gruppe-sn-00000006-c0a7c1a5,qr,1,mobile,DE-NW,113,1,0,0,synthetic
2026-06-14,session-00519,gmh-gruppe-sn-00000006-c0a7c1a5,web,0,desktop,DE-NW,88,3,0,0,synthetic
2026-05-16,session-00520,gmh-gruppe-sn-00000006-c0a7c1a5,web,0,desktop,BE-VLG,76,2,1,1,synthetic
2026-06-29,session-00521,mannstaedt-demo-003,qr,1,desktop,BE-VLG,168,1,1,1,synthetic
2026-05-19,session-00522,gmh-gruppe-sn-00000006-c0a7c1a5,web,0,desktop,BE-VLG,74,1,0,0,synthetic
2026-05-10,session-00523,gmh-gruppe-sn-00000006-c0a7c1a5,qr,1,mobile,DE-NW,70,2,2,1,synthetic
2026-05-26,session-00524,gmh-gruppe-sn-00000006-c0a7c1a5,qr,1,mobile,DE-NW,101,3,0,0,synthetic
2026-08-28,session-00525,gmh-gruppe-sn-00000006-c0a7c1a5,qr,1,desktop,BE-VLG,117,3,1,1,synthetic
2026-07-30,session-00526,gmh-gruppe-sn-00000006-c0a7c1a5,qr,1,desktop,BE-VLG,67,5,0,0,synthetic
2026-06-12,session-00527,gmh-gruppe-sn-00000006-c0a7c1a5,qr,1,mobile,DE-BE,88,6,0,0,synthetic
2026-08-28,session-00528,mannstaedt-demo-002,web,0,desktop,DE-BE,93,3,1,1,synthetic
2026-08-11,session-00529,gmh-gruppe-sn-00000006-c0a7c1a5,qr,1,desktop,DE-BE,155,6,2,1,synthetic
2026-08-05,session-00530,gmh-gruppe-sn-00000006-c0a7c1a5,qr,1,mobile,DE-BE,106,3,2,1,synthetic
2026-06-25,session-00531,gmh-gruppe-sn-00000006-c0a7c1a5,qr,1,desktop,DE-BY,114,1,0,0,synthetic
2026-07-22,session-00532,gmh-gruppe-sn-00000006-c0a7c1a5,qr,1,desktop,DE-BE,57,1,1,1,synthetic
2026-08-28,session-00533,gmh-gruppe-sn-00000006-c0a7c1a5,web,0,desktop,NL-NH,66,2,0,0,synthetic
2026-06-06,session-00534,mannstaedt-demo-002,web,0,mobile,NL-NH,95,1,0,0,synthetic
2026-08-01,session-00535,mannstaedt-demo-002,qr,1,desktop,DE-BE,170,5,0,0,synthetic
2026-06-08,session-00536,gmh-gruppe-sn-00000006-c0a7c1a5,qr,1,desktop,BE-VLG,81,2,0,0,synthetic
2026-07-02,session-00537,mannstaedt-demo-002,web,0,desktop,BE-VLG,106,1,0,0,synthetic
2026-08-16,session-00538,gmh-gruppe-sn-00000006-c0a7c1a5,qr,1,mobile,DE-NW,105,3,0,0,synthetic
2026-08-26,session-00539,mannstaedt-demo-002,qr,1,desktop,NL-NH,133,4,0,0,synthetic
2026-05-01,session-00540,gmh-gruppe-sn-00000006-c0a7c1a5,qr,1,desktop,DE-BE,159,1,0,0,synthetic
2026-06-03,session-00541,gmh-gruppe-sn-00000006-c0a7c1a5,qr,1,desktop,DE-BY,198,2,0,0,synthetic
2026-08-25,session-00542,gmh-gruppe-sn-00000006-c0a7c1a5,web,0,desktop,DE-BY,110,1,0,0,synthetic
2026-06-29,session-00543,gmh-gruppe-sn-00000006-c0a7c1a5,qr,1,desktop,DE-NW,76,1,0,0,synthetic
2026-05-18,session-00544,mannstaedt-demo-003,web,0,mobile,NL-NH,120,3,0,0,synthetic
2026-06-04,session-00545,mannstaedt-demo-003,web,0,desktop,DE-NW,68,2,0,0,synthetic
2026-06-06,session-00546,gmh-gruppe-sn-00000006-c0a7c1a5,qr,1,mobile,BE-VLG,80,1,0,0,synthetic
2026-07-06,session-00547,gmh-gruppe-sn-00000006-c0a7c1a5,qr,1,tablet,NL-NH,127,2,0,0,synthetic
2026-07-22,session-00548,gmh-gruppe-sn-00000006-c0a7c1a5,qr,1,mobile,DE-NW,160,3,0,0,synthetic
2026-07-23,session-00549,gmh-gruppe-sn-00000006-c0a7c1a5,web,0,desktop,DE-NW,73,1,0,0,synthetic
2026-07-25,session-00550,gmh-gruppe-sn-00000006-c0a7c1a5,qr,1,desktop,BE-VLG,22,5,3,1,synthetic
2026-07-26,session-00551,gmh-gruppe-sn-00000006-c0a7c1a5,qr,1,desktop,DE-BE,190,1,3,1,synthetic
2026-08-19,session-00552,gmh-gruppe-sn-00000006-c0a7c1a5,qr,1,desktop,DE-NW,95,3,0,0,synthetic
2026-05-12,session-00553,mannstaedt-demo-003,qr,1,desktop,DE-BE,98,1,0,0,synthetic
2026-07-22,session-00554,gmh-gruppe-sn-00000006-c0a7c1a5,qr,1,desktop,DE-BE,122,5,0,0,synthetic
2026-08-14,session-00555,mannstaedt-demo-002,qr,1,mobile,DE-BE,120,2,0,0,synthetic
2026-07-26,session-00556,gmh-gruppe-sn-00000006-c0a7c1a5,qr,1,mobile,DE-BE,151,5,2,1,synthetic
2026-05-23,session-00557,gmh-gruppe-sn-00000006-c0a7c1a5,web,0,mobile,BE-VLG,48,2,1,1,synthetic
2026-06-04,session-00558,gmh-gruppe-sn-00000006-c0a7c1a5,web,0,desktop,DE-NW,49,2,3,1,synthetic
2026-07-05,session-00559,mannstaedt-demo-003,web,0,desktop,DE-NW,48,4,0,0,synthetic
2026-05-17,session-00560,gmh-gruppe-sn-00000006-c0a7c1a5,web,0,tablet,DE-BY,5,4,0,0,synthetic
2026-07-13,session-00561,gmh-gruppe-sn-00000006-c0a7c1a5,web,0,mobile,DE-NW,131,1,0,0,synthetic
2026-06-23,session-00562,gmh-gruppe-sn-00000006-c0a7c1a5,web,0,mobile,DE-BE,34,2,0,0,synthetic
2026-07-12,session-00563,gmh-gruppe-sn-00000006-c0a7c1a5,qr,1,mobile,DE-BE,146,2,0,0,synthetic
2026-07-21,session-00564,gmh-gruppe-sn-00000006-c0a7c1a5,qr,1,mobile,DE-NW,85,2,0,0,synthetic
2026-07-19,session-00565,gmh-gruppe-sn-00000006-c0a7c1a5,qr,1,desktop,BE-VLG,60,3,0,0,synthetic
2026-06-24,session-00566,gmh-gruppe-sn-00000006-c0a7c1a5,qr,1,mobile,NL-NH,40,1,0,0,synthetic
2026-08-10,session-00567,gmh-gruppe-sn-00000006-c0a7c1a5,web,0,desktop,NL-NH,100,3,0,0,synthetic
2026-07-16,session-00568,gmh-gruppe-sn-00000006-c0a7c1a5,qr,1,desktop,DE-BY,77,6,2,1,synthetic
2026-05-30,session-00569,gmh-gruppe-sn-00000006-c0a7c1a5,web,0,desktop,DE-BE,72,3,0,0,synthetic
2026-08-20,session-00570,gmh-gruppe-sn-00000006-c0a7c1a5,qr,1,desktop,DE-BE,102,3,0,0,synthetic
2026-05-22,session-00571,mannstaedt-demo-003,qr,1,desktop,NL-NH,50,2,3,1,synthetic
2026-08-07,session-00572,mannstaedt-demo-002,qr,1,desktop,BE-VLG,137,5,3,1,synthetic
2026-07-06,session-00573,gmh-gruppe-sn-00000006-c0a7c1a5,web,0,desktop,BE-VLG,81,1,3,1,synthetic
2026-08-24,session-00574,gmh-gruppe-sn-00000006-c0a7c1a5,web,0,mobile,NL-NH,89,1,0,0,synthetic
2026-07-24,session-00575,mannstaedt-demo-003,web,0,mobile,NL-NH,126,5,0,0,synthetic
2026-05-21,session-00576,mannstaedt-demo-003,web,0,desktop,DE-NW,130,1,0,0,synthetic
2026-05-24,session-00577,gmh-gruppe-sn-00000006-c0a7c1a5,web,0,mobile,DE-NW,82,2,1,1,synthetic
2026-06-02,session-00578,gmh-gruppe-sn-00000006-c0a7c1a5,web,0,tablet,BE-VLG,100,2,0,0,synthetic
2026-08-14,session-00579,gmh-gruppe-sn-00000006-c0a7c1a5,web,0,desktop,BE-VLG,118,1,0,0,synthetic
2026-07-26,session-00580,mannstaedt-demo-003,web,0,desktop,DE-BE,117,2,0,0,synthetic
2026-08-14,session-00581,gmh-gruppe-sn-00000006-c0a7c1a5,web,0,mobile,BE-VLG,97,1,3,1,synthetic
2026-08-09,session-00582,gmh-gruppe-sn-00000006-c0a7c1a5,web,0,mobile,NL-NH,64,4,0,0,synthetic
2026-08-26,session-00583,mannstaedt-demo-002,web,0,mobile,DE-BY,63,1,0,0,synthetic
2026-05-09,session-00584,gmh-gruppe-sn-00000006-c0a7c1a5,web,0,mobile,NL-NH,54,2,0,0,synthetic
2026-08-12,session-00585,gmh-gruppe-sn-00000006-c0a7c1a5,web,0,desktop,DE-BE,40,3,2,1,synthetic
2026-08-15,session-00586,gmh-gruppe-sn-00000006-c0a7c1a5,web,0,mobile,DE-BY,5,2,0,0,synthetic
2026-08-31,session-00587,gmh-gruppe-sn-00000006-c0a7c1a5,qr,1,mobile,DE-BY,117,2,0,0,synthetic
2026-07-28,session-00588,gmh-gruppe-sn-00000006-c0a7c1a5,web,0,desktop,BE-VLG,57,4,0,0,synthetic
2026-07-14,session-00589,gmh-gruppe-sn-00000006-c0a7c1a5,web,0,mobile,DE-NW,118,2,2,1,synthetic
2026-07-22,session-00590,gmh-gruppe-sn-00000006-c0a7c1a5,qr,1,desktop,DE-BE,29,3,0,0,synthetic
2026-05-21,session-00591,gmh-gruppe-sn-00000006-c0a7c1a5,qr,1,mobile,NL-NH,76,2,3,1,synthetic
2026-05-16,session-00592,mannstaedt-demo-002,qr,1,mobile,BE-VLG,101,3,1,1,synthetic
2026-08-17,session-00593,gmh-gruppe-sn-00000006-c0a7c1a5,qr,1,desktop,NL-NH,105,3,0,0,synthetic
2026-08-12,session-00594,gmh-gruppe-sn-00000006-c0a7c1a5,qr,1,mobile,DE-BE,168,5,0,0,synthetic
2026-06-05,session-00595,mannstaedt-demo-002,qr,1,mobile,DE-BE,160,1,0,0,synthetic
2026-05-23,session-00596,gmh-gruppe-sn-00000006-c0a7c1a5,qr,1,desktop,DE-BE,119,4,0,0,synthetic
2026-06-02,session-00597,gmh-gruppe-sn-00000006-c0a7c1a5,qr,1,mobile,BE-VLG,84,4,0,0,synthetic
2026-05-05,session-00598,gmh-gruppe-sn-00000006-c0a7c1a5,qr,1,desktop,DE-BY,125,2,2,1,synthetic
2026-09-05,session-00599,gmh-gruppe-sn-00000006-c0a7c1a5,qr,1,mobile,DE-BE,92,4,0,0,synthetic
2026-07-01,session-00600,mannstaedt-demo-002,web,0,desktop,BE-VLG,20,2,0,0,synthetic
2026-06-02,session-00601,gmh-gruppe-sn-00000006-c0a7c1a5,qr,1,mobile,BE-VLG,135,3,0,0,synthetic
2026-07-28,session-00602,gmh-gruppe-sn-00000006-c0a7c1a5,web,0,mobile,BE-VLG,118,4,0,0,synthetic
2026-07-12,session-00603,gmh-gruppe-sn-00000006-c0a7c1a5,qr,1,mobile,DE-NW,169,4,0,0,synthetic
2026-07-10,session-00604,mannstaedt-demo-002,qr,1,desktop,DE-NW,167,6,2,1,synthetic
2026-08-29,session-00605,gmh-gruppe-sn-00000006-c0a7c1a5,qr,1,desktop,DE-NW,98,5,2,1,synthetic
2026-08-12,session-00606,gmh-gruppe-sn-00000006-c0a7c1a5,web,0,tablet,DE-NW,68,1,0,0,synthetic
2026-06-26,session-00607,mannstaedt-demo-002,qr,1,mobile,DE-BE,183,1,3,1,synthetic
2026-05-18,session-00608,gmh-gruppe-sn-00000006-c0a7c1a5,qr,1,mobile,DE-NW,130,2,0,0,synthetic
2026-08-24,session-00609,gmh-gruppe-sn-00000006-c0a7c1a5,qr,1,desktop,DE-NW,150,1,1,1,synthetic
2026-05-14,session-00610,gmh-gruppe-sn-00000006-c0a7c1a5,qr,1,mobile,BE-VLG,57,2,0,0,synthetic
2026-07-25,session-00611,gmh-gruppe-sn-00000006-c0a7c1a5,qr,1,mobile,DE-NW,165,2,1,1,synthetic
2026-07-20,session-00612,gmh-gruppe-sn-00000006-c0a7c1a5,qr,1,tablet,NL-NH,129,3,0,0,synthetic
2026-06-18,session-00613,mannstaedt-demo-003,web,0,desktop,BE-VLG,72,2,0,0,synthetic
2026-09-03,session-00614,mannstaedt-demo-002,qr,1,tablet,DE-BE,101,2,2,1,synthetic
2026-07-05,session-00615,gmh-gruppe-sn-00000006-c0a7c1a5,web,0,desktop,DE-BY,131,1,0,0,synthetic
2026-05-05,session-00616,mannstaedt-demo-002,qr,1,mobile,DE-NW,118,3,1,1,synthetic
2026-06-27,session-00617,gmh-gruppe-sn-00000006-c0a7c1a5,qr,1,desktop,NL-NH,47,6,1,1,synthetic
2026-08-18,session-00618,gmh-gruppe-sn-00000006-c0a7c1a5,qr,1,desktop,DE-BE,112,6,3,1,synthetic
2026-06-14,session-00619,gmh-gruppe-sn-00000006-c0a7c1a5,web,0,tablet,DE-BY,50,4,0,0,synthetic
2026-06-25,session-00620,gmh-gruppe-sn-00000006-c0a7c1a5,qr,1,mobile,DE-BY,73,6,3,1,synthetic
2026-07-09,session-00621,mannstaedt-demo-002,qr,1,desktop,DE-BE,91,5,3,1,synthetic
2026-07-28,session-00622,mannstaedt-demo-002,qr,1,desktop,BE-VLG,116,4,0,0,synthetic
2026-05-05,session-00623,gmh-gruppe-sn-00000006-c0a7c1a5,web,0,desktop,DE-BE,24,1,0,0,synthetic
2026-06-26,session-00624,gmh-gruppe-sn-00000006-c0a7c1a5,qr,1,mobile,DE-NW,44,4,1,1,synthetic
2026-07-20,session-00625,gmh-gruppe-sn-00000006-c0a7c1a5,web,0,mobile,DE-BE,83,1,0,0,synthetic
2026-05-19,session-00626,mannstaedt-demo-003,qr,1,tablet,DE-NW,154,3,1,1,synthetic
2026-08-27,session-00627,gmh-gruppe-sn-00000006-c0a7c1a5,web,0,mobile,BE-VLG,47,2,0,0,synthetic
2026-05-15,session-00628,mannstaedt-demo-002,qr,1,mobile,DE-NW,88,1,0,0,synthetic
2026-05-10,session-00629,gmh-gruppe-sn-00000006-c0a7c1a5,qr,1,mobile,BE-VLG,44,3,0,0,synthetic
2026-05-04,session-00630,mannstaedt-demo-002,qr,1,desktop,DE-BE,143,6,0,0,synthetic
2026-05-12,session-00631,mannstaedt-demo-003,web,0,mobile,NL-NH,123,2,0,0,synthetic
2026-06-06,session-00632,gmh-gruppe-sn-00000006-c0a7c1a5,qr,1,mobile,DE-BE,35,3,0,0,synthetic
2026-08-19,session-00633,gmh-gruppe-sn-00000006-c0a7c1a5,qr,1,mobile,DE-BY,140,3,0,0,synthetic
2026-07-31,session-00634,gmh-gruppe-sn-00000006-c0a7c1a5,qr,1,mobile,NL-NH,75,4,2,1,synthetic
2026-06-29,session-00635,mannstaedt-demo-003,web,0,mobile,DE-NW,77,2,0,0,synthetic
2026-06-24,session-00636,mannstaedt-demo-002,qr,1,mobile,NL-NH,89,4,0,0,synthetic
2026-05-14,session-00637,gmh-gruppe-sn-00000006-c0a7c1a5,qr,1,desktop,DE-BE,101,2,0,0,synthetic
2026-05-31,session-00638,mannstaedt-demo-003,qr,1,mobile,DE-BY,81,3,3,1,synthetic
2026-08-22,session-00639,mannstaedt-demo-003,qr,1,desktop,DE-BE,95,3,3,1,synthetic
2026-08-28,session-00640,gmh-gruppe-sn-00000006-c0a7c1a5,qr,1,desktop,BE-VLG,148,4,0,0,synthetic
2026-07-10,session-00641,gmh-gruppe-sn-00000006-c0a7c1a5,qr,1,desktop,BE-VLG,88,3,0,0,synthetic
2026-05-17,session-00642,gmh-gruppe-sn-00000006-c0a7c1a5,qr,1,mobile,DE-BY,155,2,1,1,synthetic
2026-08-23,session-00643,gmh-gruppe-sn-00000006-c0a7c1a5,web,0,desktop,NL-NH,62,1,2,1,synthetic
2026-06-06,session-00644,gmh-gruppe-sn-00000006-c0a7c1a5,qr,1,desktop,DE-NW,100,3,0,0,synthetic
2026-05-16,session-00645,gmh-gruppe-sn-00000006-c0a7c1a5,qr,1,mobile,DE-BE,12,4,0,0,synthetic
2026-07-06,session-00646,gmh-gruppe-sn-00000006-c0a7c1a5,web,0,mobile,DE-BE,54,2,0,0,synthetic
2026-08-04,session-00647,mannstaedt-demo-002,web,0,mobile,DE-BE,53,3,0,0,synthetic
2026-06-16,session-00648,mannstaedt-demo-003,web,0,tablet,DE-BY,61,3,3,1,synthetic
2026-08-11,session-00649,mannstaedt-demo-002,qr,1,desktop,DE-BE,86,6,0,0,synthetic
2026-06-15,session-00650,gmh-gruppe-sn-00000006-c0a7c1a5,qr,1,mobile,DE-BY,174,1,0,0,synthetic
2026-08-19,session-00651,mannstaedt-demo-003,qr,1,desktop,DE-BY,48,3,0,0,synthetic
2026-07-16,session-00652,mannstaedt-demo-002,qr,1,mobile,BE-VLG,99,2,0,0,synthetic
2026-07-14,session-00653,gmh-gruppe-sn-00000006-c0a7c1a5,web,0,mobile,NL-NH,105,1,1,1,synthetic
2026-05-14,session-00654,gmh-gruppe-sn-00000006-c0a7c1a5,web,0,desktop,DE-BY,76,1,0,0,synthetic
2026-06-25,session-00655,gmh-gruppe-sn-00000006-c0a7c1a5,web,0,desktop,BE-VLG,98,1,0,0,synthetic
2026-08-29,session-00656,mannstaedt-demo-003,web,0,desktop,NL-NH,87,2,0,0,synthetic
2026-05-06,session-00657,gmh-gruppe-sn-00000006-c0a7c1a5,qr,1,mobile,NL-NH,42,1,0,0,synthetic
2026-06-26,session-00658,gmh-gruppe-sn-00000006-c0a7c1a5,qr,1,mobile,BE-VLG,98,2,0,0,synthetic
2026-08-30,session-00659,gmh-gruppe-sn-00000006-c0a7c1a5,qr,1,mobile,NL-NH,101,5,3,1,synthetic
2026-08-07,session-00660,gmh-gruppe-sn-00000006-c0a7c1a5,web,0,tablet,DE-BY,126,1,3,1,synthetic
2026-07-13,session-00661,gmh-gruppe-sn-00000006-c0a7c1a5,web,0,mobile,DE-NW,73,4,3,1,synthetic
2026-06-04,session-00662,gmh-gruppe-sn-00000006-c0a7c1a5,qr,1,desktop,DE-BE,125,2,0,0,synthetic
2026-05-03,session-00663,mannstaedt-demo-002,qr,1,desktop,DE-BY,105,3,0,0,synthetic
2026-05-02,session-00664,mannstaedt-demo-002,web,0,desktop,DE-NW,87,1,0,0,synthetic
2026-06-04,session-00665,gmh-gruppe-sn-00000006-c0a7c1a5,qr,1,mobile,BE-VLG,167,2,0,0,synthetic
2026-07-23,session-00666,gmh-gruppe-sn-00000006-c0a7c1a5,qr,1,mobile,DE-BE,175,2,0,0,synthetic
2026-06-04,session-00667,gmh-gruppe-sn-00000006-c0a7c1a5,qr,1,desktop,NL-NH,85,1,0,0,synthetic
2026-07-21,session-00668,gmh-gruppe-sn-00000006-c0a7c1a5,qr,1,mobile,DE-BE,84,5,3,1,synthetic
2026-08-02,session-00669,gmh-gruppe-sn-00000006-c0a7c1a5,qr,1,mobile,BE-VLG,149,4,2,1,synthetic
2026-07-06,session-00670,gmh-gruppe-sn-00000006-c0a7c1a5,qr,1,mobile,DE-NW,127,1,0,0,synthetic
2026-05-18,session-00671,mannstaedt-demo-002,web,0,mobile,DE-BE,31,4,0,0,synthetic
2026-07-17,session-00672,gmh-gruppe-sn-00000006-c0a7c1a5,qr,1,mobile,BE-VLG,126,2,0,0,synthetic
2026-08-15,session-00673,gmh-gruppe-sn-00000006-c0a7c1a5,qr,1,mobile,DE-BE,57,3,3,1,synthetic
2026-05-20,session-00674,gmh-gruppe-sn-00000006-c0a7c1a5,web,0,desktop,DE-NW,73,5,2,1,synthetic
2026-06-24,session-00675,gmh-gruppe-sn-00000006-c0a7c1a5,qr,1,desktop,DE-NW,102,6,0,0,synthetic
2026-06-20,session-00676,gmh-gruppe-sn-00000006-c0a7c1a5,qr,1,mobile,DE-BY,176,1,3,1,synthetic
2026-09-02,session-00677,gmh-gruppe-sn-00000006-c0a7c1a5,qr,1,mobile,DE-NW,22,1,0,0,synthetic
2026-05-04,session-00678,gmh-gruppe-sn-00000006-c0a7c1a5,web,0,desktop,NL-NH,50,2,1,1,synthetic
2026-07-16,session-00679,gmh-gruppe-sn-00000006-c0a7c1a5,web,0,mobile,NL-NH,36,3,0,0,synthetic
2026-06-11,session-00680,gmh-gruppe-sn-00000006-c0a7c1a5,qr,1,tablet,DE-NW,138,4,0,0,synthetic
2026-07-07,session-00681,gmh-gruppe-sn-00000006-c0a7c1a5,qr,1,mobile,DE-NW,83,5,0,0,synthetic
2026-07-05,session-00682,gmh-gruppe-sn-00000006-c0a7c1a5,qr,1,mobile,BE-VLG,125,5,1,1,synthetic
2026-05-12,session-00683,gmh-gruppe-sn-00000006-c0a7c1a5,qr,1,mobile,BE-VLG,84,1,0,0,synthetic
2026-06-21,session-00684,gmh-gruppe-sn-00000006-c0a7c1a5,web,0,desktop,DE-NW,106,3,0,0,synthetic
2026-06-18,session-00685,gmh-gruppe-sn-00000006-c0a7c1a5,qr,1,mobile,DE-BE,198,4,1,1,synthetic
2026-05-08,session-00686,mannstaedt-demo-002,web,0,tablet,BE-VLG,30,3,3,1,synthetic
2026-05-11,session-00687,mannstaedt-demo-003,qr,1,tablet,DE-BE,41,2,0,0,synthetic
2026-08-12,session-00688,gmh-gruppe-sn-00000006-c0a7c1a5,qr,1,desktop,DE-BY,98,2,0,0,synthetic
2026-06-09,session-00689,gmh-gruppe-sn-00000006-c0a7c1a5,qr,1,desktop,DE-BY,152,4,3,1,synthetic
2026-05-04,session-00690,gmh-gruppe-sn-00000006-c0a7c1a5,qr,1,mobile,BE-VLG,91,5,0,0,synthetic
2026-05-15,session-00691,gmh-gruppe-sn-00000006-c0a7c1a5,web,0,mobile,DE-BE,21,1,0,0,synthetic
2026-06-11,session-00692,gmh-gruppe-sn-00000006-c0a7c1a5,qr,1,mobile,DE-BE,105,6,0,0,synthetic
2026-09-01,session-00693,mannstaedt-demo-002,qr,1,mobile,DE-BE,104,3,0,0,synthetic
2026-08-05,session-00694,gmh-gruppe-sn-00000006-c0a7c1a5,web,0,desktop,DE-BE,97,2,0,0,synthetic
2026-07-06,session-00695,gmh-gruppe-sn-00000006-c0a7c1a5,qr,1,mobile,BE-VLG,96,3,2,1,synthetic
2026-06-04,session-00696,gmh-gruppe-sn-00000006-c0a7c1a5,qr,1,mobile,NL-NH,111,6,0,0,synthetic
2026-06-25,session-00697,gmh-gruppe-sn-00000006-c0a7c1a5,qr,1,desktop,NL-NH,30,3,0,0,synthetic
2026-07-26,session-00698,gmh-gruppe-sn-00000006-c0a7c1a5,qr,1,mobile,DE-NW,196,3,0,0,synthetic
2026-06-08,session-00699,gmh-gruppe-sn-00000006-c0a7c1a5,qr,1,mobile,DE-BE,89,6,0,0,synthetic
2026-08-13,session-00700,gmh-gruppe-sn-00000006-c0a7c1a5,qr,1,desktop,DE-NW,116,6,1,1,synthetic
2026-07-08,session-00701,gmh-gruppe-sn-00000006-c0a7c1a5,web,0,desktop,BE-VLG,75,1,0,0,synthetic
2026-08-14,session-00702,mannstaedt-demo-003,qr,1,mobile,NL-NH,107,1,1,1,synthetic
2026-05-05,session-00703,gmh-gruppe-sn-00000006-c0a7c1a5,web,0,tablet,DE-BE,121,1,0,0,synthetic
2026-05-11,session-00704,gmh-gruppe-sn-00000006-c0a7c1a5,qr,1,mobile,DE-BY,64,1,2,1,synthetic
2026-07-21,session-00705,mannstaedt-demo-003,qr,1,mobile,DE-BY,131,1,3,1,synthetic
2026-05-13,session-00706,gmh-gruppe-sn-00000006-c0a7c1a5,web,0,desktop,BE-VLG,67,2,0,0,synthetic
2026-09-06,session-00707,mannstaedt-demo-003,qr,1,desktop,DE-BE,99,2,1,1,synthetic
2026-06-05,session-00708,mannstaedt-demo-002,qr,1,desktop,DE-NW,93,4,0,0,synthetic
2026-08-14,session-00709,mannstaedt-demo-003,web,0,desktop,BE-VLG,126,5,0,0,synthetic
2026-05-30,session-00710,gmh-gruppe-sn-00000006-c0a7c1a5,web,0,desktop,DE-NW,156,4,1,1,synthetic
2026-06-07,session-00711,gmh-gruppe-sn-00000006-c0a7c1a5,qr,1,desktop,DE-BY,108,1,0,0,synthetic
2026-06-16,session-00712,gmh-gruppe-sn-00000006-c0a7c1a5,web,0,mobile,DE-NW,79,6,0,0,synthetic
2026-08-24,session-00713,gmh-gruppe-sn-00000006-c0a7c1a5,web,0,desktop,DE-BY,120,3,0,0,synthetic
2026-08-18,session-00714,gmh-gruppe-sn-00000006-c0a7c1a5,qr,1,desktop,BE-VLG,108,3,1,1,synthetic
2026-08-01,session-00715,mannstaedt-demo-002,qr,1,desktop,DE-BY,174,6,0,0,synthetic
2026-08-01,session-00716,mannstaedt-demo-002,web,0,mobile,BE-VLG,14,2,0,0,synthetic
2026-08-14,session-00717,mannstaedt-demo-003,qr,1,mobile,DE-BE,80,3,0,0,synthetic
2026-08-12,session-00718,gmh-gruppe-sn-00000006-c0a7c1a5,qr,1,mobile,DE-NW,113,3,2,1,synthetic
2026-08-18,session-00719,gmh-gruppe-sn-00000006-c0a7c1a5,web,0,desktop,DE-BE,62,1,2,1,synthetic
2026-07-25,session-00720,gmh-gruppe-sn-00000006-c0a7c1a5,qr,1,desktop,NL-NH,131,5,2,1,synthetic
2026-08-23,session-00721,gmh-gruppe-sn-00000006-c0a7c1a5,web,0,mobile,DE-NW,65,1,2,1,synthetic
2026-07-21,session-00722,gmh-gruppe-sn-00000006-c0a7c1a5,qr,1,mobile,BE-VLG,135,2,2,1,synthetic
2026-05-25,session-00723,gmh-gruppe-sn-00000006-c0a7c1a5,qr,1,desktop,DE-NW,116,2,3,1,synthetic
2026-05-25,session-00724,gmh-gruppe-sn-00000006-c0a7c1a5,web,0,desktop,DE-NW,6,4,0,0,synthetic
2026-05-29,session-00725,mannstaedt-demo-002,qr,1,desktop,DE-BE,152,6,0,0,synthetic
2026-07-31,session-00726,gmh-gruppe-sn-00000006-c0a7c1a5,qr,1,mobile,NL-NH,125,1,0,0,synthetic
2026-05-07,session-00727,gmh-gruppe-sn-00000006-c0a7c1a5,web,0,mobile,DE-BY,50,3,0,0,synthetic
2026-05-03,session-00728,mannstaedt-demo-002,web,0,desktop,BE-VLG,73,4,1,1,synthetic
2026-08-03,session-00729,mannstaedt-demo-003,qr,1,tablet,DE-NW,136,2,0,0,synthetic
2026-05-27,session-00730,gmh-gruppe-sn-00000006-c0a7c1a5,web,0,desktop,DE-BY,31,1,0,0,synthetic
2026-06-21,session-00731,mannstaedt-demo-003,qr,1,mobile,NL-NH,133,2,0,0,synthetic
2026-08-09,session-00732,gmh-gruppe-sn-00000006-c0a7c1a5,qr,1,desktop,DE-NW,94,2,0,0,synthetic
2026-05-04,session-00733,gmh-gruppe-sn-00000006-c0a7c1a5,qr,1,desktop,BE-VLG,150,5,2,1,synthetic
2026-06-25,session-00734,gmh-gruppe-sn-00000006-c0a7c1a5,qr,1,mobile,DE-BE,119,3,0,0,synthetic
2026-06-16,session-00735,gmh-gruppe-sn-00000006-c0a7c1a5,qr,1,desktop,NL-NH,139,3,3,1,synthetic
2026-05-11,session-00736,gmh-gruppe-sn-00000006-c0a7c1a5,qr,1,tablet,DE-NW,129,2,1,1,synthetic
2026-07-25,session-00737,mannstaedt-demo-002,qr,1,mobile,NL-NH,82,1,0,0,synthetic
2026-08-25,session-00738,mannstaedt-demo-002,web,0,mobile,DE-BE,48,2,1,1,synthetic
2026-09-02,session-00739,gmh-gruppe-sn-00000006-c0a7c1a5,qr,1,desktop,BE-VLG,113,2,0,0,synthetic
2026-06-24,session-00740,gmh-gruppe-sn-00000006-c0a7c1a5,qr,1,desktop,DE-BE,117,1,1,1,synthetic
2026-08-04,session-00741,gmh-gruppe-sn-00000006-c0a7c1a5,web,0,mobile,DE-BE,99,1,0,0,synthetic
2026-06-20,session-00742,gmh-gruppe-sn-00000006-c0a7c1a5,qr,1,desktop,DE-NW,67,3,0,0,synthetic
2026-09-02,session-00743,mannstaedt-demo-003,web,0,mobile,DE-BE,144,1,1,1,synthetic
2026-07-08,session-00744,mannstaedt-demo-002,qr,1,mobile,DE-NW,131,6,3,1,synthetic
2026-05-02,session-00745,gmh-gruppe-sn-00000006-c0a7c1a5,qr,1,desktop,DE-BE,63,4,0,0,synthetic
2026-06-16,session-00746,gmh-gruppe-sn-00000006-c0a7c1a5,web,0,desktop,DE-BE,145,2,0,0,synthetic
2026-07-01,session-00747,gmh-gruppe-sn-00000006-c0a7c1a5,qr,1,mobile,NL-NH,98,2,0,0,synthetic
2026-08-13,session-00748,gmh-gruppe-sn-00000006-c0a7c1a5,web,0,desktop,NL-NH,59,2,0,0,synthetic
2026-05-28,session-00749,gmh-gruppe-sn-00000006-c0a7c1a5,qr,1,desktop,DE-BE,122,6,0,0,synthetic
2026-07-07,session-00750,gmh-gruppe-sn-00000006-c0a7c1a5,qr,1,desktop,DE-BE,28,5,0,0,synthetic
2026-05-21,session-00751,mannstaedt-demo-002,web,0,desktop,DE-NW,68,5,0,0,synthetic
2026-07-05,session-00752,gmh-gruppe-sn-00000006-c0a7c1a5,qr,1,mobile,DE-BY,161,4,1,1,synthetic
2026-07-10,session-00753,gmh-gruppe-sn-00000006-c0a7c1a5,qr,1,desktop,DE-BY,54,3,3,1,synthetic
2026-05-12,session-00754,mannstaedt-demo-003,qr,1,desktop,DE-BY,105,2,0,0,synthetic
2026-06-13,session-00755,gmh-gruppe-sn-00000006-c0a7c1a5,qr,1,mobile,DE-BY,84,1,3,1,synthetic
2026-07-27,session-00756,gmh-gruppe-sn-00000006-c0a7c1a5,web,0,mobile,DE-NW,126,3,0,0,synthetic
2026-06-03,session-00757,gmh-gruppe-sn-00000006-c0a7c1a5,web,0,desktop,BE-VLG,23,2,0,0,synthetic
2026-05-18,session-00758,mannstaedt-demo-003,web,0,mobile,BE-VLG,82,1,0,0,synthetic
2026-07-09,session-00759,gmh-gruppe-sn-00000006-c0a7c1a5,qr,1,desktop,BE-VLG,110,3,2,1,synthetic
2026-09-07,session-00760,mannstaedt-demo-003,qr,1,desktop,DE-NW,24,5,0,0,synthetic
2026-06-18,session-00761,gmh-gruppe-sn-00000006-c0a7c1a5,web,0,tablet,DE-NW,63,2,0,0,synthetic
2026-07-06,session-00762,gmh-gruppe-sn-00000006-c0a7c1a5,web,0,mobile,DE-NW,62,2,0,0,synthetic
2026-08-05,session-00763,mannstaedt-demo-002,web,0,mobile,DE-BE,115,1,1,1,synthetic
2026-05-22,session-00764,mannstaedt-demo-002,web,0,desktop,BE-VLG,70,3,3,1,synthetic
2026-07-04,session-00765,gmh-gruppe-sn-00000006-c0a7c1a5,web,0,mobile,DE-BE,87,3,2,1,synthetic
2026-06-14,session-00766,mannstaedt-demo-002,qr,1,mobile,DE-BY,38,1,0,0,synthetic
2026-05-27,session-00767,gmh-gruppe-sn-00000006-c0a7c1a5,web,0,mobile,NL-NH,50,4,0,0,synthetic
2026-08-12,session-00768,gmh-gruppe-sn-00000006-c0a7c1a5,qr,1,mobile,NL-NH,5,3,0,0,synthetic
2026-06-05,session-00769,mannstaedt-demo-003,web,0,mobile,DE-BY,5,3,0,0,synthetic
2026-08-05,session-00770,gmh-gruppe-sn-00000006-c0a7c1a5,web,0,desktop,DE-BE,72,1,0,0,synthetic
2026-06-08,session-00771,gmh-gruppe-sn-00000006-c0a7c1a5,qr,1,mobile,DE-BE,55,3,0,0,synthetic
2026-08-09,session-00772,gmh-gruppe-sn-00000006-c0a7c1a5,qr,1,desktop,DE-BE,126,3,3,1,synthetic
2026-05-06,session-00773,gmh-gruppe-sn-00000006-c0a7c1a5,qr,1,mobile,NL-NH,42,2,0,0,synthetic
2026-08-08,session-00774,gmh-gruppe-sn-00000006-c0a7c1a5,qr,1,desktop,DE-BY,92,3,0,0,synthetic
2026-06-04,session-00775,gmh-gruppe-sn-00000006-c0a7c1a5,qr,1,mobile,DE-NW,140,6,2,1,synthetic
2026-07-14,session-00776,mannstaedt-demo-003,web,0,desktop,BE-VLG,19,2,1,1,synthetic
2026-06-15,session-00777,gmh-gruppe-sn-00000006-c0a7c1a5,qr,1,desktop,NL-NH,101,1,0,0,synthetic
2026-08-31,session-00778,gmh-gruppe-sn-00000006-c0a7c1a5,qr,1,tablet,BE-VLG,29,3,3,1,synthetic
2026-06-25,session-00779,mannstaedt-demo-002,qr,1,mobile,BE-VLG,91,4,0,0,synthetic
2026-07-28,session-00780,gmh-gruppe-sn-00000006-c0a7c1a5,qr,1,mobile,DE-BE,85,5,3,1,synthetic
2026-05-26,session-00781,gmh-gruppe-sn-00000006-c0a7c1a5,web,0,desktop,NL-NH,106,3,2,1,synthetic
2026-08-20,session-00782,gmh-gruppe-sn-00000006-c0a7c1a5,web,0,desktop,DE-BE,10,5,2,1,synthetic
2026-06-02,session-00783,gmh-gruppe-sn-00000006-c0a7c1a5,web,0,desktop,BE-VLG,61,3,0,0,synthetic
2026-08-11,session-00784,mannstaedt-demo-002,qr,1,desktop,DE-BY,5,3,0,0,synthetic
2026-06-03,session-00785,gmh-gruppe-sn-00000006-c0a7c1a5,qr,1,desktop,DE-NW,74,5,0,0,synthetic
2026-07-05,session-00786,mannstaedt-demo-002,qr,1,desktop,NL-NH,156,1,3,1,synthetic
2026-08-25,session-00787,gmh-gruppe-sn-00000006-c0a7c1a5,web,0,desktop,DE-BE,51,2,3,1,synthetic
2026-06-03,session-00788,gmh-gruppe-sn-00000006-c0a7c1a5,qr,1,mobile,BE-VLG,132,3,1,1,synthetic
2026-08-04,session-00789,gmh-gruppe-sn-00000006-c0a7c1a5,qr,1,desktop,NL-NH,163,4,3,1,synthetic
2026-06-19,session-00790,mannstaedt-demo-003,web,0,mobile,DE-NW,40,5,0,0,synthetic
2026-05-10,session-00791,mannstaedt-demo-003,web,0,mobile,DE-NW,81,5,0,0,synthetic
2026-06-17,session-00792,mannstaedt-demo-002,qr,1,mobile,NL-NH,66,2,0,0,synthetic
2026-06-21,session-00793,gmh-gruppe-sn-00000006-c0a7c1a5,qr,1,mobile,NL-NH,17,2,0,0,synthetic
2026-06-08,session-00794,gmh-gruppe-sn-00000006-c0a7c1a5,qr,1,desktop,DE-NW,118,4,0,0,synthetic
2026-07-20,session-00795,gmh-gruppe-sn-00000006-c0a7c1a5,web,0,mobile,DE-BY,53,2,3,1,synthetic
2026-06-11,session-00796,gmh-gruppe-sn-00000006-c0a7c1a5,qr,1,desktop,BE-VLG,85,4,2,1,synthetic
2026-07-22,session-00797,mannstaedt-demo-002,qr,1,mobile,NL-NH,99,6,0,0,synthetic
2026-05-02,session-00798,gmh-gruppe-sn-00000006-c0a7c1a5,web,0,mobile,DE-BE,40,1,0,0,synthetic
2026-08-20,session-00799,gmh-gruppe-sn-00000006-c0a7c1a5,qr,1,desktop,DE-BY,48,4,0,0,synthetic
2026-05-18,session-00800,mannstaedt-demo-002,web,0,mobile,DE-BY,5,4,3,1,synthetic
2026-07-06,session-00801,gmh-gruppe-sn-00000006-c0a7c1a5,web,0,desktop,NL-NH,100,3,0,0,synthetic
2026-08-02,session-00802,gmh-gruppe-sn-00000006-c0a7c1a5,web,0,tablet,DE-BY,25,2,3,1,synthetic
2026-08-21,session-00803,mannstaedt-demo-002,qr,1,mobile,BE-VLG,135,4,0,0,synthetic
2026-05-11,session-00804,gmh-gruppe-sn-00000006-c0a7c1a5,web,0,mobile,DE-BE,75,5,0,0,synthetic
2026-07-29,session-00805,gmh-gruppe-sn-00000006-c0a7c1a5,web,0,mobile,DE-NW,72,2,0,0,synthetic
2026-05-31,session-00806,gmh-gruppe-sn-00000006-c0a7c1a5,qr,1,tablet,DE-NW,73,3,2,1,synthetic
2026-07-07,session-00807,gmh-gruppe-sn-00000006-c0a7c1a5,web,0,desktop,BE-VLG,22,1,0,0,synthetic
2026-08-24,session-00808,gmh-gruppe-sn-00000006-c0a7c1a5,qr,1,desktop,BE-VLG,50,1,0,0,synthetic
2026-06-27,session-00809,gmh-gruppe-sn-00000006-c0a7c1a5,web,0,desktop,DE-NW,46,2,0,0,synthetic
2026-05-05,session-00810,gmh-gruppe-sn-00000006-c0a7c1a5,web,0,desktop,NL-NH,10,3,0,0,synthetic
2026-05-22,session-00811,gmh-gruppe-sn-00000006-c0a7c1a5,qr,1,tablet,NL-NH,34,5,0,0,synthetic
2026-05-06,session-00812,gmh-gruppe-sn-00000006-c0a7c1a5,qr,1,mobile,DE-BY,76,6,2,1,synthetic
2026-08-09,session-00813,gmh-gruppe-sn-00000006-c0a7c1a5,qr,1,desktop,DE-BY,167,3,0,0,synthetic
2026-06-03,session-00814,gmh-gruppe-sn-00000006-c0a7c1a5,qr,1,mobile,DE-BY,101,4,2,1,synthetic
2026-07-28,session-00815,gmh-gruppe-sn-00000006-c0a7c1a5,qr,1,desktop,DE-BY,113,4,0,0,synthetic
2026-07-31,session-00816,gmh-gruppe-sn-00000006-c0a7c1a5,qr,1,mobile,NL-NH,119,4,0,0,synthetic
2026-08-24,session-00817,mannstaedt-demo-003,qr,1,desktop,DE-BE,229,4,0,0,synthetic
2026-08-18,session-00818,gmh-gruppe-sn-00000006-c0a7c1a5,qr,1,mobile,BE-VLG,164,1,0,0,synthetic
2026-08-19,session-00819,gmh-gruppe-sn-00000006-c0a7c1a5,qr,1,desktop,DE-BY,128,6,1,1,synthetic
2026-05-09,session-00820,mannstaedt-demo-002,web,0,mobile,DE-NW,39,3,2,1,synthetic
2026-08-13,session-00821,gmh-gruppe-sn-00000006-c0a7c1a5,qr,1,tablet,NL-NH,147,4,0,0,synthetic
2026-06-11,session-00822,gmh-gruppe-sn-00000006-c0a7c1a5,web,0,desktop,DE-BE,88,3,3,1,synthetic
2026-05-10,session-00823,gmh-gruppe-sn-00000006-c0a7c1a5,qr,1,desktop,DE-BE,81,4,0,0,synthetic
2026-06-21,session-00824,mannstaedt-demo-002,qr,1,desktop,DE-NW,81,5,1,1,synthetic
2026-06-20,session-00825,gmh-gruppe-sn-00000006-c0a7c1a5,web,0,mobile,DE-NW,128,3,0,0,synthetic
2026-05-09,session-00826,gmh-gruppe-sn-00000006-c0a7c1a5,qr,1,mobile,DE-BE,137,3,0,0,synthetic
2026-08-31,session-00827,gmh-gruppe-sn-00000006-c0a7c1a5,qr,1,desktop,BE-VLG,81,2,0,0,synthetic
2026-09-07,session-00828,gmh-gruppe-sn-00000006-c0a7c1a5,qr,1,desktop,NL-NH,107,3,0,0,synthetic
2026-08-16,session-00829,gmh-gruppe-sn-00000006-c0a7c1a5,qr,1,desktop,BE-VLG,142,5,3,1,synthetic
2026-05-09,session-00830,gmh-gruppe-sn-00000006-c0a7c1a5,web,0,mobile,NL-NH,125,2,0,0,synthetic
2026-05-28,session-00831,gmh-gruppe-sn-00000006-c0a7c1a5,qr,1,mobile,DE-NW,62,2,1,1,synthetic
2026-05-28,session-00832,mannstaedt-demo-002,web,0,desktop,DE-BE,70,1,1,1,synthetic
2026-05-07,session-00833,gmh-gruppe-sn-00000006-c0a7c1a5,web,0,mobile,NL-NH,88,2,0,0,synthetic
2026-08-13,session-00834,gmh-gruppe-sn-00000006-c0a7c1a5,qr,1,desktop,NL-NH,57,4,3,1,synthetic
2026-06-13,session-00835,gmh-gruppe-sn-00000006-c0a7c1a5,qr,1,desktop,DE-BE,105,5,0,0,synthetic
2026-06-04,session-00836,gmh-gruppe-sn-00000006-c0a7c1a5,qr,1,desktop,DE-NW,55,5,0,0,synthetic
2026-06-24,session-00837,mannstaedt-demo-002,qr,1,mobile,DE-NW,51,3,0,0,synthetic
2026-07-29,session-00838,mannstaedt-demo-002,web,0,desktop,BE-VLG,77,4,1,1,synthetic
2026-08-16,session-00839,gmh-gruppe-sn-00000006-c0a7c1a5,web,0,mobile,DE-NW,94,5,2,1,synthetic
2026-07-13,session-00840,gmh-gruppe-sn-00000006-c0a7c1a5,qr,1,desktop,BE-VLG,105,6,0,0,synthetic
2026-07-28,session-00841,mannstaedt-demo-003,qr,1,desktop,DE-BY,116,2,0,0,synthetic
2026-09-06,session-00842,mannstaedt-demo-003,qr,1,desktop,BE-VLG,102,4,0,0,synthetic
2026-07-01,session-00843,gmh-gruppe-sn-00000006-c0a7c1a5,web,0,mobile,NL-NH,73,3,0,0,synthetic
2026-05-30,session-00844,gmh-gruppe-sn-00000006-c0a7c1a5,qr,1,desktop,BE-VLG,233,4,2,1,synthetic
2026-08-16,session-00845,mannstaedt-demo-003,qr,1,mobile,NL-NH,142,5,0,0,synthetic
2026-08-17,session-00846,gmh-gruppe-sn-00000006-c0a7c1a5,qr,1,desktop,DE-NW,106,1,0,0,synthetic
2026-08-27,session-00847,gmh-gruppe-sn-00000006-c0a7c1a5,qr,1,mobile,DE-BE,124,4,0,0,synthetic
2026-07-28,session-00848,mannstaedt-demo-003,web,0,desktop,DE-NW,51,1,0,0,synthetic
2026-07-13,session-00849,gmh-gruppe-sn-00000006-c0a7c1a5,qr,1,tablet,DE-BE,26,5,2,1,synthetic
2026-09-04,session-00850,gmh-gruppe-sn-00000006-c0a7c1a5,web,0,desktop,BE-VLG,137,1,2,1,synthetic
2026-05-01,session-00851,gmh-gruppe-sn-00000006-c0a7c1a5,qr,1,tablet,BE-VLG,54,6,0,0,synthetic
2026-06-14,session-00852,gmh-gruppe-sn-00000006-c0a7c1a5,web,0,desktop,BE-VLG,5,2,0,0,synthetic
2026-08-22,session-00853,mannstaedt-demo-002,web,0,desktop,BE-VLG,74,5,3,1,synthetic
2026-06-06,session-00854,gmh-gruppe-sn-00000006-c0a7c1a5,qr,1,mobile,NL-NH,88,1,0,0,synthetic
2026-07-16,session-00855,gmh-gruppe-sn-00000006-c0a7c1a5,qr,1,desktop,DE-BY,100,1,0,0,synthetic
2026-06-16,session-00856,gmh-gruppe-sn-00000006-c0a7c1a5,qr,1,mobile,DE-BE,99,3,2,1,synthetic
2026-09-06,session-00857,mannstaedt-demo-002,web,0,desktop,BE-VLG,80,1,0,0,synthetic
2026-05-29,session-00858,gmh-gruppe-sn-00000006-c0a7c1a5,web,0,desktop,NL-NH,105,2,0,0,synthetic
2026-05-15,session-00859,gmh-gruppe-sn-00000006-c0a7c1a5,qr,1,desktop,NL-NH,129,5,3,1,synthetic
2026-08-29,session-00860,gmh-gruppe-sn-00000006-c0a7c1a5,qr,1,desktop,NL-NH,119,1,0,0,synthetic
2026-07-06,session-00861,gmh-gruppe-sn-00000006-c0a7c1a5,qr,1,desktop,BE-VLG,106,4,0,0,synthetic
2026-08-21,session-00862,gmh-gruppe-sn-00000006-c0a7c1a5,qr,1,desktop,BE-VLG,157,3,3,1,synthetic
2026-09-06,session-00863,gmh-gruppe-sn-00000006-c0a7c1a5,web,0,desktop,DE-BE,80,2,0,0,synthetic
2026-07-25,session-00864,mannstaedt-demo-002,web,0,desktop,DE-BY,90,3,0,0,synthetic
2026-05-17,session-00865,gmh-gruppe-sn-00000006-c0a7c1a5,web,0,mobile,DE-BE,66,1,0,0,synthetic
2026-06-02,session-00866,gmh-gruppe-sn-00000006-c0a7c1a5,qr,1,desktop,DE-NW,79,2,1,1,synthetic
2026-05-31,session-00867,gmh-gruppe-sn-00000006-c0a7c1a5,qr,1,mobile,DE-NW,200,2,2,1,synthetic
2026-05-05,session-00868,mannstaedt-demo-002,qr,1,mobile,DE-BE,43,1,1,1,synthetic
2026-06-18,session-00869,gmh-gruppe-sn-00000006-c0a7c1a5,qr,1,mobile,DE-NW,151,6,1,1,synthetic
2026-05-30,session-00870,mannstaedt-demo-002,qr,1,desktop,NL-NH,135,4,0,0,synthetic
2026-07-02,session-00871,gmh-gruppe-sn-00000006-c0a7c1a5,qr,1,mobile,BE-VLG,148,6,2,1,synthetic
2026-05-27,session-00872,gmh-gruppe-sn-00000006-c0a7c1a5,qr,1,desktop,DE-BY,171,1,0,0,synthetic
2026-08-17,session-00873,mannstaedt-demo-003,qr,1,mobile,DE-BY,89,1,0,0,synthetic
2026-07-12,session-00874,gmh-gruppe-sn-00000006-c0a7c1a5,web,0,mobile,NL-NH,34,3,2,1,synthetic
2026-09-02,session-00875,gmh-gruppe-sn-00000006-c0a7c1a5,qr,1,mobile,DE-NW,123,6,1,1,synthetic
2026-07-01,session-00876,gmh-gruppe-sn-00000006-c0a7c1a5,qr,1,desktop,DE-BE,103,1,2,1,synthetic
2026-08-10,session-00877,mannstaedt-demo-003,qr,1,desktop,DE-NW,107,6,3,1,synthetic
2026-08-07,session-00878,mannstaedt-demo-003,web,0,mobile,NL-NH,114,3,0,0,synthetic
2026-07-11,session-00879,gmh-gruppe-sn-00000006-c0a7c1a5,qr,1,desktop,DE-NW,118,3,2,1,synthetic
2026-05-20,session-00880,mannstaedt-demo-002,qr,1,mobile,DE-NW,187,4,0,0,synthetic
2026-07-17,session-00881,mannstaedt-demo-003,qr,1,desktop,DE-BY,111,2,0,0,synthetic
2026-08-23,session-00882,gmh-gruppe-sn-00000006-c0a7c1a5,qr,1,desktop,DE-BE,123,4,0,0,synthetic
2026-07-01,session-00883,gmh-gruppe-sn-00000006-c0a7c1a5,qr,1,desktop,BE-VLG,113,3,0,0,synthetic
2026-08-23,session-00884,mannstaedt-demo-002,qr,1,desktop,DE-BY,116,4,2,1,synthetic
2026-07-13,session-00885,gmh-gruppe-sn-00000006-c0a7c1a5,qr,1,desktop,DE-BY,96,5,0,0,synthetic
2026-08-21,session-00886,gmh-gruppe-sn-00000006-c0a7c1a5,qr,1,desktop,DE-BE,164,3,1,1,synthetic
2026-08-21,session-00887,gmh-gruppe-sn-00000006-c0a7c1a5,web,0,desktop,NL-NH,46,4,3,1,synthetic
2026-08-22,session-00888,mannstaedt-demo-003,qr,1,desktop,NL-NH,141,2,0,0,synthetic
2026-06-09,session-00889,gmh-gruppe-sn-00000006-c0a7c1a5,qr,1,desktop,BE-VLG,103,2,0,0,synthetic
2026-06-20,session-00890,gmh-gruppe-sn-00000006-c0a7c1a5,qr,1,desktop,DE-BE,41,5,0,0,synthetic
2026-06-23,session-00891,gmh-gruppe-sn-00000006-c0a7c1a5,qr,1,mobile,DE-BY,148,2,0,0,synthetic
2026-08-08,session-00892,mannstaedt-demo-002,web,0,desktop,DE-BE,48,1,1,1,synthetic
2026-08-28,session-00893,gmh-gruppe-sn-00000006-c0a7c1a5,web,0,mobile,NL-NH,67,5,2,1,synthetic
2026-05-21,session-00894,gmh-gruppe-sn-00000006-c0a7c1a5,qr,1,desktop,BE-VLG,95,6,2,1,synthetic
2026-05-02,session-00895,gmh-gruppe-sn-00000006-c0a7c1a5,web,0,desktop,BE-VLG,61,3,0,0,synthetic
2026-07-11,session-00896,mannstaedt-demo-002,web,0,mobile,DE-NW,93,4,0,0,synthetic
2026-06-20,session-00897,gmh-gruppe-sn-00000006-c0a7c1a5,web,0,mobile,BE-VLG,103,4,0,0,synthetic
2026-05-04,session-00898,gmh-gruppe-sn-00000006-c0a7c1a5,qr,1,desktop,DE-BY,104,3,1,1,synthetic
2026-05-12,session-00899,gmh-gruppe-sn-00000006-c0a7c1a5,web,0,desktop,DE-BE,35,6,0,0,synthetic
2026-08-28,session-00900,mannstaedt-demo-002,web,0,desktop,BE-VLG,148,3,2,1,synthetic
2026-05-29,session-00901,mannstaedt-demo-002,qr,1,mobile,DE-NW,108,2,0,0,synthetic
2026-07-27,session-00902,gmh-gruppe-sn-00000006-c0a7c1a5,qr,1,desktop,BE-VLG,104,1,0,0,synthetic
2026-05-16,session-00903,gmh-gruppe-sn-00000006-c0a7c1a5,qr,1,desktop,BE-VLG,118,2,0,0,synthetic
2026-07-26,session-00904,gmh-gruppe-sn-00000006-c0a7c1a5,qr,1,mobile,DE-BY,101,4,0,0,synthetic
2026-09-04,session-00905,gmh-gruppe-sn-00000006-c0a7c1a5,web,0,desktop,NL-NH,16,3,0,0,synthetic
2026-09-05,session-00906,mannstaedt-demo-003,qr,1,mobile,NL-NH,40,5,0,0,synthetic
2026-07-19,session-00907,gmh-gruppe-sn-00000006-c0a7c1a5,qr,1,mobile,DE-NW,124,4,2,1,synthetic
2026-05-05,session-00908,gmh-gruppe-sn-00000006-c0a7c1a5,qr,1,mobile,BE-VLG,182,2,1,1,synthetic
2026-06-14,session-00909,gmh-gruppe-sn-00000006-c0a7c1a5,qr,1,mobile,DE-NW,70,2,0,0,synthetic
2026-09-04,session-00910,gmh-gruppe-sn-00000006-c0a7c1a5,qr,1,mobile,DE-NW,148,2,3,1,synthetic
2026-08-02,session-00911,gmh-gruppe-sn-00000006-c0a7c1a5,qr,1,mobile,DE-BY,126,5,2,1,synthetic
2026-05-13,session-00912,mannstaedt-demo-003,qr,1,tablet,DE-BY,59,5,3,1,synthetic
2026-07-31,session-00913,gmh-gruppe-sn-00000006-c0a7c1a5,qr,1,mobile,DE-BE,80,3,0,0,synthetic
2026-05-04,session-00914,gmh-gruppe-sn-00000006-c0a7c1a5,web,0,mobile,DE-NW,12,3,1,1,synthetic
2026-05-01,session-00915,mannstaedt-demo-002,web,0,tablet,BE-VLG,50,3,3,1,synthetic
2026-09-05,session-00916,mannstaedt-demo-002,web,0,mobile,BE-VLG,77,1,0,0,synthetic
2026-08-12,session-00917,gmh-gruppe-sn-00000006-c0a7c1a5,web,0,desktop,DE-BE,118,4,3,1,synthetic
2026-06-02,session-00918,gmh-gruppe-sn-00000006-c0a7c1a5,qr,1,mobile,DE-BE,189,4,0,0,synthetic
2026-07-01,session-00919,gmh-gruppe-sn-00000006-c0a7c1a5,qr,1,mobile,DE-BY,148,4,0,0,synthetic
2026-08-26,session-00920,mannstaedt-demo-003,qr,1,mobile,DE-BE,76,4,0,0,synthetic
2026-08-26,session-00921,mannstaedt-demo-003,qr,1,desktop,BE-VLG,34,3,0,0,synthetic
2026-08-29,session-00922,gmh-gruppe-sn-00000006-c0a7c1a5,qr,1,desktop,DE-NW,87,2,0,0,synthetic
2026-05-11,session-00923,gmh-gruppe-sn-00000006-c0a7c1a5,qr,1,tablet,DE-NW,83,3,0,0,synthetic
2026-07-24,session-00924,gmh-gruppe-sn-00000006-c0a7c1a5,web,0,mobile,DE-BE,115,2,2,1,synthetic
2026-05-29,session-00925,mannstaedt-demo-002,web,0,desktop,BE-VLG,94,2,0,0,synthetic
2026-09-04,session-00926,gmh-gruppe-sn-00000006-c0a7c1a5,qr,1,mobile,DE-BE,70,2,0,0,synthetic
2026-05-04,session-00927,gmh-gruppe-sn-00000006-c0a7c1a5,web,0,mobile,NL-NH,92,2,2,1,synthetic
2026-08-17,session-00928,gmh-gruppe-sn-00000006-c0a7c1a5,qr,1,mobile,DE-NW,138,1,0,0,synthetic
2026-07-15,session-00929,gmh-gruppe-sn-00000006-c0a7c1a5,qr,1,desktop,NL-NH,153,3,3,1,synthetic
2026-05-21,session-00930,mannstaedt-demo-002,web,0,mobile,DE-BE,68,5,0,0,synthetic
2026-05-19,session-00931,mannstaedt-demo-003,qr,1,desktop,BE-VLG,96,2,0,0,synthetic
2026-09-04,session-00932,gmh-gruppe-sn-00000006-c0a7c1a5,web,0,desktop,DE-BE,82,2,0,0,synthetic
2026-06-23,session-00933,mannstaedt-demo-002,qr,1,desktop,BE-VLG,89,6,0,0,synthetic
2026-06-09,session-00934,mannstaedt-demo-002,qr,1,desktop,NL-NH,96,2,0,0,synthetic
2026-07-04,session-00935,mannstaedt-demo-002,qr,1,desktop,BE-VLG,96,2,0,0,synthetic
2026-06-22,session-00936,gmh-gruppe-sn-00000006-c0a7c1a5,qr,1,mobile,DE-BY,80,4,0,0,synthetic
2026-08-30,session-00937,mannstaedt-demo-002,qr,1,desktop,NL-NH,119,4,0,0,synthetic
2026-06-21,session-00938,gmh-gruppe-sn-00000006-c0a7c1a5,qr,1,mobile,DE-BY,10,5,1,1,synthetic
2026-05-24,session-00939,gmh-gruppe-sn-00000006-c0a7c1a5,qr,1,tablet,DE-BY,99,2,3,1,synthetic
2026-08-16,session-00940,gmh-gruppe-sn-00000006-c0a7c1a5,qr,1,desktop,NL-NH,53,1,3,1,synthetic
2026-06-17,session-00941,gmh-gruppe-sn-00000006-c0a7c1a5,web,0,mobile,BE-VLG,21,5,0,0,synthetic
2026-08-07,session-00942,gmh-gruppe-sn-00000006-c0a7c1a5,qr,1,tablet,NL-NH,159,3,3,1,synthetic
2026-07-19,session-00943,gmh-gruppe-sn-00000006-c0a7c1a5,web,0,desktop,DE-NW,81,2,0,0,synthetic
2026-06-29,session-00944,gmh-gruppe-sn-00000006-c0a7c1a5,qr,1,mobile,DE-BE,59,3,0,0,synthetic
2026-08-16,session-00945,gmh-gruppe-sn-00000006-c0a7c1a5,qr,1,desktop,BE-VLG,81,1,0,0,synthetic
2026-09-02,session-00946,gmh-gruppe-sn-00000006-c0a7c1a5,qr,1,mobile,DE-NW,64,5,2,1,synthetic
2026-08-20,session-00947,mannstaedt-demo-003,qr,1,mobile,DE-BY,185,3,0,0,synthetic
2026-05-12,session-00948,mannstaedt-demo-003,web,0,mobile,DE-BE,5,1,0,0,synthetic
2026-05-20,session-00949,gmh-gruppe-sn-00000006-c0a7c1a5,qr,1,desktop,DE-BY,80,2,0,0,synthetic
2026-07-23,session-00950,mannstaedt-demo-002,web,0,mobile,DE-BE,60,1,0,0,synthetic
2026-06-01,session-00951,gmh-gruppe-sn-00000006-c0a7c1a5,qr,1,mobile,NL-NH,94,2,0,0,synthetic
2026-05-07,session-00952,mannstaedt-demo-002,qr,1,desktop,DE-BE,167,3,0,0,synthetic
2026-08-16,session-00953,gmh-gruppe-sn-00000006-c0a7c1a5,qr,1,mobile,DE-BY,121,4,0,0,synthetic
2026-07-22,session-00954,gmh-gruppe-sn-00000006-c0a7c1a5,qr,1,desktop,DE-BE,96,5,3,1,synthetic
2026-05-20,session-00955,gmh-gruppe-sn-00000006-c0a7c1a5,qr,1,desktop,DE-BE,149,6,1,1,synthetic
2026-09-01,session-00956,gmh-gruppe-sn-00000006-c0a7c1a5,web,0,mobile,NL-NH,36,1,0,0,synthetic
2026-09-03,session-00957,mannstaedt-demo-002,web,0,mobile,NL-NH,62,1,0,0,synthetic
2026-06-08,session-00958,gmh-gruppe-sn-00000006-c0a7c1a5,qr,1,desktop,DE-NW,51,6,2,1,synthetic
2026-07-31,session-00959,mannstaedt-demo-002,qr,1,desktop,BE-VLG,105,6,1,1,synthetic
2026-09-03,session-00960,gmh-gruppe-sn-00000006-c0a7c1a5,web,0,mobile,DE-NW,122,3,2,1,synthetic
2026-08-30,session-00961,gmh-gruppe-sn-00000006-c0a7c1a5,qr,1,desktop,BE-VLG,188,2,0,0,synthetic
2026-05-07,session-00962,gmh-gruppe-sn-00000006-c0a7c1a5,web,0,desktop,DE-NW,81,2,2,1,synthetic
2026-05-09,session-00963,gmh-gruppe-sn-00000006-c0a7c1a5,qr,1,tablet,DE-NW,108,6,1,1,synthetic
2026-06-01,session-00964,gmh-gruppe-sn-00000006-c0a7c1a5,qr,1,mobile,DE-BY,193,5,2,1,synthetic
2026-07-18,session-00965,mannstaedt-demo-003,web,0,desktop,DE-NW,86,1,0,0,synthetic
2026-06-18,session-00966,gmh-gruppe-sn-00000006-c0a7c1a5,qr,1,desktop,DE-BY,114,6,0,0,synthetic
2026-07-20,session-00967,gmh-gruppe-sn-00000006-c0a7c1a5,web,0,desktop,BE-VLG,35,2,0,0,synthetic
2026-05-03,session-00968,gmh-gruppe-sn-00000006-c0a7c1a5,web,0,desktop,DE-NW,45,2,0,0,synthetic
2026-08-04,session-00969,mannstaedt-demo-002,qr,1,desktop,DE-BE,89,2,0,0,synthetic
2026-08-05,session-00970,gmh-gruppe-sn-00000006-c0a7c1a5,web,0,mobile,DE-BE,59,2,1,1,synthetic
2026-07-17,session-00971,gmh-gruppe-sn-00000006-c0a7c1a5,qr,1,mobile,DE-BY,55,1,2,1,synthetic
2026-05-25,session-00972,gmh-gruppe-sn-00000006-c0a7c1a5,qr,1,desktop,DE-NW,140,1,0,0,synthetic
2026-06-07,session-00973,gmh-gruppe-sn-00000006-c0a7c1a5,web,0,desktop,DE-NW,17,3,0,0,synthetic
2026-08-21,session-00974,gmh-gruppe-sn-00000006-c0a7c1a5,qr,1,tablet,DE-BY,108,6,1,1,synthetic
2026-08-19,session-00975,gmh-gruppe-sn-00000006-c0a7c1a5,qr,1,desktop,BE-VLG,153,4,2,1,synthetic
2026-07-01,session-00976,gmh-gruppe-sn-00000006-c0a7c1a5,web,0,tablet,DE-BE,98,2,0,0,synthetic
2026-07-17,session-00977,gmh-gruppe-sn-00000006-c0a7c1a5,qr,1,desktop,DE-NW,152,2,1,1,synthetic
2026-08-31,session-00978,gmh-gruppe-sn-00000006-c0a7c1a5,qr,1,mobile,NL-NH,133,1,0,0,synthetic
2026-08-01,session-00979,mannstaedt-demo-002,qr,1,desktop,DE-NW,84,3,0,0,synthetic
2026-05-20,session-00980,gmh-gruppe-sn-00000006-c0a7c1a5,web,0,desktop,BE-VLG,136,1,0,0,synthetic
2026-06-16,session-00981,mannstaedt-demo-002,web,0,mobile,DE-BY,107,3,0,0,synthetic
2026-06-14,session-00982,mannstaedt-demo-002,web,0,mobile,DE-BE,111,2,0,0,synthetic
2026-08-24,session-00983,gmh-gruppe-sn-00000006-c0a7c1a5,qr,1,mobile,DE-BE,129,2,0,0,synthetic
2026-08-30,session-00984,gmh-gruppe-sn-00000006-c0a7c1a5,qr,1,desktop,BE-VLG,33,2,2,1,synthetic
2026-07-09,session-00985,mannstaedt-demo-003,qr,1,desktop,DE-NW,127,1,0,0,synthetic
2026-05-13,session-00986,gmh-gruppe-sn-00000006-c0a7c1a5,qr,1,desktop,NL-NH,136,3,0,0,synthetic
2026-07-28,session-00987,mannstaedt-demo-002,web,0,mobile,BE-VLG,28,1,0,0,synthetic
2026-05-30,session-00988,gmh-gruppe-sn-00000006-c0a7c1a5,qr,1,mobile,DE-NW,170,5,2,1,synthetic
2026-05-16,session-00989,gmh-gruppe-sn-00000006-c0a7c1a5,qr,1,desktop,DE-BY,55,1,1,1,synthetic
2026-06-18,session-00990,mannstaedt-demo-002,web,0,desktop,DE-NW,143,3,0,0,synthetic
2026-07-09,session-00991,gmh-gruppe-sn-00000006-c0a7c1a5,web,0,desktop,NL-NH,65,6,1,1,synthetic
2026-06-21,session-00992,gmh-gruppe-sn-00000006-c0a7c1a5,qr,1,desktop,DE-BY,159,2,2,1,synthetic
2026-07-02,session-00993,gmh-gruppe-sn-00000006-c0a7c1a5,web,0,mobile,DE-BE,94,1,0,0,synthetic
2026-05-27,session-00994,gmh-gruppe-sn-00000006-c0a7c1a5,qr,1,desktop,DE-BE,100,2,0,0,synthetic
2026-08-03,session-00995,gmh-gruppe-sn-00000006-c0a7c1a5,web,0,desktop,DE-BE,91,2,3,1,synthetic
2026-05-23,session-00996,gmh-gruppe-sn-00000006-c0a7c1a5,qr,1,mobile,BE-VLG,53,6,1,1,synthetic
2026-07-09,session-00997,gmh-gruppe-sn-00000006-c0a7c1a5,qr,1,mobile,DE-BY,42,5,2,1,synthetic
2026-06-11,session-00998,gmh-gruppe-sn-00000006-c0a7c1a5,qr,1,mobile,NL-NH,114,6,2,1,synthetic
2026-08-29,session-00999,gmh-gruppe-sn-00000006-c0a7c1a5,qr,1,tablet,DE-NW,92,3,0,0,synthetic
2026-05-29,session-01000,mannstaedt-demo-002,qr,1,desktop,DE-NW,101,1,0,0,synthetic
2026-08-02,session-01001,mannstaedt-demo-002,web,0,mobile,DE-BE,61,2,3,1,synthetic
2026-07-10,session-01002,gmh-gruppe-sn-00000006-c0a7c1a5,web,0,mobile,NL-NH,99,1,0,0,synthetic
2026-08-08,session-01003,gmh-gruppe-sn-00000006-c0a7c1a5,web,0,mobile,NL-NH,100,3,2,1,synthetic
2026-06-08,session-01004,gmh-gruppe-sn-00000006-c0a7c1a5,qr,1,mobile,DE-BE,100,3,1,1,synthetic
2026-06-12,session-01005,gmh-gruppe-sn-00000006-c0a7c1a5,qr,1,desktop,DE-NW,113,3,2,1,synthetic
2026-07-02,session-01006,mannstaedt-demo-002,web,0,mobile,DE-BY,71,1,1,1,synthetic
2026-06-19,session-01007,gmh-gruppe-sn-00000006-c0a7c1a5,qr,1,desktop,BE-VLG,78,1,2,1,synthetic
2026-06-24,session-01008,gmh-gruppe-sn-00000006-c0a7c1a5,web,0,desktop,NL-NH,144,2,0,0,synthetic
2026-08-25,session-01009,gmh-gruppe-sn-00000006-c0a7c1a5,qr,1,mobile,DE-NW,110,5,1,1,synthetic
2026-06-22,session-01010,gmh-gruppe-sn-00000006-c0a7c1a5,qr,1,mobile,DE-BE,135,3,0,0,synthetic
2026-07-16,session-01011,gmh-gruppe-sn-00000006-c0a7c1a5,qr,1,desktop,BE-VLG,102,2,2,1,synthetic
2026-05-29,session-01012,gmh-gruppe-sn-00000006-c0a7c1a5,web,0,desktop,NL-NH,75,1,0,0,synthetic
2026-06-09,session-01013,mannstaedt-demo-002,web,0,mobile,NL-NH,62,3,2,1,synthetic
2026-09-06,session-01014,gmh-gruppe-sn-00000006-c0a7c1a5,qr,1,desktop,DE-BY,109,4,1,1,synthetic
2026-07-30,session-01015,mannstaedt-demo-002,web,0,mobile,NL-NH,91,2,2,1,synthetic
2026-05-14,session-01016,gmh-gruppe-sn-00000006-c0a7c1a5,qr,1,mobile,DE-BY,101,3,3,1,synthetic
2026-06-22,session-01017,gmh-gruppe-sn-00000006-c0a7c1a5,qr,1,desktop,DE-BY,33,1,0,0,synthetic
2026-05-31,session-01018,mannstaedt-demo-003,qr,1,tablet,DE-NW,118,4,3,1,synthetic
2026-08-10,session-01019,gmh-gruppe-sn-00000006-c0a7c1a5,web,0,tablet,BE-VLG,14,2,0,0,synthetic
2026-07-07,session-01020,mannstaedt-demo-003,qr,1,mobile,NL-NH,62,2,0,0,synthetic
2026-05-17,session-01021,gmh-gruppe-sn-00000006-c0a7c1a5,qr,1,tablet,DE-BE,36,3,0,0,synthetic
2026-05-25,session-01022,gmh-gruppe-sn-00000006-c0a7c1a5,qr,1,desktop,BE-VLG,110,2,0,0,synthetic
2026-06-30,session-01023,mannstaedt-demo-003,qr,1,mobile,NL-NH,128,5,0,0,synthetic
2026-05-24,session-01024,gmh-gruppe-sn-00000006-c0a7c1a5,qr,1,mobile,DE-NW,5,6,0,0,synthetic
2026-08-22,session-01025,gmh-gruppe-sn-00000006-c0a7c1a5,qr,1,desktop,DE-BY,30,3,0,0,synthetic
2026-07-30,session-01026,mannstaedt-demo-003,qr,1,desktop,DE-BE,247,5,0,0,synthetic
2026-05-06,session-01027,gmh-gruppe-sn-00000006-c0a7c1a5,web,0,mobile,DE-BY,162,3,0,0,synthetic
2026-05-31,session-01028,gmh-gruppe-sn-00000006-c0a7c1a5,web,0,mobile,DE-BE,36,3,0,0,synthetic
2026-07-08,session-01029,gmh-gruppe-sn-00000006-c0a7c1a5,qr,1,mobile,DE-NW,165,2,1,1,synthetic
2026-06-01,session-01030,gmh-gruppe-sn-00000006-c0a7c1a5,web,0,mobile,NL-NH,79,1,0,0,synthetic
2026-07-13,session-01031,mannstaedt-demo-002,qr,1,desktop,BE-VLG,83,3,0,0,synthetic
2026-08-15,session-01032,gmh-gruppe-sn-00000006-c0a7c1a5,web,0,mobile,DE-BE,114,1,0,0,synthetic
2026-07-13,session-01033,gmh-gruppe-sn-00000006-c0a7c1a5,web,0,mobile,DE-BE,72,2,0,0,synthetic
2026-08-29,session-01034,gmh-gruppe-sn-00000006-c0a7c1a5,web,0,mobile,DE-BE,61,1,0,0,synthetic
2026-06-04,session-01035,gmh-gruppe-sn-00000006-c0a7c1a5,web,0,desktop,NL-NH,57,1,0,0,synthetic
2026-05-11,session-01036,gmh-gruppe-sn-00000006-c0a7c1a5,qr,1,mobile,DE-BE,88,2,0,0,synthetic
2026-07-03,session-01037,mannstaedt-demo-003,qr,1,mobile,NL-NH,19,5,0,0,synthetic
2026-06-08,session-01038,gmh-gruppe-sn-00000006-c0a7c1a5,qr,1,desktop,NL-NH,73,4,3,1,synthetic
2026-07-12,session-01039,gmh-gruppe-sn-00000006-c0a7c1a5,qr,1,desktop,NL-NH,110,2,0,0,synthetic
2026-08-05,session-01040,gmh-gruppe-sn-00000006-c0a7c1a5,web,0,desktop,DE-BY,91,1,0,0,synthetic
2026-05-02,session-01041,gmh-gruppe-sn-00000006-c0a7c1a5,web,0,desktop,NL-NH,113,1,0,0,synthetic
2026-05-24,session-01042,gmh-gruppe-sn-00000006-c0a7c1a5,qr,1,mobile,BE-VLG,100,2,0,0,synthetic
2026-06-01,session-01043,mannstaedt-demo-003,qr,1,desktop,NL-NH,77,6,3,1,synthetic
2026-05-23,session-01044,gmh-gruppe-sn-00000006-c0a7c1a5,qr,1,mobile,DE-BE,129,1,0,0,synthetic
2026-08-07,session-01045,gmh-gruppe-sn-00000006-c0a7c1a5,qr,1,mobile,DE-BY,90,1,0,0,synthetic
2026-05-22,session-01046,mannstaedt-demo-002,qr,1,tablet,DE-BY,99,5,3,1,synthetic
2026-05-18,session-01047,mannstaedt-demo-002,qr,1,desktop,NL-NH,135,6,3,1,synthetic
2026-08-09,session-01048,gmh-gruppe-sn-00000006-c0a7c1a5,qr,1,mobile,DE-BY,93,4,0,0,synthetic
2026-07-16,session-01049,mannstaedt-demo-002,web,0,desktop,DE-BE,43,3,0,0,synthetic
2026-05-10,session-01050,gmh-gruppe-sn-00000006-c0a7c1a5,qr,1,desktop,NL-NH,56,4,0,0,synthetic
2026-08-17,session-01051,gmh-gruppe-sn-00000006-c0a7c1a5,web,0,desktop,DE-NW,48,2,0,0,synthetic
2026-06-03,session-01052,gmh-gruppe-sn-00000006-c0a7c1a5,web,0,mobile,DE-NW,48,1,0,0,synthetic
2026-09-04,session-01053,gmh-gruppe-sn-00000006-c0a7c1a5,qr,1,desktop,DE-BY,32,1,0,0,synthetic
2026-08-13,session-01054,mannstaedt-demo-002,web,0,mobile,DE-BY,114,1,0,0,synthetic
2026-08-22,session-01055,gmh-gruppe-sn-00000006-c0a7c1a5,web,0,mobile,DE-BE,76,1,0,0,synthetic
2026-05-27,session-01056,mannstaedt-demo-002,qr,1,mobile,DE-BE,208,5,3,1,synthetic
2026-06-11,session-01057,gmh-gruppe-sn-00000006-c0a7c1a5,qr,1,desktop,BE-VLG,36,2,0,0,synthetic
2026-05-11,session-01058,gmh-gruppe-sn-00000006-c0a7c1a5,qr,1,desktop,BE-VLG,87,6,2,1,synthetic
2026-08-03,session-01059,gmh-gruppe-sn-00000006-c0a7c1a5,qr,1,mobile,DE-BE,123,4,0,0,synthetic
2026-05-19,session-01060,gmh-gruppe-sn-00000006-c0a7c1a5,web,0,mobile,DE-BE,97,1,1,1,synthetic
2026-07-24,session-01061,gmh-gruppe-sn-00000006-c0a7c1a5,qr,1,mobile,DE-NW,115,4,3,1,synthetic
2026-07-04,session-01062,gmh-gruppe-sn-00000006-c0a7c1a5,web,0,mobile,BE-VLG,57,6,3,1,synthetic
2026-05-11,session-01063,gmh-gruppe-sn-00000006-c0a7c1a5,qr,1,desktop,NL-NH,109,3,0,0,synthetic
2026-08-03,session-01064,gmh-gruppe-sn-00000006-c0a7c1a5,qr,1,tablet,DE-NW,130,4,0,0,synthetic
2026-07-30,session-01065,gmh-gruppe-sn-00000006-c0a7c1a5,qr,1,mobile,DE-BY,133,2,2,1,synthetic
2026-09-06,session-01066,mannstaedt-demo-002,web,0,mobile,DE-NW,86,1,0,0,synthetic
2026-07-19,session-01067,gmh-gruppe-sn-00000006-c0a7c1a5,web,0,desktop,DE-BE,59,4,0,0,synthetic
2026-06-30,session-01068,mannstaedt-demo-002,web,0,mobile,DE-NW,94,1,0,0,synthetic
2026-07-04,session-01069,gmh-gruppe-sn-00000006-c0a7c1a5,web,0,desktop,BE-VLG,123,3,0,0,synthetic
2026-07-23,session-01070,gmh-gruppe-sn-00000006-c0a7c1a5,qr,1,mobile,DE-NW,56,3,2,1,synthetic
2026-05-24,session-01071,gmh-gruppe-sn-00000006-c0a7c1a5,qr,1,desktop,DE-BE,114,5,3,1,synthetic
2026-09-06,session-01072,gmh-gruppe-sn-00000006-c0a7c1a5,web,0,mobile,DE-NW,49,4,0,0,synthetic
2026-05-18,session-01073,mannstaedt-demo-003,qr,1,desktop,DE-BY,67,2,0,0,synthetic
2026-08-31,session-01074,gmh-gruppe-sn-00000006-c0a7c1a5,qr,1,desktop,DE-BY,85,4,1,1,synthetic
2026-07-23,session-01075,gmh-gruppe-sn-00000006-c0a7c1a5,web,0,desktop,NL-NH,30,1,0,0,synthetic
2026-08-05,session-01076,gmh-gruppe-sn-00000006-c0a7c1a5,web,0,mobile,DE-BY,123,2,1,1,synthetic
2026-07-28,session-01077,mannstaedt-demo-002,qr,1,desktop,BE-VLG,72,5,0,0,synthetic
2026-06-14,session-01078,gmh-gruppe-sn-00000006-c0a7c1a5,web,0,desktop,NL-NH,91,4,0,0,synthetic
2026-08-12,session-01079,gmh-gruppe-sn-00000006-c0a7c1a5,web,0,mobile,DE-NW,70,1,0,0,synthetic
2026-07-04,session-01080,gmh-gruppe-sn-00000006-c0a7c1a5,qr,1,desktop,DE-NW,68,3,0,0,synthetic
2026-05-07,session-01081,gmh-gruppe-sn-00000006-c0a7c1a5,qr,1,desktop,NL-NH,103,5,0,0,synthetic
2026-07-04,session-01082,gmh-gruppe-sn-00000006-c0a7c1a5,web,0,desktop,NL-NH,142,4,0,0,synthetic
2026-05-08,session-01083,gmh-gruppe-sn-00000006-c0a7c1a5,qr,1,desktop,BE-VLG,112,2,0,0,synthetic
2026-05-22,session-01084,mannstaedt-demo-002,qr,1,mobile,BE-VLG,196,6,3,1,synthetic
2026-08-19,session-01085,gmh-gruppe-sn-00000006-c0a7c1a5,web,0,desktop,NL-NH,57,4,0,0,synthetic
2026-07-19,session-01086,gmh-gruppe-sn-00000006-c0a7c1a5,qr,1,desktop,NL-NH,92,6,0,0,synthetic
2026-06-07,session-01087,gmh-gruppe-sn-00000006-c0a7c1a5,web,0,mobile,BE-VLG,132,3,0,0,synthetic
2026-08-22,session-01088,gmh-gruppe-sn-00000006-c0a7c1a5,web,0,mobile,BE-VLG,112,1,0,0,synthetic
2026-06-09,session-01089,gmh-gruppe-sn-00000006-c0a7c1a5,qr,1,desktop,NL-NH,86,6,3,1,synthetic
2026-06-28,session-01090,gmh-gruppe-sn-00000006-c0a7c1a5,qr,1,mobile,BE-VLG,90,1,0,0,synthetic
2026-07-15,session-01091,gmh-gruppe-sn-00000006-c0a7c1a5,qr,1,desktop,DE-BE,104,4,0,0,synthetic
2026-09-07,session-01092,mannstaedt-demo-003,qr,1,mobile,DE-NW,139,1,0,0,synthetic
2026-07-10,session-01093,gmh-gruppe-sn-00000006-c0a7c1a5,web,0,desktop,DE-BE,5,4,0,0,synthetic
2026-08-13,session-01094,gmh-gruppe-sn-00000006-c0a7c1a5,qr,1,mobile,BE-VLG,126,6,0,0,synthetic
2026-06-22,session-01095,gmh-gruppe-sn-00000006-c0a7c1a5,qr,1,tablet,DE-BY,151,6,0,0,synthetic
2026-06-19,session-01096,mannstaedt-demo-003,qr,1,mobile,DE-BE,144,2,0,0,synthetic
2026-08-13,session-01097,mannstaedt-demo-002,web,0,desktop,DE-BE,117,2,0,0,synthetic
2026-06-11,session-01098,gmh-gruppe-sn-00000006-c0a7c1a5,qr,1,desktop,DE-BE,75,5,0,0,synthetic
2026-06-06,session-01099,gmh-gruppe-sn-00000006-c0a7c1a5,qr,1,tablet,DE-BE,120,4,0,0,synthetic
2026-06-10,session-01100,gmh-gruppe-sn-00000006-c0a7c1a5,qr,1,tablet,DE-NW,61,4,3,1,synthetic
2026-08-29,session-01101,gmh-gruppe-sn-00000006-c0a7c1a5,qr,1,mobile,BE-VLG,99,3,0,0,synthetic
2026-05-29,session-01102,gmh-gruppe-sn-00000006-c0a7c1a5,web,0,desktop,DE-NW,166,2,0,0,synthetic
2026-06-07,session-01103,gmh-gruppe-sn-00000006-c0a7c1a5,qr,1,desktop,NL-NH,125,4,0,0,synthetic
2026-07-03,session-01104,gmh-gruppe-sn-00000006-c0a7c1a5,qr,1,desktop,DE-BY,86,2,0,0,synthetic
2026-06-15,session-01105,mannstaedt-demo-003,web,0,mobile,NL-NH,30,1,0,0,synthetic
2026-06-15,session-01106,gmh-gruppe-sn-00000006-c0a7c1a5,qr,1,desktop,NL-NH,33,1,0,0,synthetic
2026-07-24,session-01107,mannstaedt-demo-002,qr,1,desktop,DE-NW,159,1,0,0,synthetic
2026-05-28,session-01108,gmh-gruppe-sn-00000006-c0a7c1a5,qr,1,desktop,BE-VLG,73,4,0,0,synthetic
2026-05-19,session-01109,mannstaedt-demo-002,web,0,desktop,NL-NH,96,4,0,0,synthetic
2026-08-19,session-01110,gmh-gruppe-sn-00000006-c0a7c1a5,qr,1,desktop,DE-BE,189,1,0,0,synthetic
2026-06-16,session-01111,gmh-gruppe-sn-00000006-c0a7c1a5,qr,1,desktop,DE-BE,143,4,2,1,synthetic
2026-05-22,session-01112,gmh-gruppe-sn-00000006-c0a7c1a5,qr,1,mobile,DE-BY,125,1,0,0,synthetic
2026-05-16,session-01113,gmh-gruppe-sn-00000006-c0a7c1a5,web,0,mobile,BE-VLG,66,1,1,1,synthetic
2026-08-30,session-01114,gmh-gruppe-sn-00000006-c0a7c1a5,web,0,desktop,DE-NW,77,2,0,0,synthetic
2026-05-19,session-01115,mannstaedt-demo-002,qr,1,desktop,DE-NW,80,3,0,0,synthetic
2026-07-10,session-01116,mannstaedt-demo-002,qr,1,desktop,NL-NH,16,2,0,0,synthetic
2026-06-15,session-01117,gmh-gruppe-sn-00000006-c0a7c1a5,web,0,desktop,NL-NH,146,2,0,0,synthetic
2026-06-12,session-01118,gmh-gruppe-sn-00000006-c0a7c1a5,qr,1,desktop,DE-BY,133,3,0,0,synthetic
2026-06-30,session-01119,gmh-gruppe-sn-00000006-c0a7c1a5,qr,1,desktop,DE-BE,70,1,1,1,synthetic
2026-06-11,session-01120,gmh-gruppe-sn-00000006-c0a7c1a5,qr,1,tablet,DE-NW,179,1,0,0,synthetic
2026-05-27,session-01121,gmh-gruppe-sn-00000006-c0a7c1a5,qr,1,desktop,DE-BY,70,5,0,0,synthetic
2026-07-18,session-01122,gmh-gruppe-sn-00000006-c0a7c1a5,qr,1,desktop,NL-NH,76,6,0,0,synthetic
2026-07-11,session-01123,gmh-gruppe-sn-00000006-c0a7c1a5,qr,1,desktop,BE-VLG,84,1,0,0,synthetic
2026-06-22,session-01124,gmh-gruppe-sn-00000006-c0a7c1a5,qr,1,desktop,DE-NW,129,3,3,1,synthetic
2026-05-13,session-01125,mannstaedt-demo-003,qr,1,mobile,NL-NH,158,3,1,1,synthetic
2026-06-01,session-01126,gmh-gruppe-sn-00000006-c0a7c1a5,qr,1,mobile,BE-VLG,130,3,0,0,synthetic
2026-05-29,session-01127,gmh-gruppe-sn-00000006-c0a7c1a5,qr,1,desktop,DE-BY,91,1,3,1,synthetic
2026-05-06,session-01128,mannstaedt-demo-003,qr,1,mobile,DE-BE,162,2,0,0,synthetic
2026-05-18,session-01129,gmh-gruppe-sn-00000006-c0a7c1a5,web,0,mobile,DE-BY,98,2,0,0,synthetic
2026-08-15,session-01130,gmh-gruppe-sn-00000006-c0a7c1a5,web,0,desktop,DE-NW,84,2,0,0,synthetic
2026-07-04,session-01131,gmh-gruppe-sn-00000006-c0a7c1a5,qr,1,mobile,DE-NW,112,2,3,1,synthetic
2026-06-13,session-01132,mannstaedt-demo-003,qr,1,mobile,BE-VLG,94,5,2,1,synthetic
2026-06-08,session-01133,gmh-gruppe-sn-00000006-c0a7c1a5,qr,1,desktop,DE-NW,47,2,1,1,synthetic
2026-08-15,session-01134,mannstaedt-demo-002,qr,1,tablet,DE-BY,115,4,3,1,synthetic
2026-08-13,session-01135,gmh-gruppe-sn-00000006-c0a7c1a5,web,0,mobile,DE-NW,23,2,0,0,synthetic
2026-05-20,session-01136,gmh-gruppe-sn-00000006-c0a7c1a5,qr,1,mobile,BE-VLG,76,4,2,1,synthetic
2026-06-06,session-01137,gmh-gruppe-sn-00000006-c0a7c1a5,qr,1,mobile,BE-VLG,84,3,0,0,synthetic
2026-06-03,session-01138,mannstaedt-demo-003,qr,1,desktop,DE-BE,107,3,0,0,synthetic
2026-05-07,session-01139,mannstaedt-demo-002,web,0,desktop,NL-NH,77,2,2,1,synthetic
2026-06-03,session-01140,mannstaedt-demo-003,qr,1,desktop,DE-NW,96,4,3,1,synthetic
2026-07-07,session-01141,mannstaedt-demo-002,web,0,mobile,DE-BE,86,1,1,1,synthetic
2026-09-04,session-01142,gmh-gruppe-sn-00000006-c0a7c1a5,web,0,desktop,DE-NW,5,3,0,0,synthetic
2026-08-12,session-01143,gmh-gruppe-sn-00000006-c0a7c1a5,web,0,desktop,NL-NH,77,2,0,0,synthetic
2026-08-29,session-01144,gmh-gruppe-sn-00000006-c0a7c1a5,qr,1,desktop,DE-BE,92,3,3,1,synthetic
2026-08-20,session-01145,gmh-gruppe-sn-00000006-c0a7c1a5,qr,1,mobile,DE-NW,121,3,3,1,synthetic
2026-08-12,session-01146,gmh-gruppe-sn-00000006-c0a7c1a5,qr,1,desktop,NL-NH,91,3,0,0,synthetic
2026-08-01,session-01147,gmh-gruppe-sn-00000006-c0a7c1a5,qr,1,mobile,BE-VLG,170,2,0,0,synthetic
2026-06-26,session-01148,gmh-gruppe-sn-00000006-c0a7c1a5,qr,1,mobile,DE-BE,174,6,3,1,synthetic
2026-06-26,session-01149,gmh-gruppe-sn-00000006-c0a7c1a5,qr,1,mobile,DE-NW,127,4,2,1,synthetic
2026-08-27,session-01150,gmh-gruppe-sn-00000006-c0a7c1a5,web,0,mobile,DE-BY,81,4,3,1,synthetic
2026-05-15,session-01151,mannstaedt-demo-003,qr,1,desktop,DE-BY,141,3,0,0,synthetic
2026-05-31,session-01152,gmh-gruppe-sn-00000006-c0a7c1a5,qr,1,mobile,BE-VLG,36,1,0,0,synthetic
2026-05-17,session-01153,gmh-gruppe-sn-00000006-c0a7c1a5,qr,1,desktop,DE-BY,114,3,1,1,synthetic
2026-06-12,session-01154,mannstaedt-demo-002,qr,1,desktop,DE-NW,158,4,0,0,synthetic
2026-05-21,session-01155,gmh-gruppe-sn-00000006-c0a7c1a5,web,0,mobile,DE-BY,18,1,0,0,synthetic
2026-05-21,session-01156,mannstaedt-demo-003,web,0,mobile,NL-NH,25,1,0,0,synthetic
2026-05-26,session-01157,gmh-gruppe-sn-00000006-c0a7c1a5,qr,1,desktop,NL-NH,177,4,0,0,synthetic
2026-08-09,session-01158,gmh-gruppe-sn-00000006-c0a7c1a5,qr,1,desktop,DE-BY,116,4,0,0,synthetic
2026-08-07,session-01159,gmh-gruppe-sn-00000006-c0a7c1a5,web,0,mobile,NL-NH,115,4,2,1,synthetic
2026-06-08,session-01160,gmh-gruppe-sn-00000006-c0a7c1a5,web,0,mobile,BE-VLG,53,5,0,0,synthetic
2026-06-17,session-01161,gmh-gruppe-sn-00000006-c0a7c1a5,web,0,desktop,DE-NW,85,4,0,0,synthetic
2026-08-06,session-01162,gmh-gruppe-sn-00000006-c0a7c1a5,qr,1,mobile,NL-NH,166,2,0,0,synthetic
2026-05-27,session-01163,gmh-gruppe-sn-00000006-c0a7c1a5,web,0,mobile,BE-VLG,27,4,0,0,synthetic
2026-05-08,session-01164,gmh-gruppe-sn-00000006-c0a7c1a5,qr,1,mobile,DE-BE,99,1,0,0,synthetic
2026-07-17,session-01165,gmh-gruppe-sn-00000006-c0a7c1a5,web,0,desktop,DE-BE,16,1,0,0,synthetic
2026-08-20,session-01166,mannstaedt-demo-002,web,0,mobile,BE-VLG,40,3,0,0,synthetic
2026-06-16,session-01167,mannstaedt-demo-002,qr,1,desktop,DE-BE,234,2,0,0,synthetic
2026-06-10,session-01168,gmh-gruppe-sn-00000006-c0a7c1a5,web,0,tablet,DE-BY,112,2,2,1,synthetic
2026-05-22,session-01169,mannstaedt-demo-002,qr,1,mobile,BE-VLG,104,3,0,0,synthetic
2026-07-03,session-01170,gmh-gruppe-sn-00000006-c0a7c1a5,qr,1,desktop,DE-BY,145,2,0,0,synthetic
2026-05-02,session-01171,gmh-gruppe-sn-00000006-c0a7c1a5,web,0,desktop,NL-NH,41,3,0,0,synthetic
2026-08-19,session-01172,gmh-gruppe-sn-00000006-c0a7c1a5,web,0,mobile,DE-NW,122,1,0,0,synthetic
2026-08-24,session-01173,gmh-gruppe-sn-00000006-c0a7c1a5,web,0,mobile,DE-BE,41,2,0,0,synthetic
2026-07-10,session-01174,mannstaedt-demo-003,qr,1,tablet,BE-VLG,164,3,1,1,synthetic
2026-08-11,session-01175,gmh-gruppe-sn-00000006-c0a7c1a5,qr,1,mobile,DE-BY,80,2,2,1,synthetic
2026-05-06,session-01176,gmh-gruppe-sn-00000006-c0a7c1a5,qr,1,mobile,DE-NW,99,4,0,0,synthetic
2026-06-04,session-01177,gmh-gruppe-sn-00000006-c0a7c1a5,web,0,mobile,BE-VLG,172,2,3,1,synthetic
2026-05-17,session-01178,gmh-gruppe-sn-00000006-c0a7c1a5,qr,1,desktop,NL-NH,188,3,0,0,synthetic
2026-08-25,session-01179,gmh-gruppe-sn-00000006-c0a7c1a5,web,0,mobile,BE-VLG,114,2,3,1,synthetic
2026-08-30,session-01180,gmh-gruppe-sn-00000006-c0a7c1a5,qr,1,mobile,DE-NW,114,2,3,1,synthetic
2026-07-20,session-01181,mannstaedt-demo-003,qr,1,mobile,DE-BE,51,3,2,1,synthetic
2026-06-03,session-01182,mannstaedt-demo-002,qr,1,mobile,DE-BE,90,2,0,0,synthetic
2026-08-14,session-01183,gmh-gruppe-sn-00000006-c0a7c1a5,qr,1,desktop,BE-VLG,96,4,0,0,synthetic
2026-06-12,session-01184,gmh-gruppe-sn-00000006-c0a7c1a5,web,0,mobile,BE-VLG,5,6,0,0,synthetic
2026-09-01,session-01185,gmh-gruppe-sn-00000006-c0a7c1a5,qr,1,desktop,NL-NH,53,4,0,0,synthetic
2026-08-17,session-01186,mannstaedt-demo-003,web,0,mobile,BE-VLG,25,3,1,1,synthetic
2026-05-25,session-01187,gmh-gruppe-sn-00000006-c0a7c1a5,web,0,desktop,BE-VLG,66,2,0,0,synthetic
2026-06-26,session-01188,gmh-gruppe-sn-00000006-c0a7c1a5,web,0,mobile,DE-BE,80,2,0,0,synthetic
2026-08-07,session-01189,mannstaedt-demo-002,qr,1,desktop,DE-BE,84,3,0,0,synthetic
2026-05-15,session-01190,gmh-gruppe-sn-00000006-c0a7c1a5,qr,1,desktop,BE-VLG,140,3,0,0,synthetic
2026-06-01,session-01191,gmh-gruppe-sn-00000006-c0a7c1a5,qr,1,desktop,DE-BE,72,6,0,0,synthetic
2026-06-09,session-01192,gmh-gruppe-sn-00000006-c0a7c1a5,qr,1,desktop,DE-BY,122,1,0,0,synthetic
2026-08-15,session-01193,mannstaedt-demo-003,qr,1,desktop,DE-BE,105,2,0,0,synthetic
2026-05-31,session-01194,mannstaedt-demo-003,qr,1,desktop,DE-BE,143,2,0,0,synthetic
2026-05-08,session-01195,gmh-gruppe-sn-00000006-c0a7c1a5,qr,1,desktop,NL-NH,123,3,0,0,synthetic
2026-07-25,session-01196,mannstaedt-demo-003,web,0,desktop,DE-BY,71,3,0,0,synthetic
2026-06-11,session-01197,mannstaedt-demo-002,web,0,desktop,NL-NH,21,3,1,1,synthetic
2026-05-28,session-01198,gmh-gruppe-sn-00000006-c0a7c1a5,qr,1,mobile,DE-NW,58,3,0,0,synthetic
2026-05-30,session-01199,gmh-gruppe-sn-00000006-c0a7c1a5,web,0,desktop,NL-NH,87,1,0,0,synthetic
2026-08-28,session-01200,gmh-gruppe-sn-00000006-c0a7c1a5,qr,1,desktop,NL-NH,88,4,0,0,synthetic
