date,session_id,dpp_id,source,event_order,event_name,section_name,document_name,device,region,data_origin
2026-05-12,session-00001,gmh-gruppe-sn-00000006-c0a7c1a5,qr,1,dpp-section-view,Documents,,mobile,NL-NH,synthetic
2026-05-12,session-00001,gmh-gruppe-sn-00000006-c0a7c1a5,qr,2,dpp-section-view,Sustainability,,mobile,NL-NH,synthetic
2026-05-12,session-00001,gmh-gruppe-sn-00000006-c0a7c1a5,qr,3,dpp-section-view,Product Information,,mobile,NL-NH,synthetic
2026-05-12,session-00001,gmh-gruppe-sn-00000006-c0a7c1a5,qr,4,dpp-section-view,Overview,,mobile,NL-NH,synthetic
2026-05-24,session-00002,gmh-gruppe-sn-00000006-c0a7c1a5,web,1,dpp-section-view,Overview,,mobile,BE-VLG,synthetic
2026-06-05,session-00003,mannstaedt-demo-003,web,1,dpp-section-view,Traceability,,desktop,NL-NH,synthetic
2026-06-05,session-00003,mannstaedt-demo-003,web,2,dpp-section-view,Overview,,desktop,NL-NH,synthetic
2026-06-05,session-00003,mannstaedt-demo-003,web,3,dpp-document-open,Documents,Technical Datasheet.pdf,desktop,NL-NH,synthetic
2026-06-05,session-00003,mannstaedt-demo-003,web,4,dpp-document-open,Documents,Technical Datasheet.pdf,desktop,NL-NH,synthetic
2026-05-21,session-00004,gmh-gruppe-sn-00000006-c0a7c1a5,web,1,dpp-section-view,Overview,,mobile,DE-BY,synthetic
2026-05-21,session-00004,gmh-gruppe-sn-00000006-c0a7c1a5,web,2,dpp-document-open,Documents,Material Certificate.pdf,mobile,DE-BY,synthetic
2026-05-21,session-00004,gmh-gruppe-sn-00000006-c0a7c1a5,web,3,dpp-document-open,Documents,Material Certificate.pdf,mobile,DE-BY,synthetic
2026-05-21,session-00004,gmh-gruppe-sn-00000006-c0a7c1a5,web,4,dpp-document-open,Documents,Technical Datasheet.pdf,mobile,DE-BY,synthetic
2026-07-29,session-00005,gmh-gruppe-sn-00000006-c0a7c1a5,qr,1,dpp-section-view,Documents,,mobile,DE-BE,synthetic
2026-07-29,session-00005,gmh-gruppe-sn-00000006-c0a7c1a5,qr,2,dpp-section-view,Materials,,mobile,DE-BE,synthetic
2026-07-29,session-00005,gmh-gruppe-sn-00000006-c0a7c1a5,qr,3,dpp-section-view,Product Information,,mobile,DE-BE,synthetic
2026-07-29,session-00005,gmh-gruppe-sn-00000006-c0a7c1a5,qr,4,dpp-section-view,Overview,,mobile,DE-BE,synthetic
2026-07-29,session-00005,gmh-gruppe-sn-00000006-c0a7c1a5,qr,5,dpp-section-view,Sustainability,,mobile,DE-BE,synthetic
2026-07-29,session-00005,gmh-gruppe-sn-00000006-c0a7c1a5,qr,6,dpp-document-open,Documents,Declaration of Conformity.pdf,mobile,DE-BE,synthetic
2026-07-29,session-00005,gmh-gruppe-sn-00000006-c0a7c1a5,qr,7,dpp-document-open,Documents,Declaration of Conformity.pdf,mobile,DE-BE,synthetic
2026-07-29,session-00005,gmh-gruppe-sn-00000006-c0a7c1a5,qr,8,dpp-document-open,Documents,Material Certificate.pdf,mobile,DE-BE,synthetic
2026-05-01,session-00006,mannstaedt-demo-002,web,1,dpp-section-view,Overview,,mobile,DE-BE,synthetic
2026-05-01,session-00006,mannstaedt-demo-002,web,2,dpp-document-open,Documents,Technical Datasheet.pdf,mobile,DE-BE,synthetic
2026-05-01,session-00006,mannstaedt-demo-002,web,3,dpp-document-open,Documents,Declaration of Conformity.pdf,mobile,DE-BE,synthetic
2026-05-01,session-00006,mannstaedt-demo-002,web,4,dpp-document-open,Documents,Technical Datasheet.pdf,mobile,DE-BE,synthetic
2026-06-27,session-00007,mannstaedt-demo-002,qr,1,dpp-section-view,Overview,,mobile,NL-NH,synthetic
2026-06-27,session-00007,mannstaedt-demo-002,qr,2,dpp-section-view,Documents,,mobile,NL-NH,synthetic
2026-06-27,session-00007,mannstaedt-demo-002,qr,3,dpp-section-view,Traceability,,mobile,NL-NH,synthetic
2026-09-05,session-00008,gmh-gruppe-sn-00000006-c0a7c1a5,qr,1,dpp-section-view,Materials,,mobile,DE-BY,synthetic
2026-09-05,session-00008,gmh-gruppe-sn-00000006-c0a7c1a5,qr,2,dpp-section-view,Documents,,mobile,DE-BY,synthetic
2026-09-05,session-00008,gmh-gruppe-sn-00000006-c0a7c1a5,qr,3,dpp-section-view,Overview,,mobile,DE-BY,synthetic
2026-09-07,session-00009,gmh-gruppe-sn-00000006-c0a7c1a5,qr,1,dpp-section-view,Overview,,mobile,NL-NH,synthetic
2026-09-07,session-00009,gmh-gruppe-sn-00000006-c0a7c1a5,qr,2,dpp-section-view,Documents,,mobile,NL-NH,synthetic
2026-09-07,session-00009,gmh-gruppe-sn-00000006-c0a7c1a5,qr,3,dpp-document-open,Documents,Material Certificate.pdf,mobile,NL-NH,synthetic
2026-09-07,session-00009,gmh-gruppe-sn-00000006-c0a7c1a5,qr,4,dpp-document-open,Documents,Technical Datasheet.pdf,mobile,NL-NH,synthetic
2026-09-07,session-00009,gmh-gruppe-sn-00000006-c0a7c1a5,qr,5,dpp-document-open,Documents,Sustainability Certificate.pdf,mobile,NL-NH,synthetic
2026-07-05,session-00010,gmh-gruppe-sn-00000006-c0a7c1a5,qr,1,dpp-section-view,Sustainability,,mobile,DE-BE,synthetic
2026-07-05,session-00010,gmh-gruppe-sn-00000006-c0a7c1a5,qr,2,dpp-section-view,Overview,,mobile,DE-BE,synthetic
2026-07-05,session-00010,gmh-gruppe-sn-00000006-c0a7c1a5,qr,3,dpp-document-open,Documents,Material Certificate.pdf,mobile,DE-BE,synthetic
2026-07-05,session-00010,gmh-gruppe-sn-00000006-c0a7c1a5,qr,4,dpp-document-open,Documents,Material Certificate.pdf,mobile,DE-BE,synthetic
2026-06-14,session-00011,gmh-gruppe-sn-00000006-c0a7c1a5,web,1,dpp-section-view,Overview,,mobile,BE-VLG,synthetic
2026-06-14,session-00011,gmh-gruppe-sn-00000006-c0a7c1a5,web,2,dpp-section-view,Traceability,,mobile,BE-VLG,synthetic
2026-06-14,session-00011,gmh-gruppe-sn-00000006-c0a7c1a5,web,3,dpp-section-view,Product Information,,mobile,BE-VLG,synthetic
2026-06-14,session-00011,gmh-gruppe-sn-00000006-c0a7c1a5,web,4,dpp-document-open,Documents,Declaration of Conformity.pdf,mobile,BE-VLG,synthetic
2026-06-14,session-00011,gmh-gruppe-sn-00000006-c0a7c1a5,web,5,dpp-document-open,Documents,Material Certificate.pdf,mobile,BE-VLG,synthetic
2026-08-26,session-00012,gmh-gruppe-sn-00000006-c0a7c1a5,qr,1,dpp-section-view,Product Information,,desktop,NL-NH,synthetic
2026-08-26,session-00012,gmh-gruppe-sn-00000006-c0a7c1a5,qr,2,dpp-section-view,Materials,,desktop,NL-NH,synthetic
2026-08-26,session-00012,gmh-gruppe-sn-00000006-c0a7c1a5,qr,3,dpp-section-view,Overview,,desktop,NL-NH,synthetic
2026-08-26,session-00012,gmh-gruppe-sn-00000006-c0a7c1a5,qr,4,dpp-section-view,Traceability,,desktop,NL-NH,synthetic
2026-08-26,session-00012,gmh-gruppe-sn-00000006-c0a7c1a5,qr,5,dpp-section-view,Sustainability,,desktop,NL-NH,synthetic
2026-08-26,session-00012,gmh-gruppe-sn-00000006-c0a7c1a5,qr,6,dpp-section-view,Documents,,desktop,NL-NH,synthetic
2026-08-26,session-00012,gmh-gruppe-sn-00000006-c0a7c1a5,qr,7,dpp-document-open,Documents,Declaration of Conformity.pdf,desktop,NL-NH,synthetic
2026-08-11,session-00013,gmh-gruppe-sn-00000006-c0a7c1a5,qr,1,dpp-section-view,Overview,,desktop,DE-NW,synthetic
2026-08-11,session-00013,gmh-gruppe-sn-00000006-c0a7c1a5,qr,2,dpp-section-view,Documents,,desktop,DE-NW,synthetic
2026-08-11,session-00013,gmh-gruppe-sn-00000006-c0a7c1a5,qr,3,dpp-section-view,Materials,,desktop,DE-NW,synthetic
2026-08-11,session-00013,gmh-gruppe-sn-00000006-c0a7c1a5,qr,4,dpp-section-view,Sustainability,,desktop,DE-NW,synthetic
2026-06-08,session-00014,mannstaedt-demo-002,web,1,dpp-section-view,Overview,,mobile,DE-NW,synthetic
2026-06-08,session-00014,mannstaedt-demo-002,web,2,dpp-section-view,Materials,,mobile,DE-NW,synthetic
2026-06-08,session-00014,mannstaedt-demo-002,web,3,dpp-section-view,Sustainability,,mobile,DE-NW,synthetic
2026-06-08,session-00014,mannstaedt-demo-002,web,4,dpp-section-view,Product Information,,mobile,DE-NW,synthetic
2026-06-08,session-00014,mannstaedt-demo-002,web,5,dpp-document-open,Documents,Declaration of Conformity.pdf,mobile,DE-NW,synthetic
2026-06-08,session-00014,mannstaedt-demo-002,web,6,dpp-document-open,Documents,Sustainability Certificate.pdf,mobile,DE-NW,synthetic
2026-06-08,session-00014,mannstaedt-demo-002,web,7,dpp-document-open,Documents,Material Certificate.pdf,mobile,DE-NW,synthetic
2026-06-13,session-00015,mannstaedt-demo-002,qr,1,dpp-section-view,Overview,,desktop,DE-BY,synthetic
2026-06-13,session-00015,mannstaedt-demo-002,qr,2,dpp-section-view,Traceability,,desktop,DE-BY,synthetic
2026-05-03,session-00016,mannstaedt-demo-002,qr,1,dpp-section-view,Overview,,mobile,NL-NH,synthetic
2026-05-03,session-00016,mannstaedt-demo-002,qr,2,dpp-section-view,Sustainability,,mobile,NL-NH,synthetic
2026-08-03,session-00017,gmh-gruppe-sn-00000006-c0a7c1a5,qr,1,dpp-section-view,Overview,,mobile,DE-BE,synthetic
2026-08-03,session-00017,gmh-gruppe-sn-00000006-c0a7c1a5,qr,2,dpp-section-view,Sustainability,,mobile,DE-BE,synthetic
2026-08-14,session-00018,mannstaedt-demo-003,qr,1,dpp-section-view,Materials,,desktop,DE-BY,synthetic
2026-08-14,session-00018,mannstaedt-demo-003,qr,2,dpp-section-view,Documents,,desktop,DE-BY,synthetic
2026-08-14,session-00018,mannstaedt-demo-003,qr,3,dpp-section-view,Traceability,,desktop,DE-BY,synthetic
2026-08-14,session-00018,mannstaedt-demo-003,qr,4,dpp-section-view,Sustainability,,desktop,DE-BY,synthetic
2026-08-14,session-00018,mannstaedt-demo-003,qr,5,dpp-section-view,Overview,,desktop,DE-BY,synthetic
2026-08-14,session-00018,mannstaedt-demo-003,qr,6,dpp-section-view,Product Information,,desktop,DE-BY,synthetic
2026-08-14,session-00018,mannstaedt-demo-003,qr,7,dpp-document-open,Documents,Material Certificate.pdf,desktop,DE-BY,synthetic
2026-08-14,session-00018,mannstaedt-demo-003,qr,8,dpp-document-open,Documents,Technical Datasheet.pdf,desktop,DE-BY,synthetic
2026-08-04,session-00019,gmh-gruppe-sn-00000006-c0a7c1a5,qr,1,dpp-section-view,Overview,,tablet,NL-NH,synthetic
2026-08-04,session-00019,gmh-gruppe-sn-00000006-c0a7c1a5,qr,2,dpp-section-view,Sustainability,,tablet,NL-NH,synthetic
2026-08-02,session-00020,mannstaedt-demo-002,qr,1,dpp-section-view,Sustainability,,desktop,BE-VLG,synthetic
2026-08-02,session-00020,mannstaedt-demo-002,qr,2,dpp-section-view,Overview,,desktop,BE-VLG,synthetic
2026-08-02,session-00020,mannstaedt-demo-002,qr,3,dpp-document-open,Documents,Technical Datasheet.pdf,desktop,BE-VLG,synthetic
2026-05-18,session-00021,gmh-gruppe-sn-00000006-c0a7c1a5,web,1,dpp-section-view,Overview,,desktop,DE-BY,synthetic
2026-05-18,session-00021,gmh-gruppe-sn-00000006-c0a7c1a5,web,2,dpp-section-view,Documents,,desktop,DE-BY,synthetic
2026-05-18,session-00021,gmh-gruppe-sn-00000006-c0a7c1a5,web,3,dpp-section-view,Materials,,desktop,DE-BY,synthetic
2026-05-18,session-00021,gmh-gruppe-sn-00000006-c0a7c1a5,web,4,dpp-document-open,Documents,Sustainability Certificate.pdf,desktop,DE-BY,synthetic
2026-05-18,session-00021,gmh-gruppe-sn-00000006-c0a7c1a5,web,5,dpp-document-open,Documents,Sustainability Certificate.pdf,desktop,DE-BY,synthetic
2026-06-26,session-00022,gmh-gruppe-sn-00000006-c0a7c1a5,web,1,dpp-section-view,Sustainability,,desktop,DE-NW,synthetic
2026-06-26,session-00022,gmh-gruppe-sn-00000006-c0a7c1a5,web,2,dpp-section-view,Materials,,desktop,DE-NW,synthetic
2026-06-26,session-00022,gmh-gruppe-sn-00000006-c0a7c1a5,web,3,dpp-section-view,Overview,,desktop,DE-NW,synthetic
2026-06-26,session-00022,gmh-gruppe-sn-00000006-c0a7c1a5,web,4,dpp-section-view,Traceability,,desktop,DE-NW,synthetic
2026-05-20,session-00023,gmh-gruppe-sn-00000006-c0a7c1a5,qr,1,dpp-section-view,Traceability,,desktop,NL-NH,synthetic
2026-05-20,session-00023,gmh-gruppe-sn-00000006-c0a7c1a5,qr,2,dpp-section-view,Overview,,desktop,NL-NH,synthetic
2026-05-20,session-00023,gmh-gruppe-sn-00000006-c0a7c1a5,qr,3,dpp-section-view,Product Information,,desktop,NL-NH,synthetic
2026-05-20,session-00023,gmh-gruppe-sn-00000006-c0a7c1a5,qr,4,dpp-section-view,Sustainability,,desktop,NL-NH,synthetic
2026-05-20,session-00023,gmh-gruppe-sn-00000006-c0a7c1a5,qr,5,dpp-section-view,Materials,,desktop,NL-NH,synthetic
2026-05-20,session-00023,gmh-gruppe-sn-00000006-c0a7c1a5,qr,6,dpp-document-open,Documents,Declaration of Conformity.pdf,desktop,NL-NH,synthetic
2026-08-16,session-00024,gmh-gruppe-sn-00000006-c0a7c1a5,web,1,dpp-section-view,Sustainability,,desktop,DE-BY,synthetic
2026-08-16,session-00024,gmh-gruppe-sn-00000006-c0a7c1a5,web,2,dpp-section-view,Traceability,,desktop,DE-BY,synthetic
2026-08-16,session-00024,gmh-gruppe-sn-00000006-c0a7c1a5,web,3,dpp-section-view,Overview,,desktop,DE-BY,synthetic
2026-07-09,session-00025,mannstaedt-demo-002,qr,1,dpp-section-view,Overview,,desktop,BE-VLG,synthetic
2026-07-09,session-00025,mannstaedt-demo-002,qr,2,dpp-document-open,Documents,Technical Datasheet.pdf,desktop,BE-VLG,synthetic
2026-07-09,session-00025,mannstaedt-demo-002,qr,3,dpp-document-open,Documents,Technical Datasheet.pdf,desktop,BE-VLG,synthetic
2026-07-09,session-00025,mannstaedt-demo-002,qr,4,dpp-document-open,Documents,Material Certificate.pdf,desktop,BE-VLG,synthetic
2026-05-25,session-00026,mannstaedt-demo-003,qr,1,dpp-section-view,Overview,,desktop,BE-VLG,synthetic
2026-05-25,session-00026,mannstaedt-demo-003,qr,2,dpp-section-view,Product Information,,desktop,BE-VLG,synthetic
2026-05-25,session-00026,mannstaedt-demo-003,qr,3,dpp-document-open,Documents,Technical Datasheet.pdf,desktop,BE-VLG,synthetic
2026-05-25,session-00026,mannstaedt-demo-003,qr,4,dpp-document-open,Documents,Technical Datasheet.pdf,desktop,BE-VLG,synthetic
2026-05-25,session-00026,mannstaedt-demo-003,qr,5,dpp-document-open,Documents,Material Certificate.pdf,desktop,BE-VLG,synthetic
2026-05-08,session-00027,gmh-gruppe-sn-00000006-c0a7c1a5,qr,1,dpp-section-view,Documents,,desktop,DE-BE,synthetic
2026-05-08,session-00027,gmh-gruppe-sn-00000006-c0a7c1a5,qr,2,dpp-section-view,Traceability,,desktop,DE-BE,synthetic
2026-05-08,session-00027,gmh-gruppe-sn-00000006-c0a7c1a5,qr,3,dpp-section-view,Sustainability,,desktop,DE-BE,synthetic
2026-05-08,session-00027,gmh-gruppe-sn-00000006-c0a7c1a5,qr,4,dpp-section-view,Overview,,desktop,DE-BE,synthetic
2026-05-08,session-00027,gmh-gruppe-sn-00000006-c0a7c1a5,qr,5,dpp-document-open,Documents,Material Certificate.pdf,desktop,DE-BE,synthetic
2026-05-08,session-00027,gmh-gruppe-sn-00000006-c0a7c1a5,qr,6,dpp-document-open,Documents,Sustainability Certificate.pdf,desktop,DE-BE,synthetic
2026-08-24,session-00028,gmh-gruppe-sn-00000006-c0a7c1a5,qr,1,dpp-section-view,Overview,,mobile,DE-BY,synthetic
2026-08-24,session-00028,gmh-gruppe-sn-00000006-c0a7c1a5,qr,2,dpp-section-view,Sustainability,,mobile,DE-BY,synthetic
2026-05-14,session-00029,mannstaedt-demo-002,web,1,dpp-section-view,Materials,,desktop,DE-NW,synthetic
2026-05-14,session-00029,mannstaedt-demo-002,web,2,dpp-section-view,Traceability,,desktop,DE-NW,synthetic
2026-05-14,session-00029,mannstaedt-demo-002,web,3,dpp-section-view,Overview,,desktop,DE-NW,synthetic
2026-05-14,session-00029,mannstaedt-demo-002,web,4,dpp-section-view,Sustainability,,desktop,DE-NW,synthetic
2026-05-14,session-00029,mannstaedt-demo-002,web,5,dpp-section-view,Documents,,desktop,DE-NW,synthetic
2026-06-12,session-00030,gmh-gruppe-sn-00000006-c0a7c1a5,web,1,dpp-section-view,Overview,,desktop,DE-BE,synthetic
2026-05-22,session-00031,gmh-gruppe-sn-00000006-c0a7c1a5,qr,1,dpp-section-view,Sustainability,,desktop,DE-BE,synthetic
2026-05-22,session-00031,gmh-gruppe-sn-00000006-c0a7c1a5,qr,2,dpp-section-view,Overview,,desktop,DE-BE,synthetic
2026-05-22,session-00031,gmh-gruppe-sn-00000006-c0a7c1a5,qr,3,dpp-section-view,Traceability,,desktop,DE-BE,synthetic
2026-05-22,session-00031,gmh-gruppe-sn-00000006-c0a7c1a5,qr,4,dpp-section-view,Documents,,desktop,DE-BE,synthetic
2026-05-22,session-00031,gmh-gruppe-sn-00000006-c0a7c1a5,qr,5,dpp-section-view,Product Information,,desktop,DE-BE,synthetic
2026-05-22,session-00031,gmh-gruppe-sn-00000006-c0a7c1a5,qr,6,dpp-document-open,Documents,Sustainability Certificate.pdf,desktop,DE-BE,synthetic
2026-05-22,session-00031,gmh-gruppe-sn-00000006-c0a7c1a5,qr,7,dpp-document-open,Documents,Sustainability Certificate.pdf,desktop,DE-BE,synthetic
2026-07-09,session-00032,gmh-gruppe-sn-00000006-c0a7c1a5,web,1,dpp-section-view,Overview,,mobile,DE-BY,synthetic
2026-07-09,session-00032,gmh-gruppe-sn-00000006-c0a7c1a5,web,2,dpp-section-view,Product Information,,mobile,DE-BY,synthetic
2026-08-13,session-00033,gmh-gruppe-sn-00000006-c0a7c1a5,web,1,dpp-section-view,Overview,,desktop,BE-VLG,synthetic
2026-07-19,session-00034,gmh-gruppe-sn-00000006-c0a7c1a5,qr,1,dpp-section-view,Overview,,tablet,DE-NW,synthetic
2026-07-19,session-00034,gmh-gruppe-sn-00000006-c0a7c1a5,qr,2,dpp-section-view,Product Information,,tablet,DE-NW,synthetic
2026-07-19,session-00034,gmh-gruppe-sn-00000006-c0a7c1a5,qr,3,dpp-section-view,Materials,,tablet,DE-NW,synthetic
2026-07-19,session-00034,gmh-gruppe-sn-00000006-c0a7c1a5,qr,4,dpp-section-view,Sustainability,,tablet,DE-NW,synthetic
2026-08-13,session-00035,gmh-gruppe-sn-00000006-c0a7c1a5,qr,1,dpp-section-view,Overview,,mobile,DE-NW,synthetic
2026-08-13,session-00035,gmh-gruppe-sn-00000006-c0a7c1a5,qr,2,dpp-section-view,Documents,,mobile,DE-NW,synthetic
2026-08-13,session-00035,gmh-gruppe-sn-00000006-c0a7c1a5,qr,3,dpp-section-view,Materials,,mobile,DE-NW,synthetic
2026-08-13,session-00035,gmh-gruppe-sn-00000006-c0a7c1a5,qr,4,dpp-section-view,Sustainability,,mobile,DE-NW,synthetic
2026-08-13,session-00035,gmh-gruppe-sn-00000006-c0a7c1a5,qr,5,dpp-section-view,Traceability,,mobile,DE-NW,synthetic
2026-08-13,session-00035,gmh-gruppe-sn-00000006-c0a7c1a5,qr,6,dpp-document-open,Documents,Declaration of Conformity.pdf,mobile,DE-NW,synthetic
2026-08-13,session-00035,gmh-gruppe-sn-00000006-c0a7c1a5,qr,7,dpp-document-open,Documents,Material Certificate.pdf,mobile,DE-NW,synthetic
2026-08-02,session-00036,mannstaedt-demo-002,web,1,dpp-section-view,Materials,,desktop,DE-NW,synthetic
2026-08-02,session-00036,mannstaedt-demo-002,web,2,dpp-section-view,Product Information,,desktop,DE-NW,synthetic
2026-08-02,session-00036,mannstaedt-demo-002,web,3,dpp-section-view,Overview,,desktop,DE-NW,synthetic
2026-08-02,session-00036,mannstaedt-demo-002,web,4,dpp-document-open,Documents,Declaration of Conformity.pdf,desktop,DE-NW,synthetic
2026-08-02,session-00036,mannstaedt-demo-002,web,5,dpp-document-open,Documents,Material Certificate.pdf,desktop,DE-NW,synthetic
2026-06-10,session-00037,gmh-gruppe-sn-00000006-c0a7c1a5,qr,1,dpp-section-view,Materials,,desktop,DE-NW,synthetic
2026-06-10,session-00037,gmh-gruppe-sn-00000006-c0a7c1a5,qr,2,dpp-section-view,Documents,,desktop,DE-NW,synthetic
2026-06-10,session-00037,gmh-gruppe-sn-00000006-c0a7c1a5,qr,3,dpp-section-view,Traceability,,desktop,DE-NW,synthetic
2026-06-10,session-00037,gmh-gruppe-sn-00000006-c0a7c1a5,qr,4,dpp-section-view,Product Information,,desktop,DE-NW,synthetic
2026-06-10,session-00037,gmh-gruppe-sn-00000006-c0a7c1a5,qr,5,dpp-section-view,Sustainability,,desktop,DE-NW,synthetic
2026-06-10,session-00037,gmh-gruppe-sn-00000006-c0a7c1a5,qr,6,dpp-section-view,Overview,,desktop,DE-NW,synthetic
2026-08-30,session-00038,gmh-gruppe-sn-00000006-c0a7c1a5,qr,1,dpp-section-view,Overview,,mobile,BE-VLG,synthetic
2026-07-22,session-00039,gmh-gruppe-sn-00000006-c0a7c1a5,web,1,dpp-section-view,Sustainability,,desktop,BE-VLG,synthetic
2026-07-22,session-00039,gmh-gruppe-sn-00000006-c0a7c1a5,web,2,dpp-section-view,Overview,,desktop,BE-VLG,synthetic
2026-06-29,session-00040,gmh-gruppe-sn-00000006-c0a7c1a5,web,1,dpp-section-view,Overview,,desktop,NL-NH,synthetic
2026-08-17,session-00041,mannstaedt-demo-002,qr,1,dpp-section-view,Overview,,desktop,DE-BE,synthetic
2026-08-17,session-00041,mannstaedt-demo-002,qr,2,dpp-section-view,Sustainability,,desktop,DE-BE,synthetic
2026-08-17,session-00041,mannstaedt-demo-002,qr,3,dpp-document-open,Documents,Technical Datasheet.pdf,desktop,DE-BE,synthetic
2026-05-21,session-00042,gmh-gruppe-sn-00000006-c0a7c1a5,qr,1,dpp-section-view,Overview,,mobile,DE-NW,synthetic
2026-05-21,session-00042,gmh-gruppe-sn-00000006-c0a7c1a5,qr,2,dpp-section-view,Materials,,mobile,DE-NW,synthetic
2026-05-21,session-00042,gmh-gruppe-sn-00000006-c0a7c1a5,qr,3,dpp-section-view,Sustainability,,mobile,DE-NW,synthetic
2026-08-15,session-00043,gmh-gruppe-sn-00000006-c0a7c1a5,qr,1,dpp-section-view,Documents,,desktop,BE-VLG,synthetic
2026-08-15,session-00043,gmh-gruppe-sn-00000006-c0a7c1a5,qr,2,dpp-section-view,Traceability,,desktop,BE-VLG,synthetic
2026-08-15,session-00043,gmh-gruppe-sn-00000006-c0a7c1a5,qr,3,dpp-section-view,Product Information,,desktop,BE-VLG,synthetic
2026-08-15,session-00043,gmh-gruppe-sn-00000006-c0a7c1a5,qr,4,dpp-section-view,Overview,,desktop,BE-VLG,synthetic
2026-08-15,session-00043,gmh-gruppe-sn-00000006-c0a7c1a5,qr,5,dpp-section-view,Sustainability,,desktop,BE-VLG,synthetic
2026-08-15,session-00043,gmh-gruppe-sn-00000006-c0a7c1a5,qr,6,dpp-document-open,Documents,Declaration of Conformity.pdf,desktop,BE-VLG,synthetic
2026-08-01,session-00044,gmh-gruppe-sn-00000006-c0a7c1a5,web,1,dpp-section-view,Product Information,,mobile,DE-BE,synthetic
2026-08-01,session-00044,gmh-gruppe-sn-00000006-c0a7c1a5,web,2,dpp-section-view,Materials,,mobile,DE-BE,synthetic
2026-08-01,session-00044,gmh-gruppe-sn-00000006-c0a7c1a5,web,3,dpp-section-view,Overview,,mobile,DE-BE,synthetic
2026-08-01,session-00044,gmh-gruppe-sn-00000006-c0a7c1a5,web,4,dpp-document-open,Documents,Material Certificate.pdf,mobile,DE-BE,synthetic
2026-06-18,session-00045,gmh-gruppe-sn-00000006-c0a7c1a5,qr,1,dpp-section-view,Overview,,mobile,BE-VLG,synthetic
2026-06-18,session-00045,gmh-gruppe-sn-00000006-c0a7c1a5,qr,2,dpp-section-view,Documents,,mobile,BE-VLG,synthetic
2026-06-18,session-00045,gmh-gruppe-sn-00000006-c0a7c1a5,qr,3,dpp-section-view,Materials,,mobile,BE-VLG,synthetic
2026-06-03,session-00046,gmh-gruppe-sn-00000006-c0a7c1a5,web,1,dpp-section-view,Overview,,desktop,NL-NH,synthetic
2026-06-03,session-00046,gmh-gruppe-sn-00000006-c0a7c1a5,web,2,dpp-document-open,Documents,Sustainability Certificate.pdf,desktop,NL-NH,synthetic
2026-06-03,session-00046,gmh-gruppe-sn-00000006-c0a7c1a5,web,3,dpp-document-open,Documents,Sustainability Certificate.pdf,desktop,NL-NH,synthetic
2026-06-03,session-00046,gmh-gruppe-sn-00000006-c0a7c1a5,web,4,dpp-document-open,Documents,Declaration of Conformity.pdf,desktop,NL-NH,synthetic
2026-06-06,session-00047,gmh-gruppe-sn-00000006-c0a7c1a5,qr,1,dpp-section-view,Overview,,desktop,NL-NH,synthetic
2026-06-06,session-00047,gmh-gruppe-sn-00000006-c0a7c1a5,qr,2,dpp-section-view,Product Information,,desktop,NL-NH,synthetic
2026-06-06,session-00047,gmh-gruppe-sn-00000006-c0a7c1a5,qr,3,dpp-section-view,Documents,,desktop,NL-NH,synthetic
2026-06-06,session-00047,gmh-gruppe-sn-00000006-c0a7c1a5,qr,4,dpp-document-open,Documents,Declaration of Conformity.pdf,desktop,NL-NH,synthetic
2026-06-06,session-00047,gmh-gruppe-sn-00000006-c0a7c1a5,qr,5,dpp-document-open,Documents,Declaration of Conformity.pdf,desktop,NL-NH,synthetic
2026-06-08,session-00048,gmh-gruppe-sn-00000006-c0a7c1a5,qr,1,dpp-section-view,Sustainability,,desktop,DE-BE,synthetic
2026-06-08,session-00048,gmh-gruppe-sn-00000006-c0a7c1a5,qr,2,dpp-section-view,Overview,,desktop,DE-BE,synthetic
2026-06-08,session-00048,gmh-gruppe-sn-00000006-c0a7c1a5,qr,3,dpp-section-view,Documents,,desktop,DE-BE,synthetic
2026-06-08,session-00048,gmh-gruppe-sn-00000006-c0a7c1a5,qr,4,dpp-section-view,Materials,,desktop,DE-BE,synthetic
2026-06-08,session-00048,gmh-gruppe-sn-00000006-c0a7c1a5,qr,5,dpp-section-view,Traceability,,desktop,DE-BE,synthetic
2026-06-08,session-00048,gmh-gruppe-sn-00000006-c0a7c1a5,qr,6,dpp-document-open,Documents,Technical Datasheet.pdf,desktop,DE-BE,synthetic
2026-06-08,session-00048,gmh-gruppe-sn-00000006-c0a7c1a5,qr,7,dpp-document-open,Documents,Material Certificate.pdf,desktop,DE-BE,synthetic
2026-07-21,session-00049,mannstaedt-demo-003,qr,1,dpp-section-view,Traceability,,mobile,BE-VLG,synthetic
2026-07-21,session-00049,mannstaedt-demo-003,qr,2,dpp-section-view,Materials,,mobile,BE-VLG,synthetic
2026-07-21,session-00049,mannstaedt-demo-003,qr,3,dpp-section-view,Documents,,mobile,BE-VLG,synthetic
2026-07-21,session-00049,mannstaedt-demo-003,qr,4,dpp-section-view,Product Information,,mobile,BE-VLG,synthetic
2026-07-21,session-00049,mannstaedt-demo-003,qr,5,dpp-section-view,Overview,,mobile,BE-VLG,synthetic
2026-07-21,session-00049,mannstaedt-demo-003,qr,6,dpp-document-open,Documents,Declaration of Conformity.pdf,mobile,BE-VLG,synthetic
2026-07-21,session-00049,mannstaedt-demo-003,qr,7,dpp-document-open,Documents,Sustainability Certificate.pdf,mobile,BE-VLG,synthetic
2026-07-21,session-00049,mannstaedt-demo-003,qr,8,dpp-document-open,Documents,Technical Datasheet.pdf,mobile,BE-VLG,synthetic
2026-05-08,session-00050,gmh-gruppe-sn-00000006-c0a7c1a5,web,1,dpp-section-view,Overview,,desktop,DE-NW,synthetic
2026-08-26,session-00051,gmh-gruppe-sn-00000006-c0a7c1a5,web,1,dpp-section-view,Overview,,mobile,DE-NW,synthetic
2026-07-05,session-00052,gmh-gruppe-sn-00000006-c0a7c1a5,web,1,dpp-section-view,Overview,,mobile,BE-VLG,synthetic
2026-07-05,session-00052,gmh-gruppe-sn-00000006-c0a7c1a5,web,2,dpp-section-view,Materials,,mobile,BE-VLG,synthetic
2026-07-05,session-00052,gmh-gruppe-sn-00000006-c0a7c1a5,web,3,dpp-section-view,Sustainability,,mobile,BE-VLG,synthetic
2026-07-05,session-00052,gmh-gruppe-sn-00000006-c0a7c1a5,web,4,dpp-document-open,Documents,Technical Datasheet.pdf,mobile,BE-VLG,synthetic
2026-07-05,session-00052,gmh-gruppe-sn-00000006-c0a7c1a5,web,5,dpp-document-open,Documents,Material Certificate.pdf,mobile,BE-VLG,synthetic
2026-07-05,session-00052,gmh-gruppe-sn-00000006-c0a7c1a5,web,6,dpp-document-open,Documents,Declaration of Conformity.pdf,mobile,BE-VLG,synthetic
2026-07-08,session-00053,mannstaedt-demo-003,qr,1,dpp-section-view,Overview,,desktop,DE-BE,synthetic
2026-07-08,session-00053,mannstaedt-demo-003,qr,2,dpp-section-view,Materials,,desktop,DE-BE,synthetic
2026-07-08,session-00053,mannstaedt-demo-003,qr,3,dpp-section-view,Documents,,desktop,DE-BE,synthetic
2026-07-08,session-00053,mannstaedt-demo-003,qr,4,dpp-section-view,Traceability,,desktop,DE-BE,synthetic
2026-07-08,session-00053,mannstaedt-demo-003,qr,5,dpp-document-open,Documents,Sustainability Certificate.pdf,desktop,DE-BE,synthetic
2026-07-08,session-00053,mannstaedt-demo-003,qr,6,dpp-document-open,Documents,Sustainability Certificate.pdf,desktop,DE-BE,synthetic
2026-07-08,session-00053,mannstaedt-demo-003,qr,7,dpp-document-open,Documents,Material Certificate.pdf,desktop,DE-BE,synthetic
2026-08-17,session-00054,gmh-gruppe-sn-00000006-c0a7c1a5,qr,1,dpp-section-view,Overview,,desktop,NL-NH,synthetic
2026-05-26,session-00055,gmh-gruppe-sn-00000006-c0a7c1a5,qr,1,dpp-section-view,Materials,,mobile,DE-BY,synthetic
2026-05-26,session-00055,gmh-gruppe-sn-00000006-c0a7c1a5,qr,2,dpp-section-view,Product Information,,mobile,DE-BY,synthetic
2026-05-26,session-00055,gmh-gruppe-sn-00000006-c0a7c1a5,qr,3,dpp-section-view,Overview,,mobile,DE-BY,synthetic
2026-05-26,session-00055,gmh-gruppe-sn-00000006-c0a7c1a5,qr,4,dpp-section-view,Documents,,mobile,DE-BY,synthetic
2026-05-26,session-00055,gmh-gruppe-sn-00000006-c0a7c1a5,qr,5,dpp-section-view,Traceability,,mobile,DE-BY,synthetic
2026-05-26,session-00055,gmh-gruppe-sn-00000006-c0a7c1a5,qr,6,dpp-section-view,Sustainability,,mobile,DE-BY,synthetic
2026-05-26,session-00055,gmh-gruppe-sn-00000006-c0a7c1a5,qr,7,dpp-document-open,Documents,Declaration of Conformity.pdf,mobile,DE-BY,synthetic
2026-05-26,session-00055,gmh-gruppe-sn-00000006-c0a7c1a5,qr,8,dpp-document-open,Documents,Technical Datasheet.pdf,mobile,DE-BY,synthetic
2026-05-26,session-00055,gmh-gruppe-sn-00000006-c0a7c1a5,qr,9,dpp-document-open,Documents,Declaration of Conformity.pdf,mobile,DE-BY,synthetic
2026-07-10,session-00056,mannstaedt-demo-002,qr,1,dpp-section-view,Overview,,mobile,DE-BY,synthetic
2026-07-10,session-00056,mannstaedt-demo-002,qr,2,dpp-section-view,Product Information,,mobile,DE-BY,synthetic
2026-07-10,session-00056,mannstaedt-demo-002,qr,3,dpp-section-view,Documents,,mobile,DE-BY,synthetic
2026-07-10,session-00056,mannstaedt-demo-002,qr,4,dpp-section-view,Materials,,mobile,DE-BY,synthetic
2026-07-10,session-00056,mannstaedt-demo-002,qr,5,dpp-section-view,Traceability,,mobile,DE-BY,synthetic
2026-07-10,session-00056,mannstaedt-demo-002,qr,6,dpp-document-open,Documents,Sustainability Certificate.pdf,mobile,DE-BY,synthetic
2026-07-10,session-00056,mannstaedt-demo-002,qr,7,dpp-document-open,Documents,Material Certificate.pdf,mobile,DE-BY,synthetic
2026-07-07,session-00057,gmh-gruppe-sn-00000006-c0a7c1a5,qr,1,dpp-section-view,Overview,,mobile,DE-NW,synthetic
2026-07-07,session-00057,gmh-gruppe-sn-00000006-c0a7c1a5,qr,2,dpp-section-view,Documents,,mobile,DE-NW,synthetic
2026-07-29,session-00058,gmh-gruppe-sn-00000006-c0a7c1a5,qr,1,dpp-section-view,Materials,,mobile,DE-BE,synthetic
2026-07-29,session-00058,gmh-gruppe-sn-00000006-c0a7c1a5,qr,2,dpp-section-view,Product Information,,mobile,DE-BE,synthetic
2026-07-29,session-00058,gmh-gruppe-sn-00000006-c0a7c1a5,qr,3,dpp-section-view,Overview,,mobile,DE-BE,synthetic
2026-07-29,session-00058,gmh-gruppe-sn-00000006-c0a7c1a5,qr,4,dpp-section-view,Documents,,mobile,DE-BE,synthetic
2026-07-29,session-00058,gmh-gruppe-sn-00000006-c0a7c1a5,qr,5,dpp-section-view,Sustainability,,mobile,DE-BE,synthetic
2026-07-29,session-00058,gmh-gruppe-sn-00000006-c0a7c1a5,qr,6,dpp-section-view,Traceability,,mobile,DE-BE,synthetic
2026-08-14,session-00059,mannstaedt-demo-003,qr,1,dpp-section-view,Sustainability,,mobile,DE-BE,synthetic
2026-08-14,session-00059,mannstaedt-demo-003,qr,2,dpp-section-view,Overview,,mobile,DE-BE,synthetic
2026-08-14,session-00059,mannstaedt-demo-003,qr,3,dpp-section-view,Traceability,,mobile,DE-BE,synthetic
2026-08-14,session-00059,mannstaedt-demo-003,qr,4,dpp-section-view,Materials,,mobile,DE-BE,synthetic
2026-08-14,session-00059,mannstaedt-demo-003,qr,5,dpp-document-open,Documents,Technical Datasheet.pdf,mobile,DE-BE,synthetic
2026-08-14,session-00059,mannstaedt-demo-003,qr,6,dpp-document-open,Documents,Declaration of Conformity.pdf,mobile,DE-BE,synthetic
2026-08-10,session-00060,mannstaedt-demo-003,qr,1,dpp-section-view,Overview,,tablet,BE-VLG,synthetic
2026-08-10,session-00060,mannstaedt-demo-003,qr,2,dpp-section-view,Product Information,,tablet,BE-VLG,synthetic
2026-06-30,session-00061,gmh-gruppe-sn-00000006-c0a7c1a5,web,1,dpp-section-view,Overview,,mobile,DE-BY,synthetic
2026-05-05,session-00062,mannstaedt-demo-002,web,1,dpp-section-view,Sustainability,,mobile,NL-NH,synthetic
2026-05-05,session-00062,mannstaedt-demo-002,web,2,dpp-section-view,Product Information,,mobile,NL-NH,synthetic
2026-05-05,session-00062,mannstaedt-demo-002,web,3,dpp-section-view,Overview,,mobile,NL-NH,synthetic
2026-08-05,session-00063,mannstaedt-demo-003,web,1,dpp-section-view,Product Information,,desktop,NL-NH,synthetic
2026-08-05,session-00063,mannstaedt-demo-003,web,2,dpp-section-view,Overview,,desktop,NL-NH,synthetic
2026-06-22,session-00064,gmh-gruppe-sn-00000006-c0a7c1a5,qr,1,dpp-section-view,Overview,,mobile,DE-BE,synthetic
2026-06-21,session-00065,gmh-gruppe-sn-00000006-c0a7c1a5,web,1,dpp-section-view,Overview,,mobile,DE-BE,synthetic
2026-09-07,session-00066,mannstaedt-demo-003,web,1,dpp-section-view,Overview,,mobile,DE-NW,synthetic
2026-09-07,session-00066,mannstaedt-demo-003,web,2,dpp-document-open,Documents,Sustainability Certificate.pdf,mobile,DE-NW,synthetic
2026-09-07,session-00066,mannstaedt-demo-003,web,3,dpp-document-open,Documents,Declaration of Conformity.pdf,mobile,DE-NW,synthetic
2026-06-15,session-00067,gmh-gruppe-sn-00000006-c0a7c1a5,qr,1,dpp-section-view,Documents,,desktop,DE-BY,synthetic
2026-06-15,session-00067,gmh-gruppe-sn-00000006-c0a7c1a5,qr,2,dpp-section-view,Overview,,desktop,DE-BY,synthetic
2026-06-15,session-00067,gmh-gruppe-sn-00000006-c0a7c1a5,qr,3,dpp-section-view,Traceability,,desktop,DE-BY,synthetic
2026-06-15,session-00067,gmh-gruppe-sn-00000006-c0a7c1a5,qr,4,dpp-section-view,Product Information,,desktop,DE-BY,synthetic
2026-06-15,session-00067,gmh-gruppe-sn-00000006-c0a7c1a5,qr,5,dpp-section-view,Sustainability,,desktop,DE-BY,synthetic
2026-06-15,session-00067,gmh-gruppe-sn-00000006-c0a7c1a5,qr,6,dpp-section-view,Materials,,desktop,DE-BY,synthetic
2026-06-15,session-00067,gmh-gruppe-sn-00000006-c0a7c1a5,qr,7,dpp-document-open,Documents,Sustainability Certificate.pdf,desktop,DE-BY,synthetic
2026-06-15,session-00067,gmh-gruppe-sn-00000006-c0a7c1a5,qr,8,dpp-document-open,Documents,Technical Datasheet.pdf,desktop,DE-BY,synthetic
2026-06-15,session-00067,gmh-gruppe-sn-00000006-c0a7c1a5,qr,9,dpp-document-open,Documents,Technical Datasheet.pdf,desktop,DE-BY,synthetic
2026-08-27,session-00068,gmh-gruppe-sn-00000006-c0a7c1a5,qr,1,dpp-section-view,Overview,,mobile,DE-BY,synthetic
2026-08-27,session-00068,gmh-gruppe-sn-00000006-c0a7c1a5,qr,2,dpp-section-view,Sustainability,,mobile,DE-BY,synthetic
2026-07-16,session-00069,mannstaedt-demo-002,qr,1,dpp-section-view,Sustainability,,mobile,DE-BY,synthetic
2026-07-16,session-00069,mannstaedt-demo-002,qr,2,dpp-section-view,Product Information,,mobile,DE-BY,synthetic
2026-07-16,session-00069,mannstaedt-demo-002,qr,3,dpp-section-view,Overview,,mobile,DE-BY,synthetic
2026-07-16,session-00069,mannstaedt-demo-002,qr,4,dpp-section-view,Materials,,mobile,DE-BY,synthetic
2026-07-16,session-00069,mannstaedt-demo-002,qr,5,dpp-section-view,Documents,,mobile,DE-BY,synthetic
2026-07-16,session-00069,mannstaedt-demo-002,qr,6,dpp-section-view,Traceability,,mobile,DE-BY,synthetic
2026-07-16,session-00069,mannstaedt-demo-002,qr,7,dpp-document-open,Documents,Technical Datasheet.pdf,mobile,DE-BY,synthetic
2026-07-16,session-00069,mannstaedt-demo-002,qr,8,dpp-document-open,Documents,Material Certificate.pdf,mobile,DE-BY,synthetic
2026-07-16,session-00069,mannstaedt-demo-002,qr,9,dpp-document-open,Documents,Material Certificate.pdf,mobile,DE-BY,synthetic
2026-06-11,session-00070,gmh-gruppe-sn-00000006-c0a7c1a5,web,1,dpp-section-view,Overview,,tablet,DE-NW,synthetic
2026-08-05,session-00071,gmh-gruppe-sn-00000006-c0a7c1a5,qr,1,dpp-section-view,Materials,,desktop,DE-NW,synthetic
2026-08-05,session-00071,gmh-gruppe-sn-00000006-c0a7c1a5,qr,2,dpp-section-view,Overview,,desktop,DE-NW,synthetic
2026-08-05,session-00071,gmh-gruppe-sn-00000006-c0a7c1a5,qr,3,dpp-document-open,Documents,Material Certificate.pdf,desktop,DE-NW,synthetic
2026-08-05,session-00071,gmh-gruppe-sn-00000006-c0a7c1a5,qr,4,dpp-document-open,Documents,Sustainability Certificate.pdf,desktop,DE-NW,synthetic
2026-06-19,session-00072,gmh-gruppe-sn-00000006-c0a7c1a5,qr,1,dpp-section-view,Overview,,mobile,DE-BE,synthetic
2026-06-19,session-00072,gmh-gruppe-sn-00000006-c0a7c1a5,qr,2,dpp-document-open,Documents,Declaration of Conformity.pdf,mobile,DE-BE,synthetic
2026-06-23,session-00073,gmh-gruppe-sn-00000006-c0a7c1a5,qr,1,dpp-section-view,Traceability,,mobile,BE-VLG,synthetic
2026-06-23,session-00073,gmh-gruppe-sn-00000006-c0a7c1a5,qr,2,dpp-section-view,Materials,,mobile,BE-VLG,synthetic
2026-06-23,session-00073,gmh-gruppe-sn-00000006-c0a7c1a5,qr,3,dpp-section-view,Product Information,,mobile,BE-VLG,synthetic
2026-06-23,session-00073,gmh-gruppe-sn-00000006-c0a7c1a5,qr,4,dpp-section-view,Overview,,mobile,BE-VLG,synthetic
2026-06-23,session-00073,gmh-gruppe-sn-00000006-c0a7c1a5,qr,5,dpp-document-open,Documents,Technical Datasheet.pdf,mobile,BE-VLG,synthetic
2026-06-23,session-00073,gmh-gruppe-sn-00000006-c0a7c1a5,qr,6,dpp-document-open,Documents,Material Certificate.pdf,mobile,BE-VLG,synthetic
2026-06-23,session-00073,gmh-gruppe-sn-00000006-c0a7c1a5,qr,7,dpp-document-open,Documents,Technical Datasheet.pdf,mobile,BE-VLG,synthetic
2026-07-02,session-00074,mannstaedt-demo-003,web,1,dpp-section-view,Overview,,desktop,NL-NH,synthetic
2026-07-02,session-00074,mannstaedt-demo-003,web,2,dpp-section-view,Materials,,desktop,NL-NH,synthetic
2026-07-02,session-00074,mannstaedt-demo-003,web,3,dpp-document-open,Documents,Sustainability Certificate.pdf,desktop,NL-NH,synthetic
2026-06-11,session-00075,gmh-gruppe-sn-00000006-c0a7c1a5,web,1,dpp-section-view,Overview,,desktop,DE-NW,synthetic
2026-05-12,session-00076,gmh-gruppe-sn-00000006-c0a7c1a5,qr,1,dpp-section-view,Traceability,,mobile,DE-BE,synthetic
2026-05-12,session-00076,gmh-gruppe-sn-00000006-c0a7c1a5,qr,2,dpp-section-view,Materials,,mobile,DE-BE,synthetic
2026-05-12,session-00076,gmh-gruppe-sn-00000006-c0a7c1a5,qr,3,dpp-section-view,Product Information,,mobile,DE-BE,synthetic
2026-05-12,session-00076,gmh-gruppe-sn-00000006-c0a7c1a5,qr,4,dpp-section-view,Overview,,mobile,DE-BE,synthetic
2026-07-12,session-00077,gmh-gruppe-sn-00000006-c0a7c1a5,qr,1,dpp-section-view,Overview,,tablet,DE-BE,synthetic
2026-07-12,session-00077,gmh-gruppe-sn-00000006-c0a7c1a5,qr,2,dpp-section-view,Traceability,,tablet,DE-BE,synthetic
2026-07-12,session-00077,gmh-gruppe-sn-00000006-c0a7c1a5,qr,3,dpp-section-view,Documents,,tablet,DE-BE,synthetic
2026-07-22,session-00078,gmh-gruppe-sn-00000006-c0a7c1a5,qr,1,dpp-section-view,Overview,,desktop,DE-BY,synthetic
2026-07-22,session-00078,gmh-gruppe-sn-00000006-c0a7c1a5,qr,2,dpp-section-view,Product Information,,desktop,DE-BY,synthetic
2026-07-22,session-00078,gmh-gruppe-sn-00000006-c0a7c1a5,qr,3,dpp-section-view,Sustainability,,desktop,DE-BY,synthetic
2026-07-22,session-00078,gmh-gruppe-sn-00000006-c0a7c1a5,qr,4,dpp-section-view,Materials,,desktop,DE-BY,synthetic
2026-05-20,session-00079,gmh-gruppe-sn-00000006-c0a7c1a5,qr,1,dpp-section-view,Overview,,desktop,DE-BE,synthetic
2026-05-20,session-00079,gmh-gruppe-sn-00000006-c0a7c1a5,qr,2,dpp-section-view,Documents,,desktop,DE-BE,synthetic
2026-05-20,session-00079,gmh-gruppe-sn-00000006-c0a7c1a5,qr,3,dpp-document-open,Documents,Technical Datasheet.pdf,desktop,DE-BE,synthetic
2026-05-20,session-00079,gmh-gruppe-sn-00000006-c0a7c1a5,qr,4,dpp-document-open,Documents,Technical Datasheet.pdf,desktop,DE-BE,synthetic
2026-09-07,session-00080,mannstaedt-demo-003,qr,1,dpp-section-view,Overview,,desktop,DE-BE,synthetic
2026-09-07,session-00080,mannstaedt-demo-003,qr,2,dpp-section-view,Materials,,desktop,DE-BE,synthetic
2026-08-25,session-00081,gmh-gruppe-sn-00000006-c0a7c1a5,qr,1,dpp-section-view,Overview,,mobile,BE-VLG,synthetic
2026-08-25,session-00081,gmh-gruppe-sn-00000006-c0a7c1a5,qr,2,dpp-section-view,Product Information,,mobile,BE-VLG,synthetic
2026-08-25,session-00081,gmh-gruppe-sn-00000006-c0a7c1a5,qr,3,dpp-section-view,Sustainability,,mobile,BE-VLG,synthetic
2026-08-17,session-00082,gmh-gruppe-sn-00000006-c0a7c1a5,qr,1,dpp-section-view,Overview,,mobile,DE-BE,synthetic
2026-08-17,session-00082,gmh-gruppe-sn-00000006-c0a7c1a5,qr,2,dpp-section-view,Product Information,,mobile,DE-BE,synthetic
2026-08-17,session-00082,gmh-gruppe-sn-00000006-c0a7c1a5,qr,3,dpp-section-view,Traceability,,mobile,DE-BE,synthetic
2026-08-03,session-00083,mannstaedt-demo-003,qr,1,dpp-section-view,Documents,,desktop,BE-VLG,synthetic
2026-08-03,session-00083,mannstaedt-demo-003,qr,2,dpp-section-view,Overview,,desktop,BE-VLG,synthetic
2026-08-03,session-00083,mannstaedt-demo-003,qr,3,dpp-section-view,Traceability,,desktop,BE-VLG,synthetic
2026-08-03,session-00083,mannstaedt-demo-003,qr,4,dpp-document-open,Documents,Declaration of Conformity.pdf,desktop,BE-VLG,synthetic
2026-08-28,session-00084,gmh-gruppe-sn-00000006-c0a7c1a5,web,1,dpp-section-view,Overview,,desktop,BE-VLG,synthetic
2026-08-28,session-00084,gmh-gruppe-sn-00000006-c0a7c1a5,web,2,dpp-section-view,Product Information,,desktop,BE-VLG,synthetic
2026-08-28,session-00084,gmh-gruppe-sn-00000006-c0a7c1a5,web,3,dpp-section-view,Documents,,desktop,BE-VLG,synthetic
2026-08-28,session-00084,gmh-gruppe-sn-00000006-c0a7c1a5,web,4,dpp-section-view,Sustainability,,desktop,BE-VLG,synthetic
2026-09-01,session-00085,mannstaedt-demo-003,qr,1,dpp-section-view,Overview,,mobile,DE-BE,synthetic
2026-06-29,session-00086,mannstaedt-demo-002,web,1,dpp-section-view,Overview,,desktop,DE-NW,synthetic
2026-06-29,session-00086,mannstaedt-demo-002,web,2,dpp-section-view,Materials,,desktop,DE-NW,synthetic
2026-06-20,session-00087,gmh-gruppe-sn-00000006-c0a7c1a5,qr,1,dpp-section-view,Overview,,tablet,DE-BE,synthetic
2026-06-20,session-00087,gmh-gruppe-sn-00000006-c0a7c1a5,qr,2,dpp-section-view,Product Information,,tablet,DE-BE,synthetic
2026-06-20,session-00087,gmh-gruppe-sn-00000006-c0a7c1a5,qr,3,dpp-document-open,Documents,Material Certificate.pdf,tablet,DE-BE,synthetic
2026-07-28,session-00088,gmh-gruppe-sn-00000006-c0a7c1a5,qr,1,dpp-section-view,Overview,,tablet,NL-NH,synthetic
2026-07-28,session-00088,gmh-gruppe-sn-00000006-c0a7c1a5,qr,2,dpp-section-view,Materials,,tablet,NL-NH,synthetic
2026-07-28,session-00088,gmh-gruppe-sn-00000006-c0a7c1a5,qr,3,dpp-section-view,Traceability,,tablet,NL-NH,synthetic
2026-06-01,session-00089,gmh-gruppe-sn-00000006-c0a7c1a5,qr,1,dpp-section-view,Overview,,desktop,DE-NW,synthetic
2026-06-01,session-00089,gmh-gruppe-sn-00000006-c0a7c1a5,qr,2,dpp-section-view,Documents,,desktop,DE-NW,synthetic
2026-06-01,session-00089,gmh-gruppe-sn-00000006-c0a7c1a5,qr,3,dpp-document-open,Documents,Declaration of Conformity.pdf,desktop,DE-NW,synthetic
2026-05-18,session-00090,mannstaedt-demo-003,web,1,dpp-section-view,Overview,,mobile,DE-BY,synthetic
2026-05-18,session-00090,mannstaedt-demo-003,web,2,dpp-section-view,Product Information,,mobile,DE-BY,synthetic
2026-05-18,session-00090,mannstaedt-demo-003,web,3,dpp-document-open,Documents,Technical Datasheet.pdf,mobile,DE-BY,synthetic
2026-05-18,session-00090,mannstaedt-demo-003,web,4,dpp-document-open,Documents,Material Certificate.pdf,mobile,DE-BY,synthetic
2026-05-18,session-00090,mannstaedt-demo-003,web,5,dpp-document-open,Documents,Declaration of Conformity.pdf,mobile,DE-BY,synthetic
2026-06-09,session-00091,gmh-gruppe-sn-00000006-c0a7c1a5,qr,1,dpp-section-view,Documents,,desktop,BE-VLG,synthetic
2026-06-09,session-00091,gmh-gruppe-sn-00000006-c0a7c1a5,qr,2,dpp-section-view,Overview,,desktop,BE-VLG,synthetic
2026-08-18,session-00092,gmh-gruppe-sn-00000006-c0a7c1a5,qr,1,dpp-section-view,Product Information,,mobile,NL-NH,synthetic
2026-08-18,session-00092,gmh-gruppe-sn-00000006-c0a7c1a5,qr,2,dpp-section-view,Overview,,mobile,NL-NH,synthetic
2026-08-18,session-00092,gmh-gruppe-sn-00000006-c0a7c1a5,qr,3,dpp-section-view,Documents,,mobile,NL-NH,synthetic
2026-08-18,session-00092,gmh-gruppe-sn-00000006-c0a7c1a5,qr,4,dpp-section-view,Traceability,,mobile,NL-NH,synthetic
2026-06-08,session-00093,gmh-gruppe-sn-00000006-c0a7c1a5,qr,1,dpp-section-view,Materials,,desktop,DE-NW,synthetic
2026-06-08,session-00093,gmh-gruppe-sn-00000006-c0a7c1a5,qr,2,dpp-section-view,Product Information,,desktop,DE-NW,synthetic
2026-06-08,session-00093,gmh-gruppe-sn-00000006-c0a7c1a5,qr,3,dpp-section-view,Overview,,desktop,DE-NW,synthetic
2026-06-08,session-00093,gmh-gruppe-sn-00000006-c0a7c1a5,qr,4,dpp-section-view,Sustainability,,desktop,DE-NW,synthetic
2026-06-08,session-00093,gmh-gruppe-sn-00000006-c0a7c1a5,qr,5,dpp-section-view,Documents,,desktop,DE-NW,synthetic
2026-06-08,session-00093,gmh-gruppe-sn-00000006-c0a7c1a5,qr,6,dpp-document-open,Documents,Sustainability Certificate.pdf,desktop,DE-NW,synthetic
2026-06-08,session-00093,gmh-gruppe-sn-00000006-c0a7c1a5,qr,7,dpp-document-open,Documents,Technical Datasheet.pdf,desktop,DE-NW,synthetic
2026-06-08,session-00093,gmh-gruppe-sn-00000006-c0a7c1a5,qr,8,dpp-document-open,Documents,Sustainability Certificate.pdf,desktop,DE-NW,synthetic
2026-08-02,session-00094,mannstaedt-demo-003,qr,1,dpp-section-view,Documents,,desktop,DE-BY,synthetic
2026-08-02,session-00094,mannstaedt-demo-003,qr,2,dpp-section-view,Materials,,desktop,DE-BY,synthetic
2026-08-02,session-00094,mannstaedt-demo-003,qr,3,dpp-section-view,Overview,,desktop,DE-BY,synthetic
2026-08-02,session-00094,mannstaedt-demo-003,qr,4,dpp-section-view,Sustainability,,desktop,DE-BY,synthetic
2026-08-02,session-00094,mannstaedt-demo-003,qr,5,dpp-section-view,Product Information,,desktop,DE-BY,synthetic
2026-08-02,session-00094,mannstaedt-demo-003,qr,6,dpp-document-open,Documents,Material Certificate.pdf,desktop,DE-BY,synthetic
2026-08-02,session-00094,mannstaedt-demo-003,qr,7,dpp-document-open,Documents,Technical Datasheet.pdf,desktop,DE-BY,synthetic
2026-05-17,session-00095,gmh-gruppe-sn-00000006-c0a7c1a5,web,1,dpp-section-view,Overview,,mobile,BE-VLG,synthetic
2026-05-17,session-00095,gmh-gruppe-sn-00000006-c0a7c1a5,web,2,dpp-document-open,Documents,Sustainability Certificate.pdf,mobile,BE-VLG,synthetic
2026-05-17,session-00095,gmh-gruppe-sn-00000006-c0a7c1a5,web,3,dpp-document-open,Documents,Technical Datasheet.pdf,mobile,BE-VLG,synthetic
2026-05-17,session-00095,gmh-gruppe-sn-00000006-c0a7c1a5,web,4,dpp-document-open,Documents,Material Certificate.pdf,mobile,BE-VLG,synthetic
2026-06-19,session-00096,gmh-gruppe-sn-00000006-c0a7c1a5,web,1,dpp-section-view,Overview,,desktop,DE-NW,synthetic
2026-06-19,session-00096,gmh-gruppe-sn-00000006-c0a7c1a5,web,2,dpp-section-view,Traceability,,desktop,DE-NW,synthetic
2026-05-19,session-00097,gmh-gruppe-sn-00000006-c0a7c1a5,web,1,dpp-section-view,Overview,,desktop,BE-VLG,synthetic
2026-05-08,session-00098,mannstaedt-demo-002,web,1,dpp-section-view,Overview,,mobile,NL-NH,synthetic
2026-05-08,session-00098,mannstaedt-demo-002,web,2,dpp-section-view,Materials,,mobile,NL-NH,synthetic
2026-05-08,session-00098,mannstaedt-demo-002,web,3,dpp-section-view,Sustainability,,mobile,NL-NH,synthetic
2026-06-06,session-00099,gmh-gruppe-sn-00000006-c0a7c1a5,qr,1,dpp-section-view,Materials,,desktop,DE-BY,synthetic
2026-06-06,session-00099,gmh-gruppe-sn-00000006-c0a7c1a5,qr,2,dpp-section-view,Sustainability,,desktop,DE-BY,synthetic
2026-06-06,session-00099,gmh-gruppe-sn-00000006-c0a7c1a5,qr,3,dpp-section-view,Traceability,,desktop,DE-BY,synthetic
2026-06-06,session-00099,gmh-gruppe-sn-00000006-c0a7c1a5,qr,4,dpp-section-view,Overview,,desktop,DE-BY,synthetic
2026-06-06,session-00099,gmh-gruppe-sn-00000006-c0a7c1a5,qr,5,dpp-section-view,Product Information,,desktop,DE-BY,synthetic
2026-07-25,session-00100,gmh-gruppe-sn-00000006-c0a7c1a5,qr,1,dpp-section-view,Overview,,tablet,DE-BE,synthetic
2026-07-25,session-00100,gmh-gruppe-sn-00000006-c0a7c1a5,qr,2,dpp-section-view,Materials,,tablet,DE-BE,synthetic
2026-06-07,session-00101,gmh-gruppe-sn-00000006-c0a7c1a5,web,1,dpp-section-view,Overview,,tablet,BE-VLG,synthetic
2026-06-07,session-00101,gmh-gruppe-sn-00000006-c0a7c1a5,web,2,dpp-section-view,Sustainability,,tablet,BE-VLG,synthetic
2026-06-07,session-00101,gmh-gruppe-sn-00000006-c0a7c1a5,web,3,dpp-section-view,Documents,,tablet,BE-VLG,synthetic
2026-08-25,session-00102,mannstaedt-demo-003,web,1,dpp-section-view,Overview,,mobile,DE-BE,synthetic
2026-08-25,session-00102,mannstaedt-demo-003,web,2,dpp-section-view,Materials,,mobile,DE-BE,synthetic
2026-06-03,session-00103,gmh-gruppe-sn-00000006-c0a7c1a5,qr,1,dpp-section-view,Overview,,mobile,DE-NW,synthetic
2026-08-13,session-00104,gmh-gruppe-sn-00000006-c0a7c1a5,web,1,dpp-section-view,Overview,,mobile,DE-NW,synthetic
2026-08-13,session-00104,gmh-gruppe-sn-00000006-c0a7c1a5,web,2,dpp-document-open,Documents,Material Certificate.pdf,mobile,DE-NW,synthetic
2026-06-06,session-00105,gmh-gruppe-sn-00000006-c0a7c1a5,web,1,dpp-section-view,Overview,,mobile,NL-NH,synthetic
2026-06-06,session-00105,gmh-gruppe-sn-00000006-c0a7c1a5,web,2,dpp-section-view,Traceability,,mobile,NL-NH,synthetic
2026-06-06,session-00105,gmh-gruppe-sn-00000006-c0a7c1a5,web,3,dpp-section-view,Materials,,mobile,NL-NH,synthetic
2026-05-27,session-00106,gmh-gruppe-sn-00000006-c0a7c1a5,web,1,dpp-section-view,Overview,,desktop,DE-BE,synthetic
2026-05-27,session-00106,gmh-gruppe-sn-00000006-c0a7c1a5,web,2,dpp-section-view,Traceability,,desktop,DE-BE,synthetic
2026-05-27,session-00106,gmh-gruppe-sn-00000006-c0a7c1a5,web,3,dpp-section-view,Documents,,desktop,DE-BE,synthetic
2026-05-27,session-00106,gmh-gruppe-sn-00000006-c0a7c1a5,web,4,dpp-section-view,Materials,,desktop,DE-BE,synthetic
2026-05-27,session-00106,gmh-gruppe-sn-00000006-c0a7c1a5,web,5,dpp-section-view,Product Information,,desktop,DE-BE,synthetic
2026-07-29,session-00107,gmh-gruppe-sn-00000006-c0a7c1a5,qr,1,dpp-section-view,Documents,,mobile,BE-VLG,synthetic
2026-07-29,session-00107,gmh-gruppe-sn-00000006-c0a7c1a5,qr,2,dpp-section-view,Traceability,,mobile,BE-VLG,synthetic
2026-07-29,session-00107,gmh-gruppe-sn-00000006-c0a7c1a5,qr,3,dpp-section-view,Overview,,mobile,BE-VLG,synthetic
2026-07-29,session-00107,gmh-gruppe-sn-00000006-c0a7c1a5,qr,4,dpp-section-view,Materials,,mobile,BE-VLG,synthetic
2026-07-29,session-00107,gmh-gruppe-sn-00000006-c0a7c1a5,qr,5,dpp-section-view,Sustainability,,mobile,BE-VLG,synthetic
2026-07-29,session-00107,gmh-gruppe-sn-00000006-c0a7c1a5,qr,6,dpp-section-view,Product Information,,mobile,BE-VLG,synthetic
2026-06-13,session-00108,gmh-gruppe-sn-00000006-c0a7c1a5,qr,1,dpp-section-view,Materials,,desktop,DE-BE,synthetic
2026-06-13,session-00108,gmh-gruppe-sn-00000006-c0a7c1a5,qr,2,dpp-section-view,Overview,,desktop,DE-BE,synthetic
2026-06-13,session-00108,gmh-gruppe-sn-00000006-c0a7c1a5,qr,3,dpp-section-view,Sustainability,,desktop,DE-BE,synthetic
2026-06-13,session-00108,gmh-gruppe-sn-00000006-c0a7c1a5,qr,4,dpp-document-open,Documents,Sustainability Certificate.pdf,desktop,DE-BE,synthetic
2026-06-13,session-00108,gmh-gruppe-sn-00000006-c0a7c1a5,qr,5,dpp-document-open,Documents,Declaration of Conformity.pdf,desktop,DE-BE,synthetic
2026-06-29,session-00109,mannstaedt-demo-002,web,1,dpp-section-view,Overview,,desktop,NL-NH,synthetic
2026-06-29,session-00109,mannstaedt-demo-002,web,2,dpp-section-view,Sustainability,,desktop,NL-NH,synthetic
2026-06-29,session-00109,mannstaedt-demo-002,web,3,dpp-document-open,Documents,Declaration of Conformity.pdf,desktop,NL-NH,synthetic
2026-06-24,session-00110,gmh-gruppe-sn-00000006-c0a7c1a5,qr,1,dpp-section-view,Product Information,,tablet,DE-BY,synthetic
2026-06-24,session-00110,gmh-gruppe-sn-00000006-c0a7c1a5,qr,2,dpp-section-view,Overview,,tablet,DE-BY,synthetic
2026-06-24,session-00110,gmh-gruppe-sn-00000006-c0a7c1a5,qr,3,dpp-section-view,Sustainability,,tablet,DE-BY,synthetic
2026-06-24,session-00110,gmh-gruppe-sn-00000006-c0a7c1a5,qr,4,dpp-section-view,Traceability,,tablet,DE-BY,synthetic
2026-09-05,session-00111,gmh-gruppe-sn-00000006-c0a7c1a5,qr,1,dpp-section-view,Overview,,desktop,DE-BE,synthetic
2026-09-05,session-00111,gmh-gruppe-sn-00000006-c0a7c1a5,qr,2,dpp-section-view,Sustainability,,desktop,DE-BE,synthetic
2026-09-05,session-00111,gmh-gruppe-sn-00000006-c0a7c1a5,qr,3,dpp-section-view,Materials,,desktop,DE-BE,synthetic
2026-09-05,session-00111,gmh-gruppe-sn-00000006-c0a7c1a5,qr,4,dpp-section-view,Product Information,,desktop,DE-BE,synthetic
2026-07-11,session-00112,gmh-gruppe-sn-00000006-c0a7c1a5,web,1,dpp-section-view,Product Information,,desktop,DE-BY,synthetic
2026-07-11,session-00112,gmh-gruppe-sn-00000006-c0a7c1a5,web,2,dpp-section-view,Documents,,desktop,DE-BY,synthetic
2026-07-11,session-00112,gmh-gruppe-sn-00000006-c0a7c1a5,web,3,dpp-section-view,Traceability,,desktop,DE-BY,synthetic
2026-07-11,session-00112,gmh-gruppe-sn-00000006-c0a7c1a5,web,4,dpp-section-view,Overview,,desktop,DE-BY,synthetic
2026-07-11,session-00112,gmh-gruppe-sn-00000006-c0a7c1a5,web,5,dpp-section-view,Materials,,desktop,DE-BY,synthetic
2026-07-11,session-00112,gmh-gruppe-sn-00000006-c0a7c1a5,web,6,dpp-document-open,Documents,Declaration of Conformity.pdf,desktop,DE-BY,synthetic
2026-07-11,session-00112,gmh-gruppe-sn-00000006-c0a7c1a5,web,7,dpp-document-open,Documents,Sustainability Certificate.pdf,desktop,DE-BY,synthetic
2026-05-31,session-00113,mannstaedt-demo-003,web,1,dpp-section-view,Overview,,mobile,NL-NH,synthetic
2026-05-31,session-00113,mannstaedt-demo-003,web,2,dpp-document-open,Documents,Technical Datasheet.pdf,mobile,NL-NH,synthetic
2026-07-09,session-00114,gmh-gruppe-sn-00000006-c0a7c1a5,qr,1,dpp-section-view,Overview,,desktop,DE-BY,synthetic
2026-05-01,session-00115,mannstaedt-demo-003,web,1,dpp-section-view,Overview,,desktop,DE-NW,synthetic
2026-05-01,session-00115,mannstaedt-demo-003,web,2,dpp-section-view,Sustainability,,desktop,DE-NW,synthetic
2026-05-20,session-00116,gmh-gruppe-sn-00000006-c0a7c1a5,web,1,dpp-section-view,Overview,,desktop,DE-BY,synthetic
2026-05-20,session-00116,gmh-gruppe-sn-00000006-c0a7c1a5,web,2,dpp-section-view,Product Information,,desktop,DE-BY,synthetic
2026-05-20,session-00116,gmh-gruppe-sn-00000006-c0a7c1a5,web,3,dpp-document-open,Documents,Declaration of Conformity.pdf,desktop,DE-BY,synthetic
2026-05-20,session-00116,gmh-gruppe-sn-00000006-c0a7c1a5,web,4,dpp-document-open,Documents,Declaration of Conformity.pdf,desktop,DE-BY,synthetic
2026-05-20,session-00116,gmh-gruppe-sn-00000006-c0a7c1a5,web,5,dpp-document-open,Documents,Technical Datasheet.pdf,desktop,DE-BY,synthetic
2026-07-24,session-00117,gmh-gruppe-sn-00000006-c0a7c1a5,qr,1,dpp-section-view,Overview,,desktop,NL-NH,synthetic
2026-07-24,session-00117,gmh-gruppe-sn-00000006-c0a7c1a5,qr,2,dpp-section-view,Materials,,desktop,NL-NH,synthetic
2026-07-24,session-00117,gmh-gruppe-sn-00000006-c0a7c1a5,qr,3,dpp-section-view,Documents,,desktop,NL-NH,synthetic
2026-07-24,session-00117,gmh-gruppe-sn-00000006-c0a7c1a5,qr,4,dpp-section-view,Traceability,,desktop,NL-NH,synthetic
2026-07-24,session-00117,gmh-gruppe-sn-00000006-c0a7c1a5,qr,5,dpp-document-open,Documents,Sustainability Certificate.pdf,desktop,NL-NH,synthetic
2026-07-24,session-00117,gmh-gruppe-sn-00000006-c0a7c1a5,qr,6,dpp-document-open,Documents,Technical Datasheet.pdf,desktop,NL-NH,synthetic
2026-07-24,session-00117,gmh-gruppe-sn-00000006-c0a7c1a5,qr,7,dpp-document-open,Documents,Technical Datasheet.pdf,desktop,NL-NH,synthetic
2026-06-21,session-00118,gmh-gruppe-sn-00000006-c0a7c1a5,web,1,dpp-section-view,Overview,,tablet,BE-VLG,synthetic
2026-06-21,session-00118,gmh-gruppe-sn-00000006-c0a7c1a5,web,2,dpp-section-view,Traceability,,tablet,BE-VLG,synthetic
2026-06-21,session-00118,gmh-gruppe-sn-00000006-c0a7c1a5,web,3,dpp-section-view,Materials,,tablet,BE-VLG,synthetic
2026-08-22,session-00119,gmh-gruppe-sn-00000006-c0a7c1a5,web,1,dpp-section-view,Overview,,mobile,DE-BE,synthetic
2026-08-22,session-00119,gmh-gruppe-sn-00000006-c0a7c1a5,web,2,dpp-section-view,Documents,,mobile,DE-BE,synthetic
2026-05-04,session-00120,gmh-gruppe-sn-00000006-c0a7c1a5,web,1,dpp-section-view,Sustainability,,mobile,DE-NW,synthetic
2026-05-04,session-00120,gmh-gruppe-sn-00000006-c0a7c1a5,web,2,dpp-section-view,Overview,,mobile,DE-NW,synthetic
2026-05-04,session-00120,gmh-gruppe-sn-00000006-c0a7c1a5,web,3,dpp-section-view,Documents,,mobile,DE-NW,synthetic
2026-05-04,session-00120,gmh-gruppe-sn-00000006-c0a7c1a5,web,4,dpp-document-open,Documents,Technical Datasheet.pdf,mobile,DE-NW,synthetic
2026-05-04,session-00120,gmh-gruppe-sn-00000006-c0a7c1a5,web,5,dpp-document-open,Documents,Sustainability Certificate.pdf,mobile,DE-NW,synthetic
2026-05-02,session-00121,gmh-gruppe-sn-00000006-c0a7c1a5,web,1,dpp-section-view,Sustainability,,mobile,DE-BY,synthetic
2026-05-02,session-00121,gmh-gruppe-sn-00000006-c0a7c1a5,web,2,dpp-section-view,Documents,,mobile,DE-BY,synthetic
2026-05-02,session-00121,gmh-gruppe-sn-00000006-c0a7c1a5,web,3,dpp-section-view,Overview,,mobile,DE-BY,synthetic
2026-05-02,session-00121,gmh-gruppe-sn-00000006-c0a7c1a5,web,4,dpp-document-open,Documents,Material Certificate.pdf,mobile,DE-BY,synthetic
2026-05-02,session-00121,gmh-gruppe-sn-00000006-c0a7c1a5,web,5,dpp-document-open,Documents,Sustainability Certificate.pdf,mobile,DE-BY,synthetic
2026-07-16,session-00122,gmh-gruppe-sn-00000006-c0a7c1a5,qr,1,dpp-section-view,Overview,,mobile,DE-NW,synthetic
2026-07-16,session-00122,gmh-gruppe-sn-00000006-c0a7c1a5,qr,2,dpp-section-view,Product Information,,mobile,DE-NW,synthetic
2026-05-28,session-00123,gmh-gruppe-sn-00000006-c0a7c1a5,qr,1,dpp-section-view,Overview,,desktop,DE-BY,synthetic
2026-05-28,session-00123,gmh-gruppe-sn-00000006-c0a7c1a5,qr,2,dpp-section-view,Product Information,,desktop,DE-BY,synthetic
2026-05-28,session-00123,gmh-gruppe-sn-00000006-c0a7c1a5,qr,3,dpp-section-view,Materials,,desktop,DE-BY,synthetic
2026-05-28,session-00123,gmh-gruppe-sn-00000006-c0a7c1a5,qr,4,dpp-section-view,Documents,,desktop,DE-BY,synthetic
2026-05-28,session-00123,gmh-gruppe-sn-00000006-c0a7c1a5,qr,5,dpp-document-open,Documents,Material Certificate.pdf,desktop,DE-BY,synthetic
2026-05-07,session-00124,mannstaedt-demo-003,qr,1,dpp-section-view,Overview,,desktop,DE-NW,synthetic
2026-05-07,session-00124,mannstaedt-demo-003,qr,2,dpp-section-view,Sustainability,,desktop,DE-NW,synthetic
2026-05-07,session-00124,mannstaedt-demo-003,qr,3,dpp-section-view,Product Information,,desktop,DE-NW,synthetic
2026-05-09,session-00125,mannstaedt-demo-002,web,1,dpp-section-view,Traceability,,mobile,DE-BY,synthetic
2026-05-09,session-00125,mannstaedt-demo-002,web,2,dpp-section-view,Overview,,mobile,DE-BY,synthetic
2026-05-09,session-00125,mannstaedt-demo-002,web,3,dpp-section-view,Materials,,mobile,DE-BY,synthetic
2026-05-09,session-00125,mannstaedt-demo-002,web,4,dpp-section-view,Sustainability,,mobile,DE-BY,synthetic
2026-08-12,session-00126,gmh-gruppe-sn-00000006-c0a7c1a5,qr,1,dpp-section-view,Sustainability,,desktop,DE-BE,synthetic
2026-08-12,session-00126,gmh-gruppe-sn-00000006-c0a7c1a5,qr,2,dpp-section-view,Overview,,desktop,DE-BE,synthetic
2026-08-12,session-00126,gmh-gruppe-sn-00000006-c0a7c1a5,qr,3,dpp-section-view,Traceability,,desktop,DE-BE,synthetic
2026-08-12,session-00126,gmh-gruppe-sn-00000006-c0a7c1a5,qr,4,dpp-section-view,Documents,,desktop,DE-BE,synthetic
2026-06-19,session-00127,gmh-gruppe-sn-00000006-c0a7c1a5,web,1,dpp-section-view,Traceability,,desktop,BE-VLG,synthetic
2026-06-19,session-00127,gmh-gruppe-sn-00000006-c0a7c1a5,web,2,dpp-section-view,Materials,,desktop,BE-VLG,synthetic
2026-06-19,session-00127,gmh-gruppe-sn-00000006-c0a7c1a5,web,3,dpp-section-view,Overview,,desktop,BE-VLG,synthetic
2026-06-19,session-00127,gmh-gruppe-sn-00000006-c0a7c1a5,web,4,dpp-document-open,Documents,Sustainability Certificate.pdf,desktop,BE-VLG,synthetic
2026-06-19,session-00127,gmh-gruppe-sn-00000006-c0a7c1a5,web,5,dpp-document-open,Documents,Technical Datasheet.pdf,desktop,BE-VLG,synthetic
2026-06-19,session-00127,gmh-gruppe-sn-00000006-c0a7c1a5,web,6,dpp-document-open,Documents,Sustainability Certificate.pdf,desktop,BE-VLG,synthetic
2026-06-14,session-00128,mannstaedt-demo-002,qr,1,dpp-section-view,Overview,,desktop,DE-BY,synthetic
2026-06-14,session-00128,mannstaedt-demo-002,qr,2,dpp-section-view,Sustainability,,desktop,DE-BY,synthetic
2026-06-14,session-00128,mannstaedt-demo-002,qr,3,dpp-section-view,Product Information,,desktop,DE-BY,synthetic
2026-05-22,session-00129,gmh-gruppe-sn-00000006-c0a7c1a5,web,1,dpp-section-view,Overview,,mobile,DE-NW,synthetic
2026-05-22,session-00129,gmh-gruppe-sn-00000006-c0a7c1a5,web,2,dpp-section-view,Traceability,,mobile,DE-NW,synthetic
2026-05-22,session-00129,gmh-gruppe-sn-00000006-c0a7c1a5,web,3,dpp-section-view,Product Information,,mobile,DE-NW,synthetic
2026-05-22,session-00129,gmh-gruppe-sn-00000006-c0a7c1a5,web,4,dpp-document-open,Documents,Declaration of Conformity.pdf,mobile,DE-NW,synthetic
2026-05-22,session-00129,gmh-gruppe-sn-00000006-c0a7c1a5,web,5,dpp-document-open,Documents,Sustainability Certificate.pdf,mobile,DE-NW,synthetic
2026-05-22,session-00129,gmh-gruppe-sn-00000006-c0a7c1a5,web,6,dpp-document-open,Documents,Material Certificate.pdf,mobile,DE-NW,synthetic
2026-08-30,session-00130,mannstaedt-demo-002,qr,1,dpp-section-view,Overview,,desktop,NL-NH,synthetic
2026-08-30,session-00130,mannstaedt-demo-002,qr,2,dpp-section-view,Product Information,,desktop,NL-NH,synthetic
2026-08-30,session-00131,gmh-gruppe-sn-00000006-c0a7c1a5,web,1,dpp-section-view,Overview,,desktop,DE-BY,synthetic
2026-08-30,session-00131,gmh-gruppe-sn-00000006-c0a7c1a5,web,2,dpp-section-view,Documents,,desktop,DE-BY,synthetic
2026-06-01,session-00132,gmh-gruppe-sn-00000006-c0a7c1a5,web,1,dpp-section-view,Overview,,mobile,BE-VLG,synthetic
2026-06-01,session-00132,gmh-gruppe-sn-00000006-c0a7c1a5,web,2,dpp-section-view,Traceability,,mobile,BE-VLG,synthetic
2026-07-05,session-00133,gmh-gruppe-sn-00000006-c0a7c1a5,qr,1,dpp-section-view,Overview,,tablet,DE-BE,synthetic
2026-07-05,session-00133,gmh-gruppe-sn-00000006-c0a7c1a5,qr,2,dpp-section-view,Materials,,tablet,DE-BE,synthetic
2026-05-29,session-00134,mannstaedt-demo-003,qr,1,dpp-section-view,Overview,,desktop,BE-VLG,synthetic
2026-05-29,session-00134,mannstaedt-demo-003,qr,2,dpp-section-view,Sustainability,,desktop,BE-VLG,synthetic
2026-05-29,session-00134,mannstaedt-demo-003,qr,3,dpp-section-view,Documents,,desktop,BE-VLG,synthetic
2026-05-15,session-00135,gmh-gruppe-sn-00000006-c0a7c1a5,qr,1,dpp-section-view,Overview,,desktop,DE-BY,synthetic
2026-05-15,session-00135,gmh-gruppe-sn-00000006-c0a7c1a5,qr,2,dpp-document-open,Documents,Sustainability Certificate.pdf,desktop,DE-BY,synthetic
2026-05-15,session-00135,gmh-gruppe-sn-00000006-c0a7c1a5,qr,3,dpp-document-open,Documents,Sustainability Certificate.pdf,desktop,DE-BY,synthetic
2026-06-14,session-00136,mannstaedt-demo-002,qr,1,dpp-section-view,Documents,,tablet,DE-NW,synthetic
2026-06-14,session-00136,mannstaedt-demo-002,qr,2,dpp-section-view,Overview,,tablet,DE-NW,synthetic
2026-06-14,session-00136,mannstaedt-demo-002,qr,3,dpp-section-view,Product Information,,tablet,DE-NW,synthetic
2026-06-14,session-00136,mannstaedt-demo-002,qr,4,dpp-document-open,Documents,Sustainability Certificate.pdf,tablet,DE-NW,synthetic
2026-06-14,session-00136,mannstaedt-demo-002,qr,5,dpp-document-open,Documents,Technical Datasheet.pdf,tablet,DE-NW,synthetic
2026-05-18,session-00137,mannstaedt-demo-003,qr,1,dpp-section-view,Overview,,mobile,DE-BE,synthetic
2026-07-10,session-00138,mannstaedt-demo-003,web,1,dpp-section-view,Overview,,desktop,DE-BY,synthetic
2026-08-30,session-00139,gmh-gruppe-sn-00000006-c0a7c1a5,qr,1,dpp-section-view,Overview,,mobile,DE-NW,synthetic
2026-06-07,session-00140,mannstaedt-demo-003,qr,1,dpp-section-view,Documents,,desktop,DE-BY,synthetic
2026-06-07,session-00140,mannstaedt-demo-003,qr,2,dpp-section-view,Materials,,desktop,DE-BY,synthetic
2026-06-07,session-00140,mannstaedt-demo-003,qr,3,dpp-section-view,Product Information,,desktop,DE-BY,synthetic
2026-06-07,session-00140,mannstaedt-demo-003,qr,4,dpp-section-view,Traceability,,desktop,DE-BY,synthetic
2026-06-07,session-00140,mannstaedt-demo-003,qr,5,dpp-section-view,Sustainability,,desktop,DE-BY,synthetic
2026-06-07,session-00140,mannstaedt-demo-003,qr,6,dpp-section-view,Overview,,desktop,DE-BY,synthetic
2026-06-07,session-00140,mannstaedt-demo-003,qr,7,dpp-document-open,Documents,Declaration of Conformity.pdf,desktop,DE-BY,synthetic
2026-06-07,session-00140,mannstaedt-demo-003,qr,8,dpp-document-open,Documents,Declaration of Conformity.pdf,desktop,DE-BY,synthetic
2026-07-10,session-00141,gmh-gruppe-sn-00000006-c0a7c1a5,web,1,dpp-section-view,Overview,,tablet,DE-BE,synthetic
2026-07-10,session-00141,gmh-gruppe-sn-00000006-c0a7c1a5,web,2,dpp-section-view,Product Information,,tablet,DE-BE,synthetic
2026-07-10,session-00141,gmh-gruppe-sn-00000006-c0a7c1a5,web,3,dpp-document-open,Documents,Material Certificate.pdf,tablet,DE-BE,synthetic
2026-07-10,session-00141,gmh-gruppe-sn-00000006-c0a7c1a5,web,4,dpp-document-open,Documents,Sustainability Certificate.pdf,tablet,DE-BE,synthetic
2026-07-10,session-00141,gmh-gruppe-sn-00000006-c0a7c1a5,web,5,dpp-document-open,Documents,Material Certificate.pdf,tablet,DE-BE,synthetic
2026-08-03,session-00142,mannstaedt-demo-003,web,1,dpp-section-view,Overview,,desktop,DE-NW,synthetic
2026-08-03,session-00142,mannstaedt-demo-003,web,2,dpp-document-open,Documents,Technical Datasheet.pdf,desktop,DE-NW,synthetic
2026-08-03,session-00142,mannstaedt-demo-003,web,3,dpp-document-open,Documents,Technical Datasheet.pdf,desktop,DE-NW,synthetic
2026-08-03,session-00142,mannstaedt-demo-003,web,4,dpp-document-open,Documents,Material Certificate.pdf,desktop,DE-NW,synthetic
2026-05-27,session-00143,mannstaedt-demo-003,web,1,dpp-section-view,Overview,,desktop,DE-BY,synthetic
2026-07-07,session-00144,mannstaedt-demo-003,qr,1,dpp-section-view,Documents,,desktop,DE-NW,synthetic
2026-07-07,session-00144,mannstaedt-demo-003,qr,2,dpp-section-view,Overview,,desktop,DE-NW,synthetic
2026-07-07,session-00144,mannstaedt-demo-003,qr,3,dpp-section-view,Traceability,,desktop,DE-NW,synthetic
2026-07-07,session-00144,mannstaedt-demo-003,qr,4,dpp-section-view,Product Information,,desktop,DE-NW,synthetic
2026-07-07,session-00144,mannstaedt-demo-003,qr,5,dpp-section-view,Sustainability,,desktop,DE-NW,synthetic
2026-07-07,session-00144,mannstaedt-demo-003,qr,6,dpp-section-view,Materials,,desktop,DE-NW,synthetic
2026-07-07,session-00144,mannstaedt-demo-003,qr,7,dpp-document-open,Documents,Technical Datasheet.pdf,desktop,DE-NW,synthetic
2026-07-07,session-00144,mannstaedt-demo-003,qr,8,dpp-document-open,Documents,Sustainability Certificate.pdf,desktop,DE-NW,synthetic
2026-07-01,session-00145,gmh-gruppe-sn-00000006-c0a7c1a5,qr,1,dpp-section-view,Overview,,tablet,DE-BY,synthetic
2026-07-01,session-00145,gmh-gruppe-sn-00000006-c0a7c1a5,qr,2,dpp-section-view,Traceability,,tablet,DE-BY,synthetic
2026-05-23,session-00146,mannstaedt-demo-002,qr,1,dpp-section-view,Overview,,desktop,NL-NH,synthetic
2026-05-23,session-00146,mannstaedt-demo-002,qr,2,dpp-section-view,Documents,,desktop,NL-NH,synthetic
2026-07-09,session-00147,mannstaedt-demo-003,qr,1,dpp-section-view,Overview,,desktop,DE-BE,synthetic
2026-07-09,session-00147,mannstaedt-demo-003,qr,2,dpp-section-view,Sustainability,,desktop,DE-BE,synthetic
2026-06-01,session-00148,mannstaedt-demo-003,web,1,dpp-section-view,Overview,,desktop,DE-BY,synthetic
2026-06-01,session-00148,mannstaedt-demo-003,web,2,dpp-section-view,Traceability,,desktop,DE-BY,synthetic
2026-08-02,session-00149,gmh-gruppe-sn-00000006-c0a7c1a5,web,1,dpp-section-view,Overview,,desktop,NL-NH,synthetic
2026-08-02,session-00149,gmh-gruppe-sn-00000006-c0a7c1a5,web,2,dpp-section-view,Materials,,desktop,NL-NH,synthetic
2026-08-02,session-00149,gmh-gruppe-sn-00000006-c0a7c1a5,web,3,dpp-section-view,Sustainability,,desktop,NL-NH,synthetic
2026-07-31,session-00150,gmh-gruppe-sn-00000006-c0a7c1a5,qr,1,dpp-section-view,Overview,,mobile,DE-BY,synthetic
2026-07-31,session-00150,gmh-gruppe-sn-00000006-c0a7c1a5,qr,2,dpp-section-view,Traceability,,mobile,DE-BY,synthetic
2026-07-31,session-00150,gmh-gruppe-sn-00000006-c0a7c1a5,qr,3,dpp-section-view,Documents,,mobile,DE-BY,synthetic
2026-07-31,session-00150,gmh-gruppe-sn-00000006-c0a7c1a5,qr,4,dpp-document-open,Documents,Material Certificate.pdf,mobile,DE-BY,synthetic
2026-07-31,session-00150,gmh-gruppe-sn-00000006-c0a7c1a5,qr,5,dpp-document-open,Documents,Declaration of Conformity.pdf,mobile,DE-BY,synthetic
2026-07-21,session-00151,gmh-gruppe-sn-00000006-c0a7c1a5,web,1,dpp-section-view,Overview,,mobile,NL-NH,synthetic
2026-06-05,session-00152,mannstaedt-demo-002,qr,1,dpp-section-view,Overview,,mobile,NL-NH,synthetic
2026-06-05,session-00152,mannstaedt-demo-002,qr,2,dpp-section-view,Product Information,,mobile,NL-NH,synthetic
2026-08-07,session-00153,mannstaedt-demo-002,qr,1,dpp-section-view,Materials,,desktop,NL-NH,synthetic
2026-08-07,session-00153,mannstaedt-demo-002,qr,2,dpp-section-view,Sustainability,,desktop,NL-NH,synthetic
2026-08-07,session-00153,mannstaedt-demo-002,qr,3,dpp-section-view,Product Information,,desktop,NL-NH,synthetic
2026-08-07,session-00153,mannstaedt-demo-002,qr,4,dpp-section-view,Documents,,desktop,NL-NH,synthetic
2026-08-07,session-00153,mannstaedt-demo-002,qr,5,dpp-section-view,Traceability,,desktop,NL-NH,synthetic
2026-08-07,session-00153,mannstaedt-demo-002,qr,6,dpp-section-view,Overview,,desktop,NL-NH,synthetic
2026-08-07,session-00153,mannstaedt-demo-002,qr,7,dpp-document-open,Documents,Declaration of Conformity.pdf,desktop,NL-NH,synthetic
2026-08-07,session-00153,mannstaedt-demo-002,qr,8,dpp-document-open,Documents,Sustainability Certificate.pdf,desktop,NL-NH,synthetic
2026-05-24,session-00154,gmh-gruppe-sn-00000006-c0a7c1a5,qr,1,dpp-section-view,Overview,,desktop,DE-NW,synthetic
2026-05-24,session-00154,gmh-gruppe-sn-00000006-c0a7c1a5,qr,2,dpp-section-view,Product Information,,desktop,DE-NW,synthetic
2026-07-31,session-00155,mannstaedt-demo-002,qr,1,dpp-section-view,Traceability,,desktop,DE-BY,synthetic
2026-07-31,session-00155,mannstaedt-demo-002,qr,2,dpp-section-view,Documents,,desktop,DE-BY,synthetic
2026-07-31,session-00155,mannstaedt-demo-002,qr,3,dpp-section-view,Overview,,desktop,DE-BY,synthetic
2026-07-31,session-00155,mannstaedt-demo-002,qr,4,dpp-section-view,Sustainability,,desktop,DE-BY,synthetic
2026-07-31,session-00155,mannstaedt-demo-002,qr,5,dpp-section-view,Materials,,desktop,DE-BY,synthetic
2026-07-31,session-00155,mannstaedt-demo-002,qr,6,dpp-section-view,Product Information,,desktop,DE-BY,synthetic
2026-07-31,session-00155,mannstaedt-demo-002,qr,7,dpp-document-open,Documents,Declaration of Conformity.pdf,desktop,DE-BY,synthetic
2026-07-31,session-00155,mannstaedt-demo-002,qr,8,dpp-document-open,Documents,Material Certificate.pdf,desktop,DE-BY,synthetic
2026-07-02,session-00156,gmh-gruppe-sn-00000006-c0a7c1a5,qr,1,dpp-section-view,Overview,,desktop,DE-BE,synthetic
2026-07-13,session-00157,mannstaedt-demo-003,web,1,dpp-section-view,Overview,,tablet,NL-NH,synthetic
2026-07-13,session-00157,mannstaedt-demo-003,web,2,dpp-section-view,Documents,,tablet,NL-NH,synthetic
2026-08-22,session-00158,gmh-gruppe-sn-00000006-c0a7c1a5,qr,1,dpp-section-view,Overview,,mobile,NL-NH,synthetic
2026-08-22,session-00158,gmh-gruppe-sn-00000006-c0a7c1a5,qr,2,dpp-section-view,Product Information,,mobile,NL-NH,synthetic
2026-06-08,session-00159,mannstaedt-demo-002,web,1,dpp-section-view,Overview,,desktop,NL-NH,synthetic
2026-06-08,session-00159,mannstaedt-demo-002,web,2,dpp-section-view,Sustainability,,desktop,NL-NH,synthetic
2026-05-23,session-00160,gmh-gruppe-sn-00000006-c0a7c1a5,qr,1,dpp-section-view,Overview,,desktop,DE-BY,synthetic
2026-05-23,session-00160,gmh-gruppe-sn-00000006-c0a7c1a5,qr,2,dpp-section-view,Product Information,,desktop,DE-BY,synthetic
2026-05-23,session-00160,gmh-gruppe-sn-00000006-c0a7c1a5,qr,3,dpp-section-view,Traceability,,desktop,DE-BY,synthetic
2026-05-23,session-00160,gmh-gruppe-sn-00000006-c0a7c1a5,qr,4,dpp-section-view,Materials,,desktop,DE-BY,synthetic
2026-09-03,session-00161,mannstaedt-demo-003,qr,1,dpp-section-view,Overview,,desktop,DE-BE,synthetic
2026-09-03,session-00161,mannstaedt-demo-003,qr,2,dpp-section-view,Traceability,,desktop,DE-BE,synthetic
2026-09-03,session-00161,mannstaedt-demo-003,qr,3,dpp-section-view,Documents,,desktop,DE-BE,synthetic
2026-09-03,session-00161,mannstaedt-demo-003,qr,4,dpp-document-open,Documents,Material Certificate.pdf,desktop,DE-BE,synthetic
2026-09-03,session-00161,mannstaedt-demo-003,qr,5,dpp-document-open,Documents,Declaration of Conformity.pdf,desktop,DE-BE,synthetic
2026-06-13,session-00162,gmh-gruppe-sn-00000006-c0a7c1a5,qr,1,dpp-section-view,Overview,,desktop,NL-NH,synthetic
2026-06-13,session-00162,gmh-gruppe-sn-00000006-c0a7c1a5,qr,2,dpp-section-view,Sustainability,,desktop,NL-NH,synthetic
2026-06-13,session-00162,gmh-gruppe-sn-00000006-c0a7c1a5,qr,3,dpp-section-view,Product Information,,desktop,NL-NH,synthetic
2026-06-13,session-00162,gmh-gruppe-sn-00000006-c0a7c1a5,qr,4,dpp-section-view,Documents,,desktop,NL-NH,synthetic
2026-06-13,session-00162,gmh-gruppe-sn-00000006-c0a7c1a5,qr,5,dpp-section-view,Traceability,,desktop,NL-NH,synthetic
2026-06-13,session-00162,gmh-gruppe-sn-00000006-c0a7c1a5,qr,6,dpp-section-view,Materials,,desktop,NL-NH,synthetic
2026-05-10,session-00163,gmh-gruppe-sn-00000006-c0a7c1a5,web,1,dpp-section-view,Overview,,mobile,DE-BY,synthetic
2026-05-31,session-00164,mannstaedt-demo-002,web,1,dpp-section-view,Overview,,mobile,DE-BY,synthetic
2026-05-31,session-00164,mannstaedt-demo-002,web,2,dpp-document-open,Documents,Declaration of Conformity.pdf,mobile,DE-BY,synthetic
2026-08-31,session-00165,gmh-gruppe-sn-00000006-c0a7c1a5,qr,1,dpp-section-view,Documents,,desktop,DE-BE,synthetic
2026-08-31,session-00165,gmh-gruppe-sn-00000006-c0a7c1a5,qr,2,dpp-section-view,Overview,,desktop,DE-BE,synthetic
2026-08-31,session-00165,gmh-gruppe-sn-00000006-c0a7c1a5,qr,3,dpp-section-view,Materials,,desktop,DE-BE,synthetic
2026-08-19,session-00166,gmh-gruppe-sn-00000006-c0a7c1a5,web,1,dpp-section-view,Product Information,,mobile,DE-NW,synthetic
2026-08-19,session-00166,gmh-gruppe-sn-00000006-c0a7c1a5,web,2,dpp-section-view,Traceability,,mobile,DE-NW,synthetic
2026-08-19,session-00166,gmh-gruppe-sn-00000006-c0a7c1a5,web,3,dpp-section-view,Overview,,mobile,DE-NW,synthetic
2026-05-30,session-00167,mannstaedt-demo-003,web,1,dpp-section-view,Sustainability,,mobile,BE-VLG,synthetic
2026-05-30,session-00167,mannstaedt-demo-003,web,2,dpp-section-view,Documents,,mobile,BE-VLG,synthetic
2026-05-30,session-00167,mannstaedt-demo-003,web,3,dpp-section-view,Overview,,mobile,BE-VLG,synthetic
2026-05-30,session-00167,mannstaedt-demo-003,web,4,dpp-section-view,Traceability,,mobile,BE-VLG,synthetic
2026-05-30,session-00167,mannstaedt-demo-003,web,5,dpp-document-open,Documents,Material Certificate.pdf,mobile,BE-VLG,synthetic
2026-05-30,session-00167,mannstaedt-demo-003,web,6,dpp-document-open,Documents,Declaration of Conformity.pdf,mobile,BE-VLG,synthetic
2026-06-10,session-00168,gmh-gruppe-sn-00000006-c0a7c1a5,qr,1,dpp-section-view,Materials,,mobile,DE-BE,synthetic
2026-06-10,session-00168,gmh-gruppe-sn-00000006-c0a7c1a5,qr,2,dpp-section-view,Traceability,,mobile,DE-BE,synthetic
2026-06-10,session-00168,gmh-gruppe-sn-00000006-c0a7c1a5,qr,3,dpp-section-view,Documents,,mobile,DE-BE,synthetic
2026-06-10,session-00168,gmh-gruppe-sn-00000006-c0a7c1a5,qr,4,dpp-section-view,Product Information,,mobile,DE-BE,synthetic
2026-06-10,session-00168,gmh-gruppe-sn-00000006-c0a7c1a5,qr,5,dpp-section-view,Overview,,mobile,DE-BE,synthetic
2026-06-28,session-00169,mannstaedt-demo-003,web,1,dpp-section-view,Overview,,mobile,BE-VLG,synthetic
2026-06-28,session-00169,mannstaedt-demo-003,web,2,dpp-section-view,Documents,,mobile,BE-VLG,synthetic
2026-06-28,session-00169,mannstaedt-demo-003,web,3,dpp-section-view,Sustainability,,mobile,BE-VLG,synthetic
2026-07-20,session-00170,gmh-gruppe-sn-00000006-c0a7c1a5,qr,1,dpp-section-view,Documents,,mobile,BE-VLG,synthetic
2026-07-20,session-00170,gmh-gruppe-sn-00000006-c0a7c1a5,qr,2,dpp-section-view,Overview,,mobile,BE-VLG,synthetic
2026-07-20,session-00170,gmh-gruppe-sn-00000006-c0a7c1a5,qr,3,dpp-section-view,Traceability,,mobile,BE-VLG,synthetic
2026-07-20,session-00170,gmh-gruppe-sn-00000006-c0a7c1a5,qr,4,dpp-section-view,Product Information,,mobile,BE-VLG,synthetic
2026-07-20,session-00170,gmh-gruppe-sn-00000006-c0a7c1a5,qr,5,dpp-section-view,Sustainability,,mobile,BE-VLG,synthetic
2026-09-01,session-00171,gmh-gruppe-sn-00000006-c0a7c1a5,qr,1,dpp-section-view,Overview,,mobile,DE-NW,synthetic
2026-08-06,session-00172,gmh-gruppe-sn-00000006-c0a7c1a5,qr,1,dpp-section-view,Documents,,tablet,DE-NW,synthetic
2026-08-06,session-00172,gmh-gruppe-sn-00000006-c0a7c1a5,qr,2,dpp-section-view,Materials,,tablet,DE-NW,synthetic
2026-08-06,session-00172,gmh-gruppe-sn-00000006-c0a7c1a5,qr,3,dpp-section-view,Traceability,,tablet,DE-NW,synthetic
2026-08-06,session-00172,gmh-gruppe-sn-00000006-c0a7c1a5,qr,4,dpp-section-view,Product Information,,tablet,DE-NW,synthetic
2026-08-06,session-00172,gmh-gruppe-sn-00000006-c0a7c1a5,qr,5,dpp-section-view,Sustainability,,tablet,DE-NW,synthetic
2026-08-06,session-00172,gmh-gruppe-sn-00000006-c0a7c1a5,qr,6,dpp-section-view,Overview,,tablet,DE-NW,synthetic
2026-08-06,session-00172,gmh-gruppe-sn-00000006-c0a7c1a5,qr,7,dpp-document-open,Documents,Material Certificate.pdf,tablet,DE-NW,synthetic
2026-08-06,session-00172,gmh-gruppe-sn-00000006-c0a7c1a5,qr,8,dpp-document-open,Documents,Declaration of Conformity.pdf,tablet,DE-NW,synthetic
2026-05-04,session-00173,mannstaedt-demo-002,web,1,dpp-section-view,Overview,,mobile,DE-NW,synthetic
2026-05-04,session-00173,mannstaedt-demo-002,web,2,dpp-section-view,Sustainability,,mobile,DE-NW,synthetic
2026-05-04,session-00173,mannstaedt-demo-002,web,3,dpp-section-view,Traceability,,mobile,DE-NW,synthetic
2026-07-22,session-00174,gmh-gruppe-sn-00000006-c0a7c1a5,web,1,dpp-section-view,Overview,,desktop,BE-VLG,synthetic
2026-07-22,session-00174,gmh-gruppe-sn-00000006-c0a7c1a5,web,2,dpp-section-view,Sustainability,,desktop,BE-VLG,synthetic
2026-07-22,session-00174,gmh-gruppe-sn-00000006-c0a7c1a5,web,3,dpp-section-view,Materials,,desktop,BE-VLG,synthetic
2026-07-22,session-00174,gmh-gruppe-sn-00000006-c0a7c1a5,web,4,dpp-document-open,Documents,Declaration of Conformity.pdf,desktop,BE-VLG,synthetic
2026-07-22,session-00174,gmh-gruppe-sn-00000006-c0a7c1a5,web,5,dpp-document-open,Documents,Declaration of Conformity.pdf,desktop,BE-VLG,synthetic
2026-05-18,session-00175,mannstaedt-demo-003,qr,1,dpp-section-view,Overview,,desktop,DE-NW,synthetic
2026-05-18,session-00175,mannstaedt-demo-003,qr,2,dpp-section-view,Product Information,,desktop,DE-NW,synthetic
2026-05-18,session-00175,mannstaedt-demo-003,qr,3,dpp-section-view,Materials,,desktop,DE-NW,synthetic
2026-05-18,session-00175,mannstaedt-demo-003,qr,4,dpp-section-view,Traceability,,desktop,DE-NW,synthetic
2026-06-09,session-00176,gmh-gruppe-sn-00000006-c0a7c1a5,qr,1,dpp-section-view,Overview,,mobile,NL-NH,synthetic
2026-06-09,session-00176,gmh-gruppe-sn-00000006-c0a7c1a5,qr,2,dpp-section-view,Traceability,,mobile,NL-NH,synthetic
2026-06-09,session-00176,gmh-gruppe-sn-00000006-c0a7c1a5,qr,3,dpp-section-view,Product Information,,mobile,NL-NH,synthetic
2026-06-09,session-00176,gmh-gruppe-sn-00000006-c0a7c1a5,qr,4,dpp-document-open,Documents,Technical Datasheet.pdf,mobile,NL-NH,synthetic
2026-06-09,session-00176,gmh-gruppe-sn-00000006-c0a7c1a5,qr,5,dpp-document-open,Documents,Declaration of Conformity.pdf,mobile,NL-NH,synthetic
2026-06-09,session-00176,gmh-gruppe-sn-00000006-c0a7c1a5,qr,6,dpp-document-open,Documents,Technical Datasheet.pdf,mobile,NL-NH,synthetic
2026-06-02,session-00177,mannstaedt-demo-003,web,1,dpp-section-view,Documents,,desktop,BE-VLG,synthetic
2026-06-02,session-00177,mannstaedt-demo-003,web,2,dpp-section-view,Overview,,desktop,BE-VLG,synthetic
2026-07-29,session-00178,gmh-gruppe-sn-00000006-c0a7c1a5,web,1,dpp-section-view,Overview,,desktop,BE-VLG,synthetic
2026-07-29,session-00178,gmh-gruppe-sn-00000006-c0a7c1a5,web,2,dpp-section-view,Product Information,,desktop,BE-VLG,synthetic
2026-07-29,session-00178,gmh-gruppe-sn-00000006-c0a7c1a5,web,3,dpp-section-view,Materials,,desktop,BE-VLG,synthetic
2026-07-13,session-00179,gmh-gruppe-sn-00000006-c0a7c1a5,web,1,dpp-section-view,Overview,,mobile,NL-NH,synthetic
2026-05-10,session-00180,mannstaedt-demo-002,qr,1,dpp-section-view,Documents,,mobile,NL-NH,synthetic
2026-05-10,session-00180,mannstaedt-demo-002,qr,2,dpp-section-view,Product Information,,mobile,NL-NH,synthetic
2026-05-10,session-00180,mannstaedt-demo-002,qr,3,dpp-section-view,Materials,,mobile,NL-NH,synthetic
2026-05-10,session-00180,mannstaedt-demo-002,qr,4,dpp-section-view,Traceability,,mobile,NL-NH,synthetic
2026-05-10,session-00180,mannstaedt-demo-002,qr,5,dpp-section-view,Overview,,mobile,NL-NH,synthetic
2026-05-10,session-00180,mannstaedt-demo-002,qr,6,dpp-section-view,Sustainability,,mobile,NL-NH,synthetic
2026-05-31,session-00181,gmh-gruppe-sn-00000006-c0a7c1a5,web,1,dpp-section-view,Overview,,desktop,DE-BE,synthetic
2026-05-31,session-00181,gmh-gruppe-sn-00000006-c0a7c1a5,web,2,dpp-section-view,Product Information,,desktop,DE-BE,synthetic
2026-05-31,session-00181,gmh-gruppe-sn-00000006-c0a7c1a5,web,3,dpp-section-view,Materials,,desktop,DE-BE,synthetic
2026-05-31,session-00181,gmh-gruppe-sn-00000006-c0a7c1a5,web,4,dpp-document-open,Documents,Sustainability Certificate.pdf,desktop,DE-BE,synthetic
2026-05-31,session-00181,gmh-gruppe-sn-00000006-c0a7c1a5,web,5,dpp-document-open,Documents,Declaration of Conformity.pdf,desktop,DE-BE,synthetic
2026-06-25,session-00182,gmh-gruppe-sn-00000006-c0a7c1a5,qr,1,dpp-section-view,Overview,,desktop,DE-BY,synthetic
2026-09-04,session-00183,gmh-gruppe-sn-00000006-c0a7c1a5,web,1,dpp-section-view,Materials,,desktop,DE-NW,synthetic
2026-09-04,session-00183,gmh-gruppe-sn-00000006-c0a7c1a5,web,2,dpp-section-view,Documents,,desktop,DE-NW,synthetic
2026-09-04,session-00183,gmh-gruppe-sn-00000006-c0a7c1a5,web,3,dpp-section-view,Overview,,desktop,DE-NW,synthetic
2026-08-31,session-00184,mannstaedt-demo-003,web,1,dpp-section-view,Overview,,mobile,DE-BE,synthetic
2026-07-23,session-00185,gmh-gruppe-sn-00000006-c0a7c1a5,web,1,dpp-section-view,Sustainability,,tablet,DE-BE,synthetic
2026-07-23,session-00185,gmh-gruppe-sn-00000006-c0a7c1a5,web,2,dpp-section-view,Overview,,tablet,DE-BE,synthetic
2026-07-23,session-00185,gmh-gruppe-sn-00000006-c0a7c1a5,web,3,dpp-section-view,Product Information,,tablet,DE-BE,synthetic
2026-05-30,session-00186,mannstaedt-demo-003,qr,1,dpp-section-view,Product Information,,tablet,DE-BY,synthetic
2026-05-30,session-00186,mannstaedt-demo-003,qr,2,dpp-section-view,Materials,,tablet,DE-BY,synthetic
2026-05-30,session-00186,mannstaedt-demo-003,qr,3,dpp-section-view,Overview,,tablet,DE-BY,synthetic
2026-05-23,session-00187,mannstaedt-demo-002,web,1,dpp-section-view,Overview,,desktop,DE-BE,synthetic
2026-07-09,session-00188,mannstaedt-demo-002,qr,1,dpp-section-view,Overview,,desktop,BE-VLG,synthetic
2026-05-15,session-00189,gmh-gruppe-sn-00000006-c0a7c1a5,web,1,dpp-section-view,Overview,,desktop,DE-NW,synthetic
2026-05-14,session-00190,gmh-gruppe-sn-00000006-c0a7c1a5,qr,1,dpp-section-view,Overview,,desktop,DE-NW,synthetic
2026-05-14,session-00190,gmh-gruppe-sn-00000006-c0a7c1a5,qr,2,dpp-section-view,Traceability,,desktop,DE-NW,synthetic
2026-05-14,session-00190,gmh-gruppe-sn-00000006-c0a7c1a5,qr,3,dpp-document-open,Documents,Material Certificate.pdf,desktop,DE-NW,synthetic
2026-05-14,session-00190,gmh-gruppe-sn-00000006-c0a7c1a5,qr,4,dpp-document-open,Documents,Technical Datasheet.pdf,desktop,DE-NW,synthetic
2026-08-26,session-00191,gmh-gruppe-sn-00000006-c0a7c1a5,qr,1,dpp-section-view,Overview,,desktop,BE-VLG,synthetic
2026-08-26,session-00191,gmh-gruppe-sn-00000006-c0a7c1a5,qr,2,dpp-section-view,Product Information,,desktop,BE-VLG,synthetic
2026-08-26,session-00191,gmh-gruppe-sn-00000006-c0a7c1a5,qr,3,dpp-section-view,Sustainability,,desktop,BE-VLG,synthetic
2026-08-26,session-00191,gmh-gruppe-sn-00000006-c0a7c1a5,qr,4,dpp-section-view,Traceability,,desktop,BE-VLG,synthetic
2026-08-26,session-00191,gmh-gruppe-sn-00000006-c0a7c1a5,qr,5,dpp-document-open,Documents,Technical Datasheet.pdf,desktop,BE-VLG,synthetic
2026-08-05,session-00192,mannstaedt-demo-002,qr,1,dpp-section-view,Product Information,,desktop,DE-BY,synthetic
2026-08-05,session-00192,mannstaedt-demo-002,qr,2,dpp-section-view,Overview,,desktop,DE-BY,synthetic
2026-08-05,session-00192,mannstaedt-demo-002,qr,3,dpp-section-view,Sustainability,,desktop,DE-BY,synthetic
2026-08-05,session-00192,mannstaedt-demo-002,qr,4,dpp-section-view,Traceability,,desktop,DE-BY,synthetic
2026-08-05,session-00192,mannstaedt-demo-002,qr,5,dpp-section-view,Documents,,desktop,DE-BY,synthetic
2026-08-05,session-00192,mannstaedt-demo-002,qr,6,dpp-section-view,Materials,,desktop,DE-BY,synthetic
2026-08-05,session-00192,mannstaedt-demo-002,qr,7,dpp-document-open,Documents,Declaration of Conformity.pdf,desktop,DE-BY,synthetic
2026-08-05,session-00192,mannstaedt-demo-002,qr,8,dpp-document-open,Documents,Technical Datasheet.pdf,desktop,DE-BY,synthetic
2026-07-18,session-00193,gmh-gruppe-sn-00000006-c0a7c1a5,qr,1,dpp-section-view,Sustainability,,desktop,BE-VLG,synthetic
2026-07-18,session-00193,gmh-gruppe-sn-00000006-c0a7c1a5,qr,2,dpp-section-view,Traceability,,desktop,BE-VLG,synthetic
2026-07-18,session-00193,gmh-gruppe-sn-00000006-c0a7c1a5,qr,3,dpp-section-view,Overview,,desktop,BE-VLG,synthetic
2026-05-30,session-00194,gmh-gruppe-sn-00000006-c0a7c1a5,qr,1,dpp-section-view,Overview,,mobile,DE-BE,synthetic
2026-05-30,session-00194,gmh-gruppe-sn-00000006-c0a7c1a5,qr,2,dpp-section-view,Product Information,,mobile,DE-BE,synthetic
2026-05-30,session-00194,gmh-gruppe-sn-00000006-c0a7c1a5,qr,3,dpp-section-view,Sustainability,,mobile,DE-BE,synthetic
2026-05-30,session-00194,gmh-gruppe-sn-00000006-c0a7c1a5,qr,4,dpp-section-view,Documents,,mobile,DE-BE,synthetic
2026-09-01,session-00195,gmh-gruppe-sn-00000006-c0a7c1a5,qr,1,dpp-section-view,Overview,,mobile,DE-BE,synthetic
2026-09-01,session-00195,gmh-gruppe-sn-00000006-c0a7c1a5,qr,2,dpp-section-view,Materials,,mobile,DE-BE,synthetic
2026-06-24,session-00196,mannstaedt-demo-003,qr,1,dpp-section-view,Overview,,mobile,DE-BE,synthetic
2026-06-24,session-00196,mannstaedt-demo-003,qr,2,dpp-section-view,Documents,,mobile,DE-BE,synthetic
2026-06-10,session-00197,mannstaedt-demo-003,web,1,dpp-section-view,Overview,,mobile,DE-NW,synthetic
2026-06-10,session-00197,mannstaedt-demo-003,web,2,dpp-section-view,Materials,,mobile,DE-NW,synthetic
2026-06-10,session-00197,mannstaedt-demo-003,web,3,dpp-section-view,Product Information,,mobile,DE-NW,synthetic
2026-06-10,session-00197,mannstaedt-demo-003,web,4,dpp-section-view,Documents,,mobile,DE-NW,synthetic
2026-05-28,session-00198,gmh-gruppe-sn-00000006-c0a7c1a5,web,1,dpp-section-view,Overview,,desktop,DE-BE,synthetic
2026-05-12,session-00199,mannstaedt-demo-002,web,1,dpp-section-view,Documents,,desktop,DE-BE,synthetic
2026-05-12,session-00199,mannstaedt-demo-002,web,2,dpp-section-view,Traceability,,desktop,DE-BE,synthetic
2026-05-12,session-00199,mannstaedt-demo-002,web,3,dpp-section-view,Overview,,desktop,DE-BE,synthetic
2026-05-12,session-00199,mannstaedt-demo-002,web,4,dpp-section-view,Materials,,desktop,DE-BE,synthetic
2026-06-13,session-00200,gmh-gruppe-sn-00000006-c0a7c1a5,qr,1,dpp-section-view,Overview,,desktop,DE-BY,synthetic
2026-05-20,session-00201,gmh-gruppe-sn-00000006-c0a7c1a5,qr,1,dpp-section-view,Overview,,mobile,DE-BY,synthetic
2026-05-20,session-00201,gmh-gruppe-sn-00000006-c0a7c1a5,qr,2,dpp-section-view,Documents,,mobile,DE-BY,synthetic
2026-05-20,session-00201,gmh-gruppe-sn-00000006-c0a7c1a5,qr,3,dpp-document-open,Documents,Sustainability Certificate.pdf,mobile,DE-BY,synthetic
2026-06-28,session-00202,mannstaedt-demo-002,qr,1,dpp-section-view,Overview,,desktop,DE-BY,synthetic
2026-06-28,session-00202,mannstaedt-demo-002,qr,2,dpp-section-view,Traceability,,desktop,DE-BY,synthetic
2026-08-07,session-00203,mannstaedt-demo-002,qr,1,dpp-section-view,Overview,,desktop,DE-BY,synthetic
2026-06-02,session-00204,gmh-gruppe-sn-00000006-c0a7c1a5,qr,1,dpp-section-view,Overview,,mobile,NL-NH,synthetic
2026-06-02,session-00204,gmh-gruppe-sn-00000006-c0a7c1a5,qr,2,dpp-section-view,Materials,,mobile,NL-NH,synthetic
2026-07-09,session-00205,gmh-gruppe-sn-00000006-c0a7c1a5,qr,1,dpp-section-view,Overview,,tablet,DE-NW,synthetic
2026-07-09,session-00205,gmh-gruppe-sn-00000006-c0a7c1a5,qr,2,dpp-section-view,Product Information,,tablet,DE-NW,synthetic
2026-07-09,session-00205,gmh-gruppe-sn-00000006-c0a7c1a5,qr,3,dpp-section-view,Traceability,,tablet,DE-NW,synthetic
2026-07-09,session-00205,gmh-gruppe-sn-00000006-c0a7c1a5,qr,4,dpp-section-view,Documents,,tablet,DE-NW,synthetic
2026-07-09,session-00205,gmh-gruppe-sn-00000006-c0a7c1a5,qr,5,dpp-section-view,Sustainability,,tablet,DE-NW,synthetic
2026-07-09,session-00205,gmh-gruppe-sn-00000006-c0a7c1a5,qr,6,dpp-document-open,Documents,Sustainability Certificate.pdf,tablet,DE-NW,synthetic
2026-07-09,session-00205,gmh-gruppe-sn-00000006-c0a7c1a5,qr,7,dpp-document-open,Documents,Declaration of Conformity.pdf,tablet,DE-NW,synthetic
2026-07-09,session-00205,gmh-gruppe-sn-00000006-c0a7c1a5,qr,8,dpp-document-open,Documents,Material Certificate.pdf,tablet,DE-NW,synthetic
2026-08-31,session-00206,gmh-gruppe-sn-00000006-c0a7c1a5,qr,1,dpp-section-view,Overview,,mobile,DE-NW,synthetic
2026-08-31,session-00206,gmh-gruppe-sn-00000006-c0a7c1a5,qr,2,dpp-section-view,Product Information,,mobile,DE-NW,synthetic
2026-08-31,session-00206,gmh-gruppe-sn-00000006-c0a7c1a5,qr,3,dpp-section-view,Sustainability,,mobile,DE-NW,synthetic
2026-08-31,session-00206,gmh-gruppe-sn-00000006-c0a7c1a5,qr,4,dpp-section-view,Documents,,mobile,DE-NW,synthetic
2026-08-31,session-00206,gmh-gruppe-sn-00000006-c0a7c1a5,qr,5,dpp-section-view,Traceability,,mobile,DE-NW,synthetic
2026-08-31,session-00206,gmh-gruppe-sn-00000006-c0a7c1a5,qr,6,dpp-document-open,Documents,Material Certificate.pdf,mobile,DE-NW,synthetic
2026-06-23,session-00207,mannstaedt-demo-003,qr,1,dpp-section-view,Overview,,mobile,BE-VLG,synthetic
2026-07-13,session-00208,gmh-gruppe-sn-00000006-c0a7c1a5,web,1,dpp-section-view,Overview,,desktop,DE-BY,synthetic
2026-07-13,session-00208,gmh-gruppe-sn-00000006-c0a7c1a5,web,2,dpp-section-view,Sustainability,,desktop,DE-BY,synthetic
2026-07-24,session-00209,gmh-gruppe-sn-00000006-c0a7c1a5,web,1,dpp-section-view,Overview,,mobile,DE-BY,synthetic
2026-07-11,session-00210,gmh-gruppe-sn-00000006-c0a7c1a5,qr,1,dpp-section-view,Overview,,mobile,DE-NW,synthetic
2026-07-11,session-00210,gmh-gruppe-sn-00000006-c0a7c1a5,qr,2,dpp-section-view,Traceability,,mobile,DE-NW,synthetic
2026-07-11,session-00210,gmh-gruppe-sn-00000006-c0a7c1a5,qr,3,dpp-section-view,Product Information,,mobile,DE-NW,synthetic
2026-07-11,session-00210,gmh-gruppe-sn-00000006-c0a7c1a5,qr,4,dpp-section-view,Documents,,mobile,DE-NW,synthetic
2026-07-11,session-00210,gmh-gruppe-sn-00000006-c0a7c1a5,qr,5,dpp-section-view,Sustainability,,mobile,DE-NW,synthetic
2026-07-11,session-00210,gmh-gruppe-sn-00000006-c0a7c1a5,qr,6,dpp-section-view,Materials,,mobile,DE-NW,synthetic
2026-07-11,session-00210,gmh-gruppe-sn-00000006-c0a7c1a5,qr,7,dpp-document-open,Documents,Technical Datasheet.pdf,mobile,DE-NW,synthetic
2026-07-11,session-00210,gmh-gruppe-sn-00000006-c0a7c1a5,qr,8,dpp-document-open,Documents,Declaration of Conformity.pdf,mobile,DE-NW,synthetic
2026-07-11,session-00210,gmh-gruppe-sn-00000006-c0a7c1a5,qr,9,dpp-document-open,Documents,Technical Datasheet.pdf,mobile,DE-NW,synthetic
2026-07-09,session-00211,mannstaedt-demo-003,qr,1,dpp-section-view,Overview,,mobile,DE-BY,synthetic
2026-07-09,session-00211,mannstaedt-demo-003,qr,2,dpp-document-open,Documents,Declaration of Conformity.pdf,mobile,DE-BY,synthetic
2026-08-07,session-00212,gmh-gruppe-sn-00000006-c0a7c1a5,qr,1,dpp-section-view,Overview,,desktop,DE-BY,synthetic
2026-08-07,session-00212,gmh-gruppe-sn-00000006-c0a7c1a5,qr,2,dpp-section-view,Product Information,,desktop,DE-BY,synthetic
2026-08-07,session-00212,gmh-gruppe-sn-00000006-c0a7c1a5,qr,3,dpp-section-view,Sustainability,,desktop,DE-BY,synthetic
2026-08-07,session-00212,gmh-gruppe-sn-00000006-c0a7c1a5,qr,4,dpp-document-open,Documents,Technical Datasheet.pdf,desktop,DE-BY,synthetic
2026-08-07,session-00212,gmh-gruppe-sn-00000006-c0a7c1a5,qr,5,dpp-document-open,Documents,Declaration of Conformity.pdf,desktop,DE-BY,synthetic
2026-05-04,session-00213,mannstaedt-demo-003,qr,1,dpp-section-view,Materials,,mobile,DE-BE,synthetic
2026-05-04,session-00213,mannstaedt-demo-003,qr,2,dpp-section-view,Documents,,mobile,DE-BE,synthetic
2026-05-04,session-00213,mannstaedt-demo-003,qr,3,dpp-section-view,Product Information,,mobile,DE-BE,synthetic
2026-05-04,session-00213,mannstaedt-demo-003,qr,4,dpp-section-view,Traceability,,mobile,DE-BE,synthetic
2026-05-04,session-00213,mannstaedt-demo-003,qr,5,dpp-section-view,Sustainability,,mobile,DE-BE,synthetic
2026-05-04,session-00213,mannstaedt-demo-003,qr,6,dpp-section-view,Overview,,mobile,DE-BE,synthetic
2026-09-06,session-00214,gmh-gruppe-sn-00000006-c0a7c1a5,web,1,dpp-section-view,Overview,,desktop,DE-NW,synthetic
2026-08-29,session-00215,gmh-gruppe-sn-00000006-c0a7c1a5,qr,1,dpp-section-view,Overview,,mobile,NL-NH,synthetic
2026-08-12,session-00216,gmh-gruppe-sn-00000006-c0a7c1a5,qr,1,dpp-section-view,Product Information,,desktop,DE-BE,synthetic
2026-08-12,session-00216,gmh-gruppe-sn-00000006-c0a7c1a5,qr,2,dpp-section-view,Traceability,,desktop,DE-BE,synthetic
2026-08-12,session-00216,gmh-gruppe-sn-00000006-c0a7c1a5,qr,3,dpp-section-view,Materials,,desktop,DE-BE,synthetic
2026-08-12,session-00216,gmh-gruppe-sn-00000006-c0a7c1a5,qr,4,dpp-section-view,Overview,,desktop,DE-BE,synthetic
2026-06-04,session-00217,gmh-gruppe-sn-00000006-c0a7c1a5,qr,1,dpp-section-view,Overview,,desktop,DE-BY,synthetic
2026-06-04,session-00217,gmh-gruppe-sn-00000006-c0a7c1a5,qr,2,dpp-section-view,Product Information,,desktop,DE-BY,synthetic
2026-06-04,session-00217,gmh-gruppe-sn-00000006-c0a7c1a5,qr,3,dpp-section-view,Documents,,desktop,DE-BY,synthetic
2026-06-04,session-00217,gmh-gruppe-sn-00000006-c0a7c1a5,qr,4,dpp-section-view,Traceability,,desktop,DE-BY,synthetic
2026-06-04,session-00217,gmh-gruppe-sn-00000006-c0a7c1a5,qr,5,dpp-section-view,Materials,,desktop,DE-BY,synthetic
2026-07-05,session-00218,gmh-gruppe-sn-00000006-c0a7c1a5,web,1,dpp-section-view,Traceability,,desktop,BE-VLG,synthetic
2026-07-05,session-00218,gmh-gruppe-sn-00000006-c0a7c1a5,web,2,dpp-section-view,Materials,,desktop,BE-VLG,synthetic
2026-07-05,session-00218,gmh-gruppe-sn-00000006-c0a7c1a5,web,3,dpp-section-view,Overview,,desktop,BE-VLG,synthetic
2026-07-08,session-00219,mannstaedt-demo-002,web,1,dpp-section-view,Traceability,,desktop,DE-BY,synthetic
2026-07-08,session-00219,mannstaedt-demo-002,web,2,dpp-section-view,Overview,,desktop,DE-BY,synthetic
2026-07-08,session-00219,mannstaedt-demo-002,web,3,dpp-document-open,Documents,Material Certificate.pdf,desktop,DE-BY,synthetic
2026-07-08,session-00219,mannstaedt-demo-002,web,4,dpp-document-open,Documents,Material Certificate.pdf,desktop,DE-BY,synthetic
2026-06-21,session-00220,gmh-gruppe-sn-00000006-c0a7c1a5,web,1,dpp-section-view,Overview,,desktop,BE-VLG,synthetic
2026-06-21,session-00220,gmh-gruppe-sn-00000006-c0a7c1a5,web,2,dpp-section-view,Materials,,desktop,BE-VLG,synthetic
2026-06-21,session-00220,gmh-gruppe-sn-00000006-c0a7c1a5,web,3,dpp-document-open,Documents,Declaration of Conformity.pdf,desktop,BE-VLG,synthetic
2026-06-21,session-00220,gmh-gruppe-sn-00000006-c0a7c1a5,web,4,dpp-document-open,Documents,Declaration of Conformity.pdf,desktop,BE-VLG,synthetic
2026-06-21,session-00220,gmh-gruppe-sn-00000006-c0a7c1a5,web,5,dpp-document-open,Documents,Sustainability Certificate.pdf,desktop,BE-VLG,synthetic
2026-09-07,session-00221,mannstaedt-demo-003,qr,1,dpp-section-view,Overview,,mobile,DE-BY,synthetic
2026-09-07,session-00221,mannstaedt-demo-003,qr,2,dpp-section-view,Sustainability,,mobile,DE-BY,synthetic
2026-09-07,session-00221,mannstaedt-demo-003,qr,3,dpp-section-view,Documents,,mobile,DE-BY,synthetic
2026-09-07,session-00221,mannstaedt-demo-003,qr,4,dpp-document-open,Documents,Material Certificate.pdf,mobile,DE-BY,synthetic
2026-09-07,session-00221,mannstaedt-demo-003,qr,5,dpp-document-open,Documents,Declaration of Conformity.pdf,mobile,DE-BY,synthetic
2026-07-28,session-00222,mannstaedt-demo-003,qr,1,dpp-section-view,Overview,,desktop,DE-BE,synthetic
2026-07-28,session-00222,mannstaedt-demo-003,qr,2,dpp-section-view,Sustainability,,desktop,DE-BE,synthetic
2026-05-14,session-00223,mannstaedt-demo-003,web,1,dpp-section-view,Product Information,,desktop,DE-BY,synthetic
2026-05-14,session-00223,mannstaedt-demo-003,web,2,dpp-section-view,Overview,,desktop,DE-BY,synthetic
2026-08-22,session-00224,gmh-gruppe-sn-00000006-c0a7c1a5,qr,1,dpp-section-view,Overview,,desktop,DE-BE,synthetic
2026-08-22,session-00224,gmh-gruppe-sn-00000006-c0a7c1a5,qr,2,dpp-section-view,Documents,,desktop,DE-BE,synthetic
2026-06-12,session-00225,mannstaedt-demo-002,qr,1,dpp-section-view,Materials,,mobile,DE-BY,synthetic
2026-06-12,session-00225,mannstaedt-demo-002,qr,2,dpp-section-view,Overview,,mobile,DE-BY,synthetic
2026-06-12,session-00225,mannstaedt-demo-002,qr,3,dpp-section-view,Product Information,,mobile,DE-BY,synthetic
2026-06-12,session-00225,mannstaedt-demo-002,qr,4,dpp-section-view,Traceability,,mobile,DE-BY,synthetic
2026-06-12,session-00225,mannstaedt-demo-002,qr,5,dpp-section-view,Documents,,mobile,DE-BY,synthetic
2026-06-12,session-00225,mannstaedt-demo-002,qr,6,dpp-document-open,Documents,Material Certificate.pdf,mobile,DE-BY,synthetic
2026-06-12,session-00225,mannstaedt-demo-002,qr,7,dpp-document-open,Documents,Sustainability Certificate.pdf,mobile,DE-BY,synthetic
2026-06-12,session-00225,mannstaedt-demo-002,qr,8,dpp-document-open,Documents,Material Certificate.pdf,mobile,DE-BY,synthetic
2026-07-30,session-00226,gmh-gruppe-sn-00000006-c0a7c1a5,web,1,dpp-section-view,Materials,,desktop,DE-NW,synthetic
2026-07-30,session-00226,gmh-gruppe-sn-00000006-c0a7c1a5,web,2,dpp-section-view,Sustainability,,desktop,DE-NW,synthetic
2026-07-30,session-00226,gmh-gruppe-sn-00000006-c0a7c1a5,web,3,dpp-section-view,Documents,,desktop,DE-NW,synthetic
2026-07-30,session-00226,gmh-gruppe-sn-00000006-c0a7c1a5,web,4,dpp-section-view,Overview,,desktop,DE-NW,synthetic
2026-07-30,session-00226,gmh-gruppe-sn-00000006-c0a7c1a5,web,5,dpp-section-view,Traceability,,desktop,DE-NW,synthetic
2026-05-13,session-00227,gmh-gruppe-sn-00000006-c0a7c1a5,web,1,dpp-section-view,Sustainability,,mobile,DE-NW,synthetic
2026-05-13,session-00227,gmh-gruppe-sn-00000006-c0a7c1a5,web,2,dpp-section-view,Documents,,mobile,DE-NW,synthetic
2026-05-13,session-00227,gmh-gruppe-sn-00000006-c0a7c1a5,web,3,dpp-section-view,Overview,,mobile,DE-NW,synthetic
2026-05-13,session-00227,gmh-gruppe-sn-00000006-c0a7c1a5,web,4,dpp-document-open,Documents,Sustainability Certificate.pdf,mobile,DE-NW,synthetic
2026-07-31,session-00228,mannstaedt-demo-003,qr,1,dpp-section-view,Overview,,desktop,NL-NH,synthetic
2026-07-31,session-00228,mannstaedt-demo-003,qr,2,dpp-section-view,Documents,,desktop,NL-NH,synthetic
2026-07-31,session-00228,mannstaedt-demo-003,qr,3,dpp-section-view,Materials,,desktop,NL-NH,synthetic
2026-05-28,session-00229,mannstaedt-demo-002,qr,1,dpp-section-view,Overview,,desktop,DE-BY,synthetic
2026-09-06,session-00230,gmh-gruppe-sn-00000006-c0a7c1a5,web,1,dpp-section-view,Materials,,desktop,BE-VLG,synthetic
2026-09-06,session-00230,gmh-gruppe-sn-00000006-c0a7c1a5,web,2,dpp-section-view,Overview,,desktop,BE-VLG,synthetic
2026-07-22,session-00231,gmh-gruppe-sn-00000006-c0a7c1a5,web,1,dpp-section-view,Overview,,desktop,BE-VLG,synthetic
2026-07-22,session-00231,gmh-gruppe-sn-00000006-c0a7c1a5,web,2,dpp-section-view,Product Information,,desktop,BE-VLG,synthetic
2026-08-16,session-00232,gmh-gruppe-sn-00000006-c0a7c1a5,web,1,dpp-section-view,Overview,,desktop,DE-BE,synthetic
2026-06-21,session-00233,gmh-gruppe-sn-00000006-c0a7c1a5,qr,1,dpp-section-view,Overview,,desktop,BE-VLG,synthetic
2026-06-21,session-00233,gmh-gruppe-sn-00000006-c0a7c1a5,qr,2,dpp-section-view,Sustainability,,desktop,BE-VLG,synthetic
2026-06-21,session-00233,gmh-gruppe-sn-00000006-c0a7c1a5,qr,3,dpp-section-view,Traceability,,desktop,BE-VLG,synthetic
2026-05-13,session-00234,gmh-gruppe-sn-00000006-c0a7c1a5,web,1,dpp-section-view,Overview,,desktop,NL-NH,synthetic
2026-09-01,session-00235,mannstaedt-demo-003,web,1,dpp-section-view,Overview,,desktop,DE-BY,synthetic
2026-09-01,session-00235,mannstaedt-demo-003,web,2,dpp-document-open,Documents,Technical Datasheet.pdf,desktop,DE-BY,synthetic
2026-09-01,session-00235,mannstaedt-demo-003,web,3,dpp-document-open,Documents,Material Certificate.pdf,desktop,DE-BY,synthetic
2026-09-01,session-00235,mannstaedt-demo-003,web,4,dpp-document-open,Documents,Technical Datasheet.pdf,desktop,DE-BY,synthetic
2026-05-08,session-00236,gmh-gruppe-sn-00000006-c0a7c1a5,web,1,dpp-section-view,Overview,,desktop,DE-BE,synthetic
2026-05-08,session-00236,gmh-gruppe-sn-00000006-c0a7c1a5,web,2,dpp-section-view,Product Information,,desktop,DE-BE,synthetic
2026-05-08,session-00236,gmh-gruppe-sn-00000006-c0a7c1a5,web,3,dpp-section-view,Sustainability,,desktop,DE-BE,synthetic
2026-07-11,session-00237,gmh-gruppe-sn-00000006-c0a7c1a5,qr,1,dpp-section-view,Overview,,desktop,DE-NW,synthetic
2026-07-11,session-00237,gmh-gruppe-sn-00000006-c0a7c1a5,qr,2,dpp-section-view,Traceability,,desktop,DE-NW,synthetic
2026-08-24,session-00238,gmh-gruppe-sn-00000006-c0a7c1a5,qr,1,dpp-section-view,Documents,,desktop,NL-NH,synthetic
2026-08-24,session-00238,gmh-gruppe-sn-00000006-c0a7c1a5,qr,2,dpp-section-view,Product Information,,desktop,NL-NH,synthetic
2026-08-24,session-00238,gmh-gruppe-sn-00000006-c0a7c1a5,qr,3,dpp-section-view,Overview,,desktop,NL-NH,synthetic
2026-06-09,session-00239,gmh-gruppe-sn-00000006-c0a7c1a5,web,1,dpp-section-view,Overview,,desktop,DE-BE,synthetic
2026-06-09,session-00239,gmh-gruppe-sn-00000006-c0a7c1a5,web,2,dpp-section-view,Documents,,desktop,DE-BE,synthetic
2026-05-20,session-00240,gmh-gruppe-sn-00000006-c0a7c1a5,qr,1,dpp-section-view,Overview,,mobile,DE-BY,synthetic
2026-05-20,session-00240,gmh-gruppe-sn-00000006-c0a7c1a5,qr,2,dpp-section-view,Product Information,,mobile,DE-BY,synthetic
2026-05-20,session-00240,gmh-gruppe-sn-00000006-c0a7c1a5,qr,3,dpp-section-view,Traceability,,mobile,DE-BY,synthetic
2026-05-20,session-00240,gmh-gruppe-sn-00000006-c0a7c1a5,qr,4,dpp-document-open,Documents,Technical Datasheet.pdf,mobile,DE-BY,synthetic
2026-05-20,session-00240,gmh-gruppe-sn-00000006-c0a7c1a5,qr,5,dpp-document-open,Documents,Technical Datasheet.pdf,mobile,DE-BY,synthetic
2026-05-20,session-00240,gmh-gruppe-sn-00000006-c0a7c1a5,qr,6,dpp-document-open,Documents,Material Certificate.pdf,mobile,DE-BY,synthetic
2026-06-20,session-00241,mannstaedt-demo-002,qr,1,dpp-section-view,Sustainability,,mobile,DE-BE,synthetic
2026-06-20,session-00241,mannstaedt-demo-002,qr,2,dpp-section-view,Overview,,mobile,DE-BE,synthetic
2026-06-20,session-00241,mannstaedt-demo-002,qr,3,dpp-section-view,Product Information,,mobile,DE-BE,synthetic
2026-06-20,session-00241,mannstaedt-demo-002,qr,4,dpp-document-open,Documents,Technical Datasheet.pdf,mobile,DE-BE,synthetic
2026-06-20,session-00241,mannstaedt-demo-002,qr,5,dpp-document-open,Documents,Declaration of Conformity.pdf,mobile,DE-BE,synthetic
2026-08-30,session-00242,gmh-gruppe-sn-00000006-c0a7c1a5,web,1,dpp-section-view,Overview,,tablet,DE-BE,synthetic
2026-06-24,session-00243,gmh-gruppe-sn-00000006-c0a7c1a5,qr,1,dpp-section-view,Overview,,tablet,NL-NH,synthetic
2026-06-24,session-00243,gmh-gruppe-sn-00000006-c0a7c1a5,qr,2,dpp-section-view,Traceability,,tablet,NL-NH,synthetic
2026-06-24,session-00243,gmh-gruppe-sn-00000006-c0a7c1a5,qr,3,dpp-section-view,Materials,,tablet,NL-NH,synthetic
2026-05-17,session-00244,mannstaedt-demo-002,web,1,dpp-section-view,Materials,,mobile,DE-NW,synthetic
2026-05-17,session-00244,mannstaedt-demo-002,web,2,dpp-section-view,Traceability,,mobile,DE-NW,synthetic
2026-05-17,session-00244,mannstaedt-demo-002,web,3,dpp-section-view,Overview,,mobile,DE-NW,synthetic
2026-05-17,session-00244,mannstaedt-demo-002,web,4,dpp-section-view,Documents,,mobile,DE-NW,synthetic
2026-08-16,session-00245,gmh-gruppe-sn-00000006-c0a7c1a5,web,1,dpp-section-view,Overview,,tablet,DE-BE,synthetic
2026-08-16,session-00245,gmh-gruppe-sn-00000006-c0a7c1a5,web,2,dpp-section-view,Traceability,,tablet,DE-BE,synthetic
2026-05-21,session-00246,mannstaedt-demo-002,qr,1,dpp-section-view,Materials,,mobile,DE-BY,synthetic
2026-05-21,session-00246,mannstaedt-demo-002,qr,2,dpp-section-view,Documents,,mobile,DE-BY,synthetic
2026-05-21,session-00246,mannstaedt-demo-002,qr,3,dpp-section-view,Sustainability,,mobile,DE-BY,synthetic
2026-05-21,session-00246,mannstaedt-demo-002,qr,4,dpp-section-view,Overview,,mobile,DE-BY,synthetic
2026-05-21,session-00246,mannstaedt-demo-002,qr,5,dpp-document-open,Documents,Declaration of Conformity.pdf,mobile,DE-BY,synthetic
2026-05-21,session-00246,mannstaedt-demo-002,qr,6,dpp-document-open,Documents,Sustainability Certificate.pdf,mobile,DE-BY,synthetic
2026-08-18,session-00247,gmh-gruppe-sn-00000006-c0a7c1a5,web,1,dpp-section-view,Documents,,mobile,DE-BE,synthetic
2026-08-18,session-00247,gmh-gruppe-sn-00000006-c0a7c1a5,web,2,dpp-section-view,Overview,,mobile,DE-BE,synthetic
2026-08-18,session-00247,gmh-gruppe-sn-00000006-c0a7c1a5,web,3,dpp-section-view,Materials,,mobile,DE-BE,synthetic
2026-06-08,session-00248,mannstaedt-demo-002,qr,1,dpp-section-view,Overview,,mobile,DE-BY,synthetic
2026-06-08,session-00248,mannstaedt-demo-002,qr,2,dpp-document-open,Documents,Material Certificate.pdf,mobile,DE-BY,synthetic
2026-06-08,session-00248,mannstaedt-demo-002,qr,3,dpp-document-open,Documents,Sustainability Certificate.pdf,mobile,DE-BY,synthetic
2026-05-26,session-00249,gmh-gruppe-sn-00000006-c0a7c1a5,qr,1,dpp-section-view,Product Information,,tablet,DE-BY,synthetic
2026-05-26,session-00249,gmh-gruppe-sn-00000006-c0a7c1a5,qr,2,dpp-section-view,Sustainability,,tablet,DE-BY,synthetic
2026-05-26,session-00249,gmh-gruppe-sn-00000006-c0a7c1a5,qr,3,dpp-section-view,Traceability,,tablet,DE-BY,synthetic
2026-05-26,session-00249,gmh-gruppe-sn-00000006-c0a7c1a5,qr,4,dpp-section-view,Materials,,tablet,DE-BY,synthetic
2026-05-26,session-00249,gmh-gruppe-sn-00000006-c0a7c1a5,qr,5,dpp-section-view,Overview,,tablet,DE-BY,synthetic
2026-07-05,session-00250,mannstaedt-demo-003,web,1,dpp-section-view,Overview,,desktop,DE-NW,synthetic
2026-07-05,session-00250,mannstaedt-demo-003,web,2,dpp-section-view,Traceability,,desktop,DE-NW,synthetic
2026-05-07,session-00251,mannstaedt-demo-003,qr,1,dpp-section-view,Overview,,desktop,NL-NH,synthetic
2026-07-28,session-00252,gmh-gruppe-sn-00000006-c0a7c1a5,web,1,dpp-section-view,Overview,,mobile,NL-NH,synthetic
2026-07-23,session-00253,gmh-gruppe-sn-00000006-c0a7c1a5,web,1,dpp-section-view,Overview,,desktop,DE-NW,synthetic
2026-05-30,session-00254,mannstaedt-demo-003,web,1,dpp-section-view,Traceability,,mobile,DE-BE,synthetic
2026-05-30,session-00254,mannstaedt-demo-003,web,2,dpp-section-view,Product Information,,mobile,DE-BE,synthetic
2026-05-30,session-00254,mannstaedt-demo-003,web,3,dpp-section-view,Materials,,mobile,DE-BE,synthetic
2026-05-30,session-00254,mannstaedt-demo-003,web,4,dpp-section-view,Overview,,mobile,DE-BE,synthetic
2026-05-30,session-00254,mannstaedt-demo-003,web,5,dpp-section-view,Documents,,mobile,DE-BE,synthetic
2026-05-20,session-00255,gmh-gruppe-sn-00000006-c0a7c1a5,qr,1,dpp-section-view,Overview,,mobile,DE-NW,synthetic
2026-05-20,session-00255,gmh-gruppe-sn-00000006-c0a7c1a5,qr,2,dpp-section-view,Sustainability,,mobile,DE-NW,synthetic
2026-05-20,session-00255,gmh-gruppe-sn-00000006-c0a7c1a5,qr,3,dpp-section-view,Product Information,,mobile,DE-NW,synthetic
2026-06-19,session-00256,gmh-gruppe-sn-00000006-c0a7c1a5,qr,1,dpp-section-view,Traceability,,tablet,DE-BE,synthetic
2026-06-19,session-00256,gmh-gruppe-sn-00000006-c0a7c1a5,qr,2,dpp-section-view,Overview,,tablet,DE-BE,synthetic
2026-06-19,session-00256,gmh-gruppe-sn-00000006-c0a7c1a5,qr,3,dpp-section-view,Materials,,tablet,DE-BE,synthetic
2026-06-19,session-00256,gmh-gruppe-sn-00000006-c0a7c1a5,qr,4,dpp-section-view,Documents,,tablet,DE-BE,synthetic
2026-06-19,session-00256,gmh-gruppe-sn-00000006-c0a7c1a5,qr,5,dpp-section-view,Sustainability,,tablet,DE-BE,synthetic
2026-06-19,session-00256,gmh-gruppe-sn-00000006-c0a7c1a5,qr,6,dpp-document-open,Documents,Declaration of Conformity.pdf,tablet,DE-BE,synthetic
2026-05-31,session-00257,gmh-gruppe-sn-00000006-c0a7c1a5,qr,1,dpp-section-view,Overview,,desktop,DE-BY,synthetic
2026-05-31,session-00257,gmh-gruppe-sn-00000006-c0a7c1a5,qr,2,dpp-section-view,Documents,,desktop,DE-BY,synthetic
2026-05-31,session-00257,gmh-gruppe-sn-00000006-c0a7c1a5,qr,3,dpp-section-view,Sustainability,,desktop,DE-BY,synthetic
2026-05-31,session-00257,gmh-gruppe-sn-00000006-c0a7c1a5,qr,4,dpp-section-view,Materials,,desktop,DE-BY,synthetic
2026-05-31,session-00257,gmh-gruppe-sn-00000006-c0a7c1a5,qr,5,dpp-document-open,Documents,Technical Datasheet.pdf,desktop,DE-BY,synthetic
2026-05-31,session-00257,gmh-gruppe-sn-00000006-c0a7c1a5,qr,6,dpp-document-open,Documents,Declaration of Conformity.pdf,desktop,DE-BY,synthetic
2026-07-25,session-00258,mannstaedt-demo-002,web,1,dpp-section-view,Overview,,desktop,NL-NH,synthetic
2026-07-25,session-00258,mannstaedt-demo-002,web,2,dpp-section-view,Traceability,,desktop,NL-NH,synthetic
2026-07-25,session-00258,mannstaedt-demo-002,web,3,dpp-section-view,Sustainability,,desktop,NL-NH,synthetic
2026-07-25,session-00258,mannstaedt-demo-002,web,4,dpp-section-view,Materials,,desktop,NL-NH,synthetic
2026-07-12,session-00259,gmh-gruppe-sn-00000006-c0a7c1a5,qr,1,dpp-section-view,Overview,,mobile,DE-BY,synthetic
2026-07-12,session-00259,gmh-gruppe-sn-00000006-c0a7c1a5,qr,2,dpp-section-view,Traceability,,mobile,DE-BY,synthetic
2026-05-10,session-00260,gmh-gruppe-sn-00000006-c0a7c1a5,qr,1,dpp-section-view,Overview,,mobile,NL-NH,synthetic
2026-05-10,session-00260,gmh-gruppe-sn-00000006-c0a7c1a5,qr,2,dpp-section-view,Materials,,mobile,NL-NH,synthetic
2026-08-25,session-00261,gmh-gruppe-sn-00000006-c0a7c1a5,web,1,dpp-section-view,Overview,,desktop,BE-VLG,synthetic
2026-08-25,session-00261,gmh-gruppe-sn-00000006-c0a7c1a5,web,2,dpp-document-open,Documents,Material Certificate.pdf,desktop,BE-VLG,synthetic
2026-08-25,session-00261,gmh-gruppe-sn-00000006-c0a7c1a5,web,3,dpp-document-open,Documents,Material Certificate.pdf,desktop,BE-VLG,synthetic
2026-08-25,session-00261,gmh-gruppe-sn-00000006-c0a7c1a5,web,4,dpp-document-open,Documents,Technical Datasheet.pdf,desktop,BE-VLG,synthetic
2026-06-30,session-00262,gmh-gruppe-sn-00000006-c0a7c1a5,qr,1,dpp-section-view,Materials,,mobile,NL-NH,synthetic
2026-06-30,session-00262,gmh-gruppe-sn-00000006-c0a7c1a5,qr,2,dpp-section-view,Product Information,,mobile,NL-NH,synthetic
2026-06-30,session-00262,gmh-gruppe-sn-00000006-c0a7c1a5,qr,3,dpp-section-view,Overview,,mobile,NL-NH,synthetic
2026-06-30,session-00262,gmh-gruppe-sn-00000006-c0a7c1a5,qr,4,dpp-section-view,Documents,,mobile,NL-NH,synthetic
2026-06-30,session-00262,gmh-gruppe-sn-00000006-c0a7c1a5,qr,5,dpp-section-view,Sustainability,,mobile,NL-NH,synthetic
2026-07-12,session-00263,mannstaedt-demo-003,web,1,dpp-section-view,Overview,,mobile,BE-VLG,synthetic
2026-07-12,session-00263,mannstaedt-demo-003,web,2,dpp-section-view,Product Information,,mobile,BE-VLG,synthetic
2026-07-12,session-00263,mannstaedt-demo-003,web,3,dpp-section-view,Documents,,mobile,BE-VLG,synthetic
2026-07-12,session-00263,mannstaedt-demo-003,web,4,dpp-section-view,Materials,,mobile,BE-VLG,synthetic
2026-07-12,session-00263,mannstaedt-demo-003,web,5,dpp-document-open,Documents,Material Certificate.pdf,mobile,BE-VLG,synthetic
2026-07-12,session-00263,mannstaedt-demo-003,web,6,dpp-document-open,Documents,Sustainability Certificate.pdf,mobile,BE-VLG,synthetic
2026-07-12,session-00263,mannstaedt-demo-003,web,7,dpp-document-open,Documents,Declaration of Conformity.pdf,mobile,BE-VLG,synthetic
2026-06-01,session-00264,gmh-gruppe-sn-00000006-c0a7c1a5,qr,1,dpp-section-view,Product Information,,mobile,BE-VLG,synthetic
2026-06-01,session-00264,gmh-gruppe-sn-00000006-c0a7c1a5,qr,2,dpp-section-view,Documents,,mobile,BE-VLG,synthetic
2026-06-01,session-00264,gmh-gruppe-sn-00000006-c0a7c1a5,qr,3,dpp-section-view,Overview,,mobile,BE-VLG,synthetic
2026-06-01,session-00264,gmh-gruppe-sn-00000006-c0a7c1a5,qr,4,dpp-document-open,Documents,Sustainability Certificate.pdf,mobile,BE-VLG,synthetic
2026-06-01,session-00264,gmh-gruppe-sn-00000006-c0a7c1a5,qr,5,dpp-document-open,Documents,Technical Datasheet.pdf,mobile,BE-VLG,synthetic
2026-06-01,session-00264,gmh-gruppe-sn-00000006-c0a7c1a5,qr,6,dpp-document-open,Documents,Material Certificate.pdf,mobile,BE-VLG,synthetic
2026-08-01,session-00265,mannstaedt-demo-003,web,1,dpp-section-view,Documents,,mobile,NL-NH,synthetic
2026-08-01,session-00265,mannstaedt-demo-003,web,2,dpp-section-view,Overview,,mobile,NL-NH,synthetic
2026-08-01,session-00265,mannstaedt-demo-003,web,3,dpp-section-view,Product Information,,mobile,NL-NH,synthetic
2026-08-01,session-00265,mannstaedt-demo-003,web,4,dpp-section-view,Materials,,mobile,NL-NH,synthetic
2026-08-01,session-00265,mannstaedt-demo-003,web,5,dpp-section-view,Traceability,,mobile,NL-NH,synthetic
2026-08-01,session-00265,mannstaedt-demo-003,web,6,dpp-section-view,Sustainability,,mobile,NL-NH,synthetic
2026-05-09,session-00266,gmh-gruppe-sn-00000006-c0a7c1a5,web,1,dpp-section-view,Overview,,desktop,DE-BE,synthetic
2026-05-09,session-00266,gmh-gruppe-sn-00000006-c0a7c1a5,web,2,dpp-section-view,Traceability,,desktop,DE-BE,synthetic
2026-07-13,session-00267,mannstaedt-demo-003,qr,1,dpp-section-view,Traceability,,mobile,DE-BY,synthetic
2026-07-13,session-00267,mannstaedt-demo-003,qr,2,dpp-section-view,Overview,,mobile,DE-BY,synthetic
2026-07-13,session-00267,mannstaedt-demo-003,qr,3,dpp-section-view,Materials,,mobile,DE-BY,synthetic
2026-07-13,session-00267,mannstaedt-demo-003,qr,4,dpp-section-view,Sustainability,,mobile,DE-BY,synthetic
2026-07-13,session-00267,mannstaedt-demo-003,qr,5,dpp-document-open,Documents,Sustainability Certificate.pdf,mobile,DE-BY,synthetic
2026-07-15,session-00268,mannstaedt-demo-002,qr,1,dpp-section-view,Sustainability,,desktop,NL-NH,synthetic
2026-07-15,session-00268,mannstaedt-demo-002,qr,2,dpp-section-view,Documents,,desktop,NL-NH,synthetic
2026-07-15,session-00268,mannstaedt-demo-002,qr,3,dpp-section-view,Materials,,desktop,NL-NH,synthetic
2026-07-15,session-00268,mannstaedt-demo-002,qr,4,dpp-section-view,Overview,,desktop,NL-NH,synthetic
2026-08-15,session-00269,gmh-gruppe-sn-00000006-c0a7c1a5,qr,1,dpp-section-view,Materials,,mobile,DE-NW,synthetic
2026-08-15,session-00269,gmh-gruppe-sn-00000006-c0a7c1a5,qr,2,dpp-section-view,Documents,,mobile,DE-NW,synthetic
2026-08-15,session-00269,gmh-gruppe-sn-00000006-c0a7c1a5,qr,3,dpp-section-view,Traceability,,mobile,DE-NW,synthetic
2026-08-15,session-00269,gmh-gruppe-sn-00000006-c0a7c1a5,qr,4,dpp-section-view,Product Information,,mobile,DE-NW,synthetic
2026-08-15,session-00269,gmh-gruppe-sn-00000006-c0a7c1a5,qr,5,dpp-section-view,Overview,,mobile,DE-NW,synthetic
2026-08-15,session-00269,gmh-gruppe-sn-00000006-c0a7c1a5,qr,6,dpp-document-open,Documents,Technical Datasheet.pdf,mobile,DE-NW,synthetic
2026-08-31,session-00270,gmh-gruppe-sn-00000006-c0a7c1a5,web,1,dpp-section-view,Documents,,mobile,DE-BY,synthetic
2026-08-31,session-00270,gmh-gruppe-sn-00000006-c0a7c1a5,web,2,dpp-section-view,Sustainability,,mobile,DE-BY,synthetic
2026-08-31,session-00270,gmh-gruppe-sn-00000006-c0a7c1a5,web,3,dpp-section-view,Overview,,mobile,DE-BY,synthetic
2026-08-31,session-00270,gmh-gruppe-sn-00000006-c0a7c1a5,web,4,dpp-section-view,Traceability,,mobile,DE-BY,synthetic
2026-08-31,session-00270,gmh-gruppe-sn-00000006-c0a7c1a5,web,5,dpp-document-open,Documents,Material Certificate.pdf,mobile,DE-BY,synthetic
2026-08-31,session-00270,gmh-gruppe-sn-00000006-c0a7c1a5,web,6,dpp-document-open,Documents,Technical Datasheet.pdf,mobile,DE-BY,synthetic
2026-07-23,session-00271,gmh-gruppe-sn-00000006-c0a7c1a5,web,1,dpp-section-view,Product Information,,desktop,DE-BY,synthetic
2026-07-23,session-00271,gmh-gruppe-sn-00000006-c0a7c1a5,web,2,dpp-section-view,Overview,,desktop,DE-BY,synthetic
2026-07-23,session-00271,gmh-gruppe-sn-00000006-c0a7c1a5,web,3,dpp-section-view,Materials,,desktop,DE-BY,synthetic
2026-06-02,session-00272,gmh-gruppe-sn-00000006-c0a7c1a5,qr,1,dpp-section-view,Overview,,mobile,DE-BY,synthetic
2026-06-02,session-00272,gmh-gruppe-sn-00000006-c0a7c1a5,qr,2,dpp-section-view,Traceability,,mobile,DE-BY,synthetic
2026-06-02,session-00272,gmh-gruppe-sn-00000006-c0a7c1a5,qr,3,dpp-section-view,Sustainability,,mobile,DE-BY,synthetic
2026-06-16,session-00273,gmh-gruppe-sn-00000006-c0a7c1a5,qr,1,dpp-section-view,Overview,,desktop,DE-NW,synthetic
2026-06-16,session-00273,gmh-gruppe-sn-00000006-c0a7c1a5,qr,2,dpp-section-view,Materials,,desktop,DE-NW,synthetic
2026-06-16,session-00273,gmh-gruppe-sn-00000006-c0a7c1a5,qr,3,dpp-section-view,Product Information,,desktop,DE-NW,synthetic
2026-07-12,session-00274,mannstaedt-demo-002,qr,1,dpp-section-view,Materials,,mobile,DE-BE,synthetic
2026-07-12,session-00274,mannstaedt-demo-002,qr,2,dpp-section-view,Overview,,mobile,DE-BE,synthetic
2026-05-23,session-00275,mannstaedt-demo-002,qr,1,dpp-section-view,Overview,,desktop,DE-NW,synthetic
2026-05-23,session-00275,mannstaedt-demo-002,qr,2,dpp-section-view,Product Information,,desktop,DE-NW,synthetic
2026-05-23,session-00275,mannstaedt-demo-002,qr,3,dpp-section-view,Materials,,desktop,DE-NW,synthetic
2026-05-23,session-00275,mannstaedt-demo-002,qr,4,dpp-section-view,Sustainability,,desktop,DE-NW,synthetic
2026-05-23,session-00275,mannstaedt-demo-002,qr,5,dpp-section-view,Traceability,,desktop,DE-NW,synthetic
2026-05-23,session-00275,mannstaedt-demo-002,qr,6,dpp-section-view,Documents,,desktop,DE-NW,synthetic
2026-05-23,session-00275,mannstaedt-demo-002,qr,7,dpp-document-open,Documents,Declaration of Conformity.pdf,desktop,DE-NW,synthetic
2026-05-23,session-00275,mannstaedt-demo-002,qr,8,dpp-document-open,Documents,Sustainability Certificate.pdf,desktop,DE-NW,synthetic
2026-05-23,session-00275,mannstaedt-demo-002,qr,9,dpp-document-open,Documents,Technical Datasheet.pdf,desktop,DE-NW,synthetic
2026-05-04,session-00276,gmh-gruppe-sn-00000006-c0a7c1a5,web,1,dpp-section-view,Documents,,desktop,DE-NW,synthetic
2026-05-04,session-00276,gmh-gruppe-sn-00000006-c0a7c1a5,web,2,dpp-section-view,Overview,,desktop,DE-NW,synthetic
2026-05-04,session-00276,gmh-gruppe-sn-00000006-c0a7c1a5,web,3,dpp-section-view,Product Information,,desktop,DE-NW,synthetic
2026-05-04,session-00276,gmh-gruppe-sn-00000006-c0a7c1a5,web,4,dpp-section-view,Sustainability,,desktop,DE-NW,synthetic
2026-07-18,session-00277,gmh-gruppe-sn-00000006-c0a7c1a5,web,1,dpp-section-view,Overview,,mobile,DE-BY,synthetic
2026-05-29,session-00278,gmh-gruppe-sn-00000006-c0a7c1a5,qr,1,dpp-section-view,Overview,,mobile,DE-BY,synthetic
2026-05-29,session-00278,gmh-gruppe-sn-00000006-c0a7c1a5,qr,2,dpp-section-view,Materials,,mobile,DE-BY,synthetic
2026-05-29,session-00278,gmh-gruppe-sn-00000006-c0a7c1a5,qr,3,dpp-section-view,Documents,,mobile,DE-BY,synthetic
2026-05-30,session-00279,gmh-gruppe-sn-00000006-c0a7c1a5,web,1,dpp-section-view,Documents,,mobile,BE-VLG,synthetic
2026-05-30,session-00279,gmh-gruppe-sn-00000006-c0a7c1a5,web,2,dpp-section-view,Materials,,mobile,BE-VLG,synthetic
2026-05-30,session-00279,gmh-gruppe-sn-00000006-c0a7c1a5,web,3,dpp-section-view,Sustainability,,mobile,BE-VLG,synthetic
2026-05-30,session-00279,gmh-gruppe-sn-00000006-c0a7c1a5,web,4,dpp-section-view,Overview,,mobile,BE-VLG,synthetic
2026-07-18,session-00280,mannstaedt-demo-002,qr,1,dpp-section-view,Overview,,desktop,DE-NW,synthetic
2026-05-28,session-00281,gmh-gruppe-sn-00000006-c0a7c1a5,qr,1,dpp-section-view,Documents,,desktop,NL-NH,synthetic
2026-05-28,session-00281,gmh-gruppe-sn-00000006-c0a7c1a5,qr,2,dpp-section-view,Traceability,,desktop,NL-NH,synthetic
2026-05-28,session-00281,gmh-gruppe-sn-00000006-c0a7c1a5,qr,3,dpp-section-view,Sustainability,,desktop,NL-NH,synthetic
2026-05-28,session-00281,gmh-gruppe-sn-00000006-c0a7c1a5,qr,4,dpp-section-view,Overview,,desktop,NL-NH,synthetic
2026-05-28,session-00281,gmh-gruppe-sn-00000006-c0a7c1a5,qr,5,dpp-section-view,Materials,,desktop,NL-NH,synthetic
2026-09-04,session-00282,gmh-gruppe-sn-00000006-c0a7c1a5,web,1,dpp-section-view,Overview,,desktop,BE-VLG,synthetic
2026-09-04,session-00282,gmh-gruppe-sn-00000006-c0a7c1a5,web,2,dpp-section-view,Sustainability,,desktop,BE-VLG,synthetic
2026-05-27,session-00283,gmh-gruppe-sn-00000006-c0a7c1a5,web,1,dpp-section-view,Overview,,mobile,BE-VLG,synthetic
2026-06-19,session-00284,gmh-gruppe-sn-00000006-c0a7c1a5,qr,1,dpp-section-view,Overview,,desktop,DE-BE,synthetic
2026-08-02,session-00285,mannstaedt-demo-002,qr,1,dpp-section-view,Sustainability,,desktop,DE-BY,synthetic
2026-08-02,session-00285,mannstaedt-demo-002,qr,2,dpp-section-view,Traceability,,desktop,DE-BY,synthetic
2026-08-02,session-00285,mannstaedt-demo-002,qr,3,dpp-section-view,Product Information,,desktop,DE-BY,synthetic
2026-08-02,session-00285,mannstaedt-demo-002,qr,4,dpp-section-view,Overview,,desktop,DE-BY,synthetic
2026-08-02,session-00285,mannstaedt-demo-002,qr,5,dpp-section-view,Materials,,desktop,DE-BY,synthetic
2026-08-02,session-00285,mannstaedt-demo-002,qr,6,dpp-section-view,Documents,,desktop,DE-BY,synthetic
2026-08-02,session-00285,mannstaedt-demo-002,qr,7,dpp-document-open,Documents,Sustainability Certificate.pdf,desktop,DE-BY,synthetic
2026-06-11,session-00286,gmh-gruppe-sn-00000006-c0a7c1a5,qr,1,dpp-section-view,Overview,,desktop,BE-VLG,synthetic
2026-05-17,session-00287,gmh-gruppe-sn-00000006-c0a7c1a5,qr,1,dpp-section-view,Overview,,desktop,DE-BE,synthetic
2026-05-17,session-00287,gmh-gruppe-sn-00000006-c0a7c1a5,qr,2,dpp-section-view,Product Information,,desktop,DE-BE,synthetic
2026-05-17,session-00287,gmh-gruppe-sn-00000006-c0a7c1a5,qr,3,dpp-section-view,Materials,,desktop,DE-BE,synthetic
2026-05-17,session-00287,gmh-gruppe-sn-00000006-c0a7c1a5,qr,4,dpp-document-open,Documents,Technical Datasheet.pdf,desktop,DE-BE,synthetic
2026-05-26,session-00288,gmh-gruppe-sn-00000006-c0a7c1a5,qr,1,dpp-section-view,Overview,,desktop,DE-NW,synthetic
2026-06-21,session-00289,mannstaedt-demo-003,qr,1,dpp-section-view,Product Information,,desktop,DE-NW,synthetic
2026-06-21,session-00289,mannstaedt-demo-003,qr,2,dpp-section-view,Overview,,desktop,DE-NW,synthetic
2026-06-21,session-00289,mannstaedt-demo-003,qr,3,dpp-section-view,Sustainability,,desktop,DE-NW,synthetic
2026-06-21,session-00289,mannstaedt-demo-003,qr,4,dpp-section-view,Materials,,desktop,DE-NW,synthetic
2026-07-13,session-00290,gmh-gruppe-sn-00000006-c0a7c1a5,qr,1,dpp-section-view,Overview,,tablet,DE-BE,synthetic
2026-07-13,session-00290,gmh-gruppe-sn-00000006-c0a7c1a5,qr,2,dpp-section-view,Materials,,tablet,DE-BE,synthetic
2026-07-13,session-00290,gmh-gruppe-sn-00000006-c0a7c1a5,qr,3,dpp-section-view,Documents,,tablet,DE-BE,synthetic
2026-06-21,session-00291,gmh-gruppe-sn-00000006-c0a7c1a5,web,1,dpp-section-view,Overview,,desktop,DE-BE,synthetic
2026-06-03,session-00292,mannstaedt-demo-003,qr,1,dpp-section-view,Overview,,mobile,BE-VLG,synthetic
2026-06-03,session-00292,mannstaedt-demo-003,qr,2,dpp-section-view,Documents,,mobile,BE-VLG,synthetic
2026-06-03,session-00293,gmh-gruppe-sn-00000006-c0a7c1a5,qr,1,dpp-section-view,Product Information,,desktop,NL-NH,synthetic
2026-06-03,session-00293,gmh-gruppe-sn-00000006-c0a7c1a5,qr,2,dpp-section-view,Materials,,desktop,NL-NH,synthetic
2026-06-03,session-00293,gmh-gruppe-sn-00000006-c0a7c1a5,qr,3,dpp-section-view,Documents,,desktop,NL-NH,synthetic
2026-06-03,session-00293,gmh-gruppe-sn-00000006-c0a7c1a5,qr,4,dpp-section-view,Overview,,desktop,NL-NH,synthetic
2026-06-03,session-00293,gmh-gruppe-sn-00000006-c0a7c1a5,qr,5,dpp-document-open,Documents,Sustainability Certificate.pdf,desktop,NL-NH,synthetic
2026-06-03,session-00293,gmh-gruppe-sn-00000006-c0a7c1a5,qr,6,dpp-document-open,Documents,Material Certificate.pdf,desktop,NL-NH,synthetic
2026-06-03,session-00293,gmh-gruppe-sn-00000006-c0a7c1a5,qr,7,dpp-document-open,Documents,Technical Datasheet.pdf,desktop,NL-NH,synthetic
2026-05-12,session-00294,gmh-gruppe-sn-00000006-c0a7c1a5,qr,1,dpp-section-view,Overview,,desktop,DE-NW,synthetic
2026-05-12,session-00294,gmh-gruppe-sn-00000006-c0a7c1a5,qr,2,dpp-section-view,Sustainability,,desktop,DE-NW,synthetic
2026-09-06,session-00295,gmh-gruppe-sn-00000006-c0a7c1a5,web,1,dpp-section-view,Overview,,tablet,NL-NH,synthetic
2026-09-06,session-00295,gmh-gruppe-sn-00000006-c0a7c1a5,web,2,dpp-section-view,Traceability,,tablet,NL-NH,synthetic
2026-08-22,session-00296,mannstaedt-demo-003,qr,1,dpp-section-view,Overview,,desktop,DE-BY,synthetic
2026-08-22,session-00296,mannstaedt-demo-003,qr,2,dpp-section-view,Documents,,desktop,DE-BY,synthetic
2026-08-22,session-00296,mannstaedt-demo-003,qr,3,dpp-section-view,Traceability,,desktop,DE-BY,synthetic
2026-06-02,session-00297,gmh-gruppe-sn-00000006-c0a7c1a5,qr,1,dpp-section-view,Sustainability,,desktop,DE-NW,synthetic
2026-06-02,session-00297,gmh-gruppe-sn-00000006-c0a7c1a5,qr,2,dpp-section-view,Overview,,desktop,DE-NW,synthetic
2026-06-02,session-00297,gmh-gruppe-sn-00000006-c0a7c1a5,qr,3,dpp-section-view,Product Information,,desktop,DE-NW,synthetic
2026-07-14,session-00298,mannstaedt-demo-003,web,1,dpp-section-view,Overview,,mobile,DE-BY,synthetic
2026-08-02,session-00299,gmh-gruppe-sn-00000006-c0a7c1a5,qr,1,dpp-section-view,Product Information,,desktop,DE-BE,synthetic
2026-08-02,session-00299,gmh-gruppe-sn-00000006-c0a7c1a5,qr,2,dpp-section-view,Materials,,desktop,DE-BE,synthetic
2026-08-02,session-00299,gmh-gruppe-sn-00000006-c0a7c1a5,qr,3,dpp-section-view,Sustainability,,desktop,DE-BE,synthetic
2026-08-02,session-00299,gmh-gruppe-sn-00000006-c0a7c1a5,qr,4,dpp-section-view,Documents,,desktop,DE-BE,synthetic
2026-08-02,session-00299,gmh-gruppe-sn-00000006-c0a7c1a5,qr,5,dpp-section-view,Overview,,desktop,DE-BE,synthetic
2026-08-02,session-00299,gmh-gruppe-sn-00000006-c0a7c1a5,qr,6,dpp-document-open,Documents,Sustainability Certificate.pdf,desktop,DE-BE,synthetic
2026-08-16,session-00300,gmh-gruppe-sn-00000006-c0a7c1a5,qr,1,dpp-section-view,Overview,,tablet,NL-NH,synthetic
2026-08-16,session-00300,gmh-gruppe-sn-00000006-c0a7c1a5,qr,2,dpp-section-view,Sustainability,,tablet,NL-NH,synthetic
2026-08-16,session-00300,gmh-gruppe-sn-00000006-c0a7c1a5,qr,3,dpp-section-view,Materials,,tablet,NL-NH,synthetic
2026-07-25,session-00301,mannstaedt-demo-002,qr,1,dpp-section-view,Materials,,desktop,DE-BE,synthetic
2026-07-25,session-00301,mannstaedt-demo-002,qr,2,dpp-section-view,Overview,,desktop,DE-BE,synthetic
2026-07-25,session-00301,mannstaedt-demo-002,qr,3,dpp-section-view,Traceability,,desktop,DE-BE,synthetic
2026-07-25,session-00301,mannstaedt-demo-002,qr,4,dpp-section-view,Product Information,,desktop,DE-BE,synthetic
2026-07-25,session-00301,mannstaedt-demo-002,qr,5,dpp-section-view,Documents,,desktop,DE-BE,synthetic
2026-07-25,session-00301,mannstaedt-demo-002,qr,6,dpp-section-view,Sustainability,,desktop,DE-BE,synthetic
2026-07-25,session-00301,mannstaedt-demo-002,qr,7,dpp-document-open,Documents,Declaration of Conformity.pdf,desktop,DE-BE,synthetic
2026-07-25,session-00301,mannstaedt-demo-002,qr,8,dpp-document-open,Documents,Technical Datasheet.pdf,desktop,DE-BE,synthetic
2026-05-31,session-00302,gmh-gruppe-sn-00000006-c0a7c1a5,qr,1,dpp-section-view,Overview,,mobile,DE-BE,synthetic
2026-07-01,session-00303,gmh-gruppe-sn-00000006-c0a7c1a5,qr,1,dpp-section-view,Traceability,,desktop,DE-BE,synthetic
2026-07-01,session-00303,gmh-gruppe-sn-00000006-c0a7c1a5,qr,2,dpp-section-view,Product Information,,desktop,DE-BE,synthetic
2026-07-01,session-00303,gmh-gruppe-sn-00000006-c0a7c1a5,qr,3,dpp-section-view,Overview,,desktop,DE-BE,synthetic
2026-07-01,session-00303,gmh-gruppe-sn-00000006-c0a7c1a5,qr,4,dpp-section-view,Sustainability,,desktop,DE-BE,synthetic
2026-07-01,session-00303,gmh-gruppe-sn-00000006-c0a7c1a5,qr,5,dpp-document-open,Documents,Material Certificate.pdf,desktop,DE-BE,synthetic
2026-07-01,session-00303,gmh-gruppe-sn-00000006-c0a7c1a5,qr,6,dpp-document-open,Documents,Declaration of Conformity.pdf,desktop,DE-BE,synthetic
2026-07-01,session-00303,gmh-gruppe-sn-00000006-c0a7c1a5,qr,7,dpp-document-open,Documents,Declaration of Conformity.pdf,desktop,DE-BE,synthetic
2026-07-15,session-00304,mannstaedt-demo-002,qr,1,dpp-section-view,Documents,,mobile,NL-NH,synthetic
2026-07-15,session-00304,mannstaedt-demo-002,qr,2,dpp-section-view,Overview,,mobile,NL-NH,synthetic
2026-07-15,session-00304,mannstaedt-demo-002,qr,3,dpp-section-view,Materials,,mobile,NL-NH,synthetic
2026-07-15,session-00304,mannstaedt-demo-002,qr,4,dpp-section-view,Product Information,,mobile,NL-NH,synthetic
2026-07-15,session-00304,mannstaedt-demo-002,qr,5,dpp-section-view,Sustainability,,mobile,NL-NH,synthetic
2026-07-15,session-00304,mannstaedt-demo-002,qr,6,dpp-section-view,Traceability,,mobile,NL-NH,synthetic
2026-05-04,session-00305,gmh-gruppe-sn-00000006-c0a7c1a5,qr,1,dpp-section-view,Overview,,mobile,NL-NH,synthetic
2026-05-04,session-00305,gmh-gruppe-sn-00000006-c0a7c1a5,qr,2,dpp-section-view,Product Information,,mobile,NL-NH,synthetic
2026-05-19,session-00306,gmh-gruppe-sn-00000006-c0a7c1a5,web,1,dpp-section-view,Overview,,desktop,DE-BY,synthetic
2026-05-19,session-00306,gmh-gruppe-sn-00000006-c0a7c1a5,web,2,dpp-section-view,Sustainability,,desktop,DE-BY,synthetic
2026-05-19,session-00306,gmh-gruppe-sn-00000006-c0a7c1a5,web,3,dpp-document-open,Documents,Technical Datasheet.pdf,desktop,DE-BY,synthetic
2026-05-19,session-00306,gmh-gruppe-sn-00000006-c0a7c1a5,web,4,dpp-document-open,Documents,Declaration of Conformity.pdf,desktop,DE-BY,synthetic
2026-09-03,session-00307,mannstaedt-demo-003,web,1,dpp-section-view,Product Information,,mobile,DE-NW,synthetic
2026-09-03,session-00307,mannstaedt-demo-003,web,2,dpp-section-view,Overview,,mobile,DE-NW,synthetic
2026-09-03,session-00307,mannstaedt-demo-003,web,3,dpp-document-open,Documents,Material Certificate.pdf,mobile,DE-NW,synthetic
2026-09-03,session-00307,mannstaedt-demo-003,web,4,dpp-document-open,Documents,Sustainability Certificate.pdf,mobile,DE-NW,synthetic
2026-09-03,session-00307,mannstaedt-demo-003,web,5,dpp-document-open,Documents,Declaration of Conformity.pdf,mobile,DE-NW,synthetic
2026-05-30,session-00308,mannstaedt-demo-002,web,1,dpp-section-view,Overview,,mobile,DE-NW,synthetic
2026-08-12,session-00309,mannstaedt-demo-003,web,1,dpp-section-view,Overview,,mobile,BE-VLG,synthetic
2026-08-12,session-00309,mannstaedt-demo-003,web,2,dpp-document-open,Documents,Material Certificate.pdf,mobile,BE-VLG,synthetic
2026-06-20,session-00310,gmh-gruppe-sn-00000006-c0a7c1a5,qr,1,dpp-section-view,Materials,,desktop,BE-VLG,synthetic
2026-06-20,session-00310,gmh-gruppe-sn-00000006-c0a7c1a5,qr,2,dpp-section-view,Product Information,,desktop,BE-VLG,synthetic
2026-06-20,session-00310,gmh-gruppe-sn-00000006-c0a7c1a5,qr,3,dpp-section-view,Overview,,desktop,BE-VLG,synthetic
2026-06-20,session-00310,gmh-gruppe-sn-00000006-c0a7c1a5,qr,4,dpp-section-view,Sustainability,,desktop,BE-VLG,synthetic
2026-06-20,session-00310,gmh-gruppe-sn-00000006-c0a7c1a5,qr,5,dpp-section-view,Documents,,desktop,BE-VLG,synthetic
2026-09-01,session-00311,gmh-gruppe-sn-00000006-c0a7c1a5,qr,1,dpp-section-view,Overview,,desktop,DE-BY,synthetic
2026-09-01,session-00311,gmh-gruppe-sn-00000006-c0a7c1a5,qr,2,dpp-section-view,Traceability,,desktop,DE-BY,synthetic
2026-09-01,session-00311,gmh-gruppe-sn-00000006-c0a7c1a5,qr,3,dpp-section-view,Product Information,,desktop,DE-BY,synthetic
2026-09-01,session-00311,gmh-gruppe-sn-00000006-c0a7c1a5,qr,4,dpp-document-open,Documents,Declaration of Conformity.pdf,desktop,DE-BY,synthetic
2026-09-01,session-00311,gmh-gruppe-sn-00000006-c0a7c1a5,qr,5,dpp-document-open,Documents,Declaration of Conformity.pdf,desktop,DE-BY,synthetic
2026-09-01,session-00311,gmh-gruppe-sn-00000006-c0a7c1a5,qr,6,dpp-document-open,Documents,Technical Datasheet.pdf,desktop,DE-BY,synthetic
2026-07-24,session-00312,gmh-gruppe-sn-00000006-c0a7c1a5,qr,1,dpp-section-view,Overview,,desktop,DE-NW,synthetic
2026-07-24,session-00312,gmh-gruppe-sn-00000006-c0a7c1a5,qr,2,dpp-section-view,Product Information,,desktop,DE-NW,synthetic
2026-08-04,session-00313,gmh-gruppe-sn-00000006-c0a7c1a5,qr,1,dpp-section-view,Documents,,mobile,BE-VLG,synthetic
2026-08-04,session-00313,gmh-gruppe-sn-00000006-c0a7c1a5,qr,2,dpp-section-view,Product Information,,mobile,BE-VLG,synthetic
2026-08-04,session-00313,gmh-gruppe-sn-00000006-c0a7c1a5,qr,3,dpp-section-view,Overview,,mobile,BE-VLG,synthetic
2026-05-06,session-00314,mannstaedt-demo-003,qr,1,dpp-section-view,Documents,,desktop,DE-BY,synthetic
2026-05-06,session-00314,mannstaedt-demo-003,qr,2,dpp-section-view,Product Information,,desktop,DE-BY,synthetic
2026-05-06,session-00314,mannstaedt-demo-003,qr,3,dpp-section-view,Sustainability,,desktop,DE-BY,synthetic
2026-05-06,session-00314,mannstaedt-demo-003,qr,4,dpp-section-view,Traceability,,desktop,DE-BY,synthetic
2026-05-06,session-00314,mannstaedt-demo-003,qr,5,dpp-section-view,Materials,,desktop,DE-BY,synthetic
2026-05-06,session-00314,mannstaedt-demo-003,qr,6,dpp-section-view,Overview,,desktop,DE-BY,synthetic
2026-06-09,session-00315,gmh-gruppe-sn-00000006-c0a7c1a5,qr,1,dpp-section-view,Overview,,desktop,DE-BY,synthetic
2026-06-09,session-00315,gmh-gruppe-sn-00000006-c0a7c1a5,qr,2,dpp-section-view,Sustainability,,desktop,DE-BY,synthetic
2026-05-16,session-00316,gmh-gruppe-sn-00000006-c0a7c1a5,qr,1,dpp-section-view,Overview,,mobile,BE-VLG,synthetic
2026-05-16,session-00316,gmh-gruppe-sn-00000006-c0a7c1a5,qr,2,dpp-document-open,Documents,Technical Datasheet.pdf,mobile,BE-VLG,synthetic
2026-05-16,session-00316,gmh-gruppe-sn-00000006-c0a7c1a5,qr,3,dpp-document-open,Documents,Material Certificate.pdf,mobile,BE-VLG,synthetic
2026-05-16,session-00316,gmh-gruppe-sn-00000006-c0a7c1a5,qr,4,dpp-document-open,Documents,Sustainability Certificate.pdf,mobile,BE-VLG,synthetic
2026-07-18,session-00317,mannstaedt-demo-003,web,1,dpp-section-view,Overview,,mobile,DE-NW,synthetic
2026-08-01,session-00318,mannstaedt-demo-003,qr,1,dpp-section-view,Product Information,,desktop,DE-NW,synthetic
2026-08-01,session-00318,mannstaedt-demo-003,qr,2,dpp-section-view,Overview,,desktop,DE-NW,synthetic
2026-08-01,session-00318,mannstaedt-demo-003,qr,3,dpp-document-open,Documents,Technical Datasheet.pdf,desktop,DE-NW,synthetic
2026-08-01,session-00318,mannstaedt-demo-003,qr,4,dpp-document-open,Documents,Sustainability Certificate.pdf,desktop,DE-NW,synthetic
2026-08-31,session-00319,gmh-gruppe-sn-00000006-c0a7c1a5,web,1,dpp-section-view,Overview,,desktop,NL-NH,synthetic
2026-07-03,session-00320,gmh-gruppe-sn-00000006-c0a7c1a5,web,1,dpp-section-view,Sustainability,,desktop,NL-NH,synthetic
2026-07-03,session-00320,gmh-gruppe-sn-00000006-c0a7c1a5,web,2,dpp-section-view,Documents,,desktop,NL-NH,synthetic
2026-07-03,session-00320,gmh-gruppe-sn-00000006-c0a7c1a5,web,3,dpp-section-view,Traceability,,desktop,NL-NH,synthetic
2026-07-03,session-00320,gmh-gruppe-sn-00000006-c0a7c1a5,web,4,dpp-section-view,Overview,,desktop,NL-NH,synthetic
2026-07-08,session-00321,gmh-gruppe-sn-00000006-c0a7c1a5,qr,1,dpp-section-view,Overview,,desktop,BE-VLG,synthetic
2026-09-04,session-00322,mannstaedt-demo-002,qr,1,dpp-section-view,Overview,,desktop,NL-NH,synthetic
2026-05-10,session-00323,mannstaedt-demo-002,qr,1,dpp-section-view,Overview,,mobile,DE-BY,synthetic
2026-05-10,session-00323,mannstaedt-demo-002,qr,2,dpp-section-view,Materials,,mobile,DE-BY,synthetic
2026-05-10,session-00323,mannstaedt-demo-002,qr,3,dpp-section-view,Traceability,,mobile,DE-BY,synthetic
2026-06-14,session-00324,gmh-gruppe-sn-00000006-c0a7c1a5,qr,1,dpp-section-view,Overview,,desktop,DE-BE,synthetic
2026-06-01,session-00325,mannstaedt-demo-003,qr,1,dpp-section-view,Overview,,desktop,DE-BY,synthetic
2026-06-01,session-00325,mannstaedt-demo-003,qr,2,dpp-section-view,Sustainability,,desktop,DE-BY,synthetic
2026-06-08,session-00326,gmh-gruppe-sn-00000006-c0a7c1a5,web,1,dpp-section-view,Overview,,mobile,DE-BY,synthetic
2026-06-08,session-00326,gmh-gruppe-sn-00000006-c0a7c1a5,web,2,dpp-section-view,Traceability,,mobile,DE-BY,synthetic
2026-06-08,session-00326,gmh-gruppe-sn-00000006-c0a7c1a5,web,3,dpp-document-open,Documents,Declaration of Conformity.pdf,mobile,DE-BY,synthetic
2026-08-13,session-00327,gmh-gruppe-sn-00000006-c0a7c1a5,qr,1,dpp-section-view,Overview,,desktop,DE-BY,synthetic
2026-08-13,session-00327,gmh-gruppe-sn-00000006-c0a7c1a5,qr,2,dpp-section-view,Product Information,,desktop,DE-BY,synthetic
2026-07-13,session-00328,mannstaedt-demo-003,qr,1,dpp-section-view,Materials,,desktop,BE-VLG,synthetic
2026-07-13,session-00328,mannstaedt-demo-003,qr,2,dpp-section-view,Sustainability,,desktop,BE-VLG,synthetic
2026-07-13,session-00328,mannstaedt-demo-003,qr,3,dpp-section-view,Documents,,desktop,BE-VLG,synthetic
2026-07-13,session-00328,mannstaedt-demo-003,qr,4,dpp-section-view,Product Information,,desktop,BE-VLG,synthetic
2026-07-13,session-00328,mannstaedt-demo-003,qr,5,dpp-section-view,Overview,,desktop,BE-VLG,synthetic
2026-07-13,session-00328,mannstaedt-demo-003,qr,6,dpp-section-view,Traceability,,desktop,BE-VLG,synthetic
2026-07-13,session-00328,mannstaedt-demo-003,qr,7,dpp-document-open,Documents,Material Certificate.pdf,desktop,BE-VLG,synthetic
2026-07-13,session-00328,mannstaedt-demo-003,qr,8,dpp-document-open,Documents,Sustainability Certificate.pdf,desktop,BE-VLG,synthetic
2026-07-13,session-00328,mannstaedt-demo-003,qr,9,dpp-document-open,Documents,Declaration of Conformity.pdf,desktop,BE-VLG,synthetic
2026-09-02,session-00329,gmh-gruppe-sn-00000006-c0a7c1a5,web,1,dpp-section-view,Overview,,desktop,DE-NW,synthetic
2026-09-02,session-00329,gmh-gruppe-sn-00000006-c0a7c1a5,web,2,dpp-section-view,Materials,,desktop,DE-NW,synthetic
2026-05-05,session-00330,mannstaedt-demo-002,qr,1,dpp-section-view,Documents,,desktop,DE-NW,synthetic
2026-05-05,session-00330,mannstaedt-demo-002,qr,2,dpp-section-view,Overview,,desktop,DE-NW,synthetic
2026-05-05,session-00330,mannstaedt-demo-002,qr,3,dpp-section-view,Traceability,,desktop,DE-NW,synthetic
2026-05-05,session-00330,mannstaedt-demo-002,qr,4,dpp-section-view,Sustainability,,desktop,DE-NW,synthetic
2026-05-05,session-00330,mannstaedt-demo-002,qr,5,dpp-section-view,Materials,,desktop,DE-NW,synthetic
2026-05-05,session-00330,mannstaedt-demo-002,qr,6,dpp-section-view,Product Information,,desktop,DE-NW,synthetic
2026-07-01,session-00331,mannstaedt-demo-002,qr,1,dpp-section-view,Overview,,tablet,DE-BY,synthetic
2026-06-11,session-00332,gmh-gruppe-sn-00000006-c0a7c1a5,web,1,dpp-section-view,Overview,,tablet,DE-NW,synthetic
2026-08-21,session-00333,gmh-gruppe-sn-00000006-c0a7c1a5,qr,1,dpp-section-view,Sustainability,,desktop,DE-NW,synthetic
2026-08-21,session-00333,gmh-gruppe-sn-00000006-c0a7c1a5,qr,2,dpp-section-view,Materials,,desktop,DE-NW,synthetic
2026-08-21,session-00333,gmh-gruppe-sn-00000006-c0a7c1a5,qr,3,dpp-section-view,Overview,,desktop,DE-NW,synthetic
2026-08-21,session-00333,gmh-gruppe-sn-00000006-c0a7c1a5,qr,4,dpp-section-view,Product Information,,desktop,DE-NW,synthetic
2026-08-21,session-00333,gmh-gruppe-sn-00000006-c0a7c1a5,qr,5,dpp-section-view,Traceability,,desktop,DE-NW,synthetic
2026-08-21,session-00333,gmh-gruppe-sn-00000006-c0a7c1a5,qr,6,dpp-section-view,Documents,,desktop,DE-NW,synthetic
2026-07-02,session-00334,gmh-gruppe-sn-00000006-c0a7c1a5,qr,1,dpp-section-view,Overview,,desktop,DE-BY,synthetic
2026-07-02,session-00334,gmh-gruppe-sn-00000006-c0a7c1a5,qr,2,dpp-section-view,Product Information,,desktop,DE-BY,synthetic
2026-07-02,session-00334,gmh-gruppe-sn-00000006-c0a7c1a5,qr,3,dpp-section-view,Documents,,desktop,DE-BY,synthetic
2026-07-02,session-00334,gmh-gruppe-sn-00000006-c0a7c1a5,qr,4,dpp-section-view,Traceability,,desktop,DE-BY,synthetic
2026-06-18,session-00335,gmh-gruppe-sn-00000006-c0a7c1a5,qr,1,dpp-section-view,Sustainability,,mobile,DE-NW,synthetic
2026-06-18,session-00335,gmh-gruppe-sn-00000006-c0a7c1a5,qr,2,dpp-section-view,Traceability,,mobile,DE-NW,synthetic
2026-06-18,session-00335,gmh-gruppe-sn-00000006-c0a7c1a5,qr,3,dpp-section-view,Overview,,mobile,DE-NW,synthetic
2026-06-18,session-00335,gmh-gruppe-sn-00000006-c0a7c1a5,qr,4,dpp-document-open,Documents,Material Certificate.pdf,mobile,DE-NW,synthetic
2026-06-18,session-00335,gmh-gruppe-sn-00000006-c0a7c1a5,qr,5,dpp-document-open,Documents,Sustainability Certificate.pdf,mobile,DE-NW,synthetic
2026-06-18,session-00335,gmh-gruppe-sn-00000006-c0a7c1a5,qr,6,dpp-document-open,Documents,Sustainability Certificate.pdf,mobile,DE-NW,synthetic
2026-05-06,session-00336,gmh-gruppe-sn-00000006-c0a7c1a5,qr,1,dpp-section-view,Overview,,mobile,DE-BY,synthetic
2026-05-06,session-00336,gmh-gruppe-sn-00000006-c0a7c1a5,qr,2,dpp-section-view,Documents,,mobile,DE-BY,synthetic
2026-05-06,session-00336,gmh-gruppe-sn-00000006-c0a7c1a5,qr,3,dpp-section-view,Product Information,,mobile,DE-BY,synthetic
2026-05-06,session-00336,gmh-gruppe-sn-00000006-c0a7c1a5,qr,4,dpp-section-view,Sustainability,,mobile,DE-BY,synthetic
2026-06-16,session-00337,gmh-gruppe-sn-00000006-c0a7c1a5,qr,1,dpp-section-view,Product Information,,desktop,DE-BE,synthetic
2026-06-16,session-00337,gmh-gruppe-sn-00000006-c0a7c1a5,qr,2,dpp-section-view,Overview,,desktop,DE-BE,synthetic
2026-07-30,session-00338,gmh-gruppe-sn-00000006-c0a7c1a5,qr,1,dpp-section-view,Documents,,mobile,NL-NH,synthetic
2026-07-30,session-00338,gmh-gruppe-sn-00000006-c0a7c1a5,qr,2,dpp-section-view,Product Information,,mobile,NL-NH,synthetic
2026-07-30,session-00338,gmh-gruppe-sn-00000006-c0a7c1a5,qr,3,dpp-section-view,Sustainability,,mobile,NL-NH,synthetic
2026-07-30,session-00338,gmh-gruppe-sn-00000006-c0a7c1a5,qr,4,dpp-section-view,Materials,,mobile,NL-NH,synthetic
2026-07-30,session-00338,gmh-gruppe-sn-00000006-c0a7c1a5,qr,5,dpp-section-view,Traceability,,mobile,NL-NH,synthetic
2026-07-30,session-00338,gmh-gruppe-sn-00000006-c0a7c1a5,qr,6,dpp-section-view,Overview,,mobile,NL-NH,synthetic
2026-06-25,session-00339,gmh-gruppe-sn-00000006-c0a7c1a5,qr,1,dpp-section-view,Documents,,tablet,DE-BE,synthetic
2026-06-25,session-00339,gmh-gruppe-sn-00000006-c0a7c1a5,qr,2,dpp-section-view,Overview,,tablet,DE-BE,synthetic
2026-06-27,session-00340,gmh-gruppe-sn-00000006-c0a7c1a5,web,1,dpp-section-view,Overview,,desktop,NL-NH,synthetic
2026-05-15,session-00341,mannstaedt-demo-002,qr,1,dpp-section-view,Overview,,mobile,DE-NW,synthetic
2026-05-15,session-00341,mannstaedt-demo-002,qr,2,dpp-section-view,Sustainability,,mobile,DE-NW,synthetic
2026-08-23,session-00342,gmh-gruppe-sn-00000006-c0a7c1a5,qr,1,dpp-section-view,Documents,,mobile,DE-BE,synthetic
2026-08-23,session-00342,gmh-gruppe-sn-00000006-c0a7c1a5,qr,2,dpp-section-view,Overview,,mobile,DE-BE,synthetic
2026-05-08,session-00343,gmh-gruppe-sn-00000006-c0a7c1a5,web,1,dpp-section-view,Overview,,desktop,DE-BY,synthetic
2026-07-25,session-00344,gmh-gruppe-sn-00000006-c0a7c1a5,web,1,dpp-section-view,Overview,,mobile,NL-NH,synthetic
2026-07-13,session-00345,gmh-gruppe-sn-00000006-c0a7c1a5,qr,1,dpp-section-view,Overview,,desktop,DE-BE,synthetic
2026-05-01,session-00346,mannstaedt-demo-002,web,1,dpp-section-view,Overview,,desktop,DE-NW,synthetic
2026-05-01,session-00346,mannstaedt-demo-002,web,2,dpp-section-view,Traceability,,desktop,DE-NW,synthetic
2026-05-01,session-00346,mannstaedt-demo-002,web,3,dpp-section-view,Product Information,,desktop,DE-NW,synthetic
2026-05-01,session-00346,mannstaedt-demo-002,web,4,dpp-document-open,Documents,Technical Datasheet.pdf,desktop,DE-NW,synthetic
2026-05-01,session-00346,mannstaedt-demo-002,web,5,dpp-document-open,Documents,Sustainability Certificate.pdf,desktop,DE-NW,synthetic
2026-05-01,session-00346,mannstaedt-demo-002,web,6,dpp-document-open,Documents,Declaration of Conformity.pdf,desktop,DE-NW,synthetic
2026-05-21,session-00347,mannstaedt-demo-003,web,1,dpp-section-view,Product Information,,tablet,BE-VLG,synthetic
2026-05-21,session-00347,mannstaedt-demo-003,web,2,dpp-section-view,Sustainability,,tablet,BE-VLG,synthetic
2026-05-21,session-00347,mannstaedt-demo-003,web,3,dpp-section-view,Overview,,tablet,BE-VLG,synthetic
2026-05-21,session-00347,mannstaedt-demo-003,web,4,dpp-document-open,Documents,Material Certificate.pdf,tablet,BE-VLG,synthetic
2026-05-21,session-00347,mannstaedt-demo-003,web,5,dpp-document-open,Documents,Material Certificate.pdf,tablet,BE-VLG,synthetic
2026-05-21,session-00347,mannstaedt-demo-003,web,6,dpp-document-open,Documents,Technical Datasheet.pdf,tablet,BE-VLG,synthetic
2026-08-06,session-00348,gmh-gruppe-sn-00000006-c0a7c1a5,web,1,dpp-section-view,Overview,,mobile,DE-BY,synthetic
2026-08-06,session-00348,gmh-gruppe-sn-00000006-c0a7c1a5,web,2,dpp-section-view,Traceability,,mobile,DE-BY,synthetic
2026-08-06,session-00348,gmh-gruppe-sn-00000006-c0a7c1a5,web,3,dpp-section-view,Product Information,,mobile,DE-BY,synthetic
2026-06-09,session-00349,mannstaedt-demo-003,qr,1,dpp-section-view,Overview,,mobile,DE-BE,synthetic
2026-06-09,session-00349,mannstaedt-demo-003,qr,2,dpp-section-view,Materials,,mobile,DE-BE,synthetic
2026-06-09,session-00349,mannstaedt-demo-003,qr,3,dpp-section-view,Sustainability,,mobile,DE-BE,synthetic
2026-06-09,session-00349,mannstaedt-demo-003,qr,4,dpp-section-view,Documents,,mobile,DE-BE,synthetic
2026-06-09,session-00349,mannstaedt-demo-003,qr,5,dpp-section-view,Traceability,,mobile,DE-BE,synthetic
2026-06-09,session-00349,mannstaedt-demo-003,qr,6,dpp-section-view,Product Information,,mobile,DE-BE,synthetic
2026-06-09,session-00349,mannstaedt-demo-003,qr,7,dpp-document-open,Documents,Sustainability Certificate.pdf,mobile,DE-BE,synthetic
2026-06-09,session-00349,mannstaedt-demo-003,qr,8,dpp-document-open,Documents,Material Certificate.pdf,mobile,DE-BE,synthetic
2026-06-09,session-00349,mannstaedt-demo-003,qr,9,dpp-document-open,Documents,Declaration of Conformity.pdf,mobile,DE-BE,synthetic
2026-07-20,session-00350,mannstaedt-demo-003,qr,1,dpp-section-view,Overview,,desktop,DE-BE,synthetic
2026-07-20,session-00350,mannstaedt-demo-003,qr,2,dpp-section-view,Documents,,desktop,DE-BE,synthetic
2026-07-20,session-00350,mannstaedt-demo-003,qr,3,dpp-section-view,Sustainability,,desktop,DE-BE,synthetic
2026-07-20,session-00350,mannstaedt-demo-003,qr,4,dpp-section-view,Product Information,,desktop,DE-BE,synthetic
2026-08-26,session-00351,gmh-gruppe-sn-00000006-c0a7c1a5,qr,1,dpp-section-view,Traceability,,desktop,DE-BE,synthetic
2026-08-26,session-00351,gmh-gruppe-sn-00000006-c0a7c1a5,qr,2,dpp-section-view,Overview,,desktop,DE-BE,synthetic
2026-08-26,session-00351,gmh-gruppe-sn-00000006-c0a7c1a5,qr,3,dpp-section-view,Product Information,,desktop,DE-BE,synthetic
2026-08-26,session-00351,gmh-gruppe-sn-00000006-c0a7c1a5,qr,4,dpp-section-view,Sustainability,,desktop,DE-BE,synthetic
2026-08-26,session-00351,gmh-gruppe-sn-00000006-c0a7c1a5,qr,5,dpp-section-view,Materials,,desktop,DE-BE,synthetic
2026-08-26,session-00351,gmh-gruppe-sn-00000006-c0a7c1a5,qr,6,dpp-section-view,Documents,,desktop,DE-BE,synthetic
2026-06-01,session-00352,gmh-gruppe-sn-00000006-c0a7c1a5,web,1,dpp-section-view,Materials,,mobile,BE-VLG,synthetic
2026-06-01,session-00352,gmh-gruppe-sn-00000006-c0a7c1a5,web,2,dpp-section-view,Product Information,,mobile,BE-VLG,synthetic
2026-06-01,session-00352,gmh-gruppe-sn-00000006-c0a7c1a5,web,3,dpp-section-view,Overview,,mobile,BE-VLG,synthetic
2026-06-01,session-00352,gmh-gruppe-sn-00000006-c0a7c1a5,web,4,dpp-section-view,Documents,,mobile,BE-VLG,synthetic
2026-06-01,session-00352,gmh-gruppe-sn-00000006-c0a7c1a5,web,5,dpp-document-open,Documents,Sustainability Certificate.pdf,mobile,BE-VLG,synthetic
2026-06-01,session-00352,gmh-gruppe-sn-00000006-c0a7c1a5,web,6,dpp-document-open,Documents,Declaration of Conformity.pdf,mobile,BE-VLG,synthetic
2026-06-01,session-00352,gmh-gruppe-sn-00000006-c0a7c1a5,web,7,dpp-document-open,Documents,Sustainability Certificate.pdf,mobile,BE-VLG,synthetic
2026-07-05,session-00353,mannstaedt-demo-002,qr,1,dpp-section-view,Overview,,desktop,BE-VLG,synthetic
2026-05-20,session-00354,gmh-gruppe-sn-00000006-c0a7c1a5,qr,1,dpp-section-view,Overview,,mobile,DE-BY,synthetic
2026-05-20,session-00354,gmh-gruppe-sn-00000006-c0a7c1a5,qr,2,dpp-section-view,Traceability,,mobile,DE-BY,synthetic
2026-05-20,session-00354,gmh-gruppe-sn-00000006-c0a7c1a5,qr,3,dpp-section-view,Sustainability,,mobile,DE-BY,synthetic
2026-08-12,session-00355,gmh-gruppe-sn-00000006-c0a7c1a5,qr,1,dpp-section-view,Documents,,desktop,NL-NH,synthetic
2026-08-12,session-00355,gmh-gruppe-sn-00000006-c0a7c1a5,qr,2,dpp-section-view,Overview,,desktop,NL-NH,synthetic
2026-08-12,session-00355,gmh-gruppe-sn-00000006-c0a7c1a5,qr,3,dpp-section-view,Sustainability,,desktop,NL-NH,synthetic
2026-08-12,session-00355,gmh-gruppe-sn-00000006-c0a7c1a5,qr,4,dpp-section-view,Traceability,,desktop,NL-NH,synthetic
2026-08-12,session-00355,gmh-gruppe-sn-00000006-c0a7c1a5,qr,5,dpp-document-open,Documents,Technical Datasheet.pdf,desktop,NL-NH,synthetic
2026-08-12,session-00355,gmh-gruppe-sn-00000006-c0a7c1a5,qr,6,dpp-document-open,Documents,Declaration of Conformity.pdf,desktop,NL-NH,synthetic
2026-06-06,session-00356,mannstaedt-demo-003,web,1,dpp-section-view,Product Information,,mobile,DE-BY,synthetic
2026-06-06,session-00356,mannstaedt-demo-003,web,2,dpp-section-view,Documents,,mobile,DE-BY,synthetic
2026-06-06,session-00356,mannstaedt-demo-003,web,3,dpp-section-view,Overview,,mobile,DE-BY,synthetic
2026-06-06,session-00356,mannstaedt-demo-003,web,4,dpp-section-view,Traceability,,mobile,DE-BY,synthetic
2026-06-11,session-00357,mannstaedt-demo-002,web,1,dpp-section-view,Overview,,mobile,BE-VLG,synthetic
2026-06-11,session-00357,mannstaedt-demo-002,web,2,dpp-section-view,Sustainability,,mobile,BE-VLG,synthetic
2026-06-06,session-00358,gmh-gruppe-sn-00000006-c0a7c1a5,qr,1,dpp-section-view,Traceability,,mobile,DE-BY,synthetic
2026-06-06,session-00358,gmh-gruppe-sn-00000006-c0a7c1a5,qr,2,dpp-section-view,Overview,,mobile,DE-BY,synthetic
2026-06-06,session-00358,gmh-gruppe-sn-00000006-c0a7c1a5,qr,3,dpp-section-view,Materials,,mobile,DE-BY,synthetic
2026-06-21,session-00359,gmh-gruppe-sn-00000006-c0a7c1a5,web,1,dpp-section-view,Overview,,desktop,BE-VLG,synthetic
2026-06-21,session-00359,gmh-gruppe-sn-00000006-c0a7c1a5,web,2,dpp-section-view,Product Information,,desktop,BE-VLG,synthetic
2026-07-01,session-00360,mannstaedt-demo-003,qr,1,dpp-section-view,Documents,,tablet,DE-NW,synthetic
2026-07-01,session-00360,mannstaedt-demo-003,qr,2,dpp-section-view,Overview,,tablet,DE-NW,synthetic
2026-07-01,session-00360,mannstaedt-demo-003,qr,3,dpp-section-view,Product Information,,tablet,DE-NW,synthetic
2026-09-06,session-00361,gmh-gruppe-sn-00000006-c0a7c1a5,web,1,dpp-section-view,Overview,,desktop,DE-BY,synthetic
2026-06-21,session-00362,gmh-gruppe-sn-00000006-c0a7c1a5,qr,1,dpp-section-view,Overview,,mobile,DE-BY,synthetic
2026-06-21,session-00362,gmh-gruppe-sn-00000006-c0a7c1a5,qr,2,dpp-section-view,Materials,,mobile,DE-BY,synthetic
2026-07-05,session-00363,mannstaedt-demo-002,qr,1,dpp-section-view,Documents,,desktop,NL-NH,synthetic
2026-07-05,session-00363,mannstaedt-demo-002,qr,2,dpp-section-view,Sustainability,,desktop,NL-NH,synthetic
2026-07-05,session-00363,mannstaedt-demo-002,qr,3,dpp-section-view,Traceability,,desktop,NL-NH,synthetic
2026-07-05,session-00363,mannstaedt-demo-002,qr,4,dpp-section-view,Overview,,desktop,NL-NH,synthetic
2026-07-05,session-00363,mannstaedt-demo-002,qr,5,dpp-document-open,Documents,Sustainability Certificate.pdf,desktop,NL-NH,synthetic
2026-07-05,session-00363,mannstaedt-demo-002,qr,6,dpp-document-open,Documents,Sustainability Certificate.pdf,desktop,NL-NH,synthetic
2026-07-05,session-00363,mannstaedt-demo-002,qr,7,dpp-document-open,Documents,Sustainability Certificate.pdf,desktop,NL-NH,synthetic
2026-09-03,session-00364,gmh-gruppe-sn-00000006-c0a7c1a5,qr,1,dpp-section-view,Materials,,desktop,DE-BE,synthetic
2026-09-03,session-00364,gmh-gruppe-sn-00000006-c0a7c1a5,qr,2,dpp-section-view,Overview,,desktop,DE-BE,synthetic
2026-09-03,session-00364,gmh-gruppe-sn-00000006-c0a7c1a5,qr,3,dpp-section-view,Traceability,,desktop,DE-BE,synthetic
2026-09-03,session-00364,gmh-gruppe-sn-00000006-c0a7c1a5,qr,4,dpp-document-open,Documents,Declaration of Conformity.pdf,desktop,DE-BE,synthetic
2026-09-03,session-00364,gmh-gruppe-sn-00000006-c0a7c1a5,qr,5,dpp-document-open,Documents,Sustainability Certificate.pdf,desktop,DE-BE,synthetic
2026-05-15,session-00365,mannstaedt-demo-002,qr,1,dpp-section-view,Overview,,desktop,BE-VLG,synthetic
2026-05-15,session-00365,mannstaedt-demo-002,qr,2,dpp-section-view,Traceability,,desktop,BE-VLG,synthetic
2026-05-15,session-00365,mannstaedt-demo-002,qr,3,dpp-section-view,Materials,,desktop,BE-VLG,synthetic
2026-05-15,session-00365,mannstaedt-demo-002,qr,4,dpp-document-open,Documents,Technical Datasheet.pdf,desktop,BE-VLG,synthetic
2026-05-15,session-00365,mannstaedt-demo-002,qr,5,dpp-document-open,Documents,Declaration of Conformity.pdf,desktop,BE-VLG,synthetic
2026-05-15,session-00365,mannstaedt-demo-002,qr,6,dpp-document-open,Documents,Sustainability Certificate.pdf,desktop,BE-VLG,synthetic
2026-06-10,session-00366,gmh-gruppe-sn-00000006-c0a7c1a5,qr,1,dpp-section-view,Overview,,desktop,BE-VLG,synthetic
2026-05-11,session-00367,gmh-gruppe-sn-00000006-c0a7c1a5,web,1,dpp-section-view,Overview,,mobile,DE-BY,synthetic
2026-06-01,session-00368,gmh-gruppe-sn-00000006-c0a7c1a5,qr,1,dpp-section-view,Materials,,mobile,NL-NH,synthetic
2026-06-01,session-00368,gmh-gruppe-sn-00000006-c0a7c1a5,qr,2,dpp-section-view,Product Information,,mobile,NL-NH,synthetic
2026-06-01,session-00368,gmh-gruppe-sn-00000006-c0a7c1a5,qr,3,dpp-section-view,Sustainability,,mobile,NL-NH,synthetic
2026-06-01,session-00368,gmh-gruppe-sn-00000006-c0a7c1a5,qr,4,dpp-section-view,Overview,,mobile,NL-NH,synthetic
2026-06-08,session-00369,gmh-gruppe-sn-00000006-c0a7c1a5,qr,1,dpp-section-view,Sustainability,,desktop,NL-NH,synthetic
2026-06-08,session-00369,gmh-gruppe-sn-00000006-c0a7c1a5,qr,2,dpp-section-view,Traceability,,desktop,NL-NH,synthetic
2026-06-08,session-00369,gmh-gruppe-sn-00000006-c0a7c1a5,qr,3,dpp-section-view,Overview,,desktop,NL-NH,synthetic
2026-06-08,session-00369,gmh-gruppe-sn-00000006-c0a7c1a5,qr,4,dpp-section-view,Product Information,,desktop,NL-NH,synthetic
2026-07-03,session-00370,gmh-gruppe-sn-00000006-c0a7c1a5,qr,1,dpp-section-view,Overview,,mobile,DE-BY,synthetic
2026-08-06,session-00371,gmh-gruppe-sn-00000006-c0a7c1a5,web,1,dpp-section-view,Overview,,desktop,DE-BE,synthetic
2026-07-14,session-00372,mannstaedt-demo-002,qr,1,dpp-section-view,Traceability,,mobile,NL-NH,synthetic
2026-07-14,session-00372,mannstaedt-demo-002,qr,2,dpp-section-view,Documents,,mobile,NL-NH,synthetic
2026-07-14,session-00372,mannstaedt-demo-002,qr,3,dpp-section-view,Sustainability,,mobile,NL-NH,synthetic
2026-07-14,session-00372,mannstaedt-demo-002,qr,4,dpp-section-view,Materials,,mobile,NL-NH,synthetic
2026-07-14,session-00372,mannstaedt-demo-002,qr,5,dpp-section-view,Product Information,,mobile,NL-NH,synthetic
2026-07-14,session-00372,mannstaedt-demo-002,qr,6,dpp-section-view,Overview,,mobile,NL-NH,synthetic
2026-07-14,session-00372,mannstaedt-demo-002,qr,7,dpp-document-open,Documents,Material Certificate.pdf,mobile,NL-NH,synthetic
2026-07-14,session-00372,mannstaedt-demo-002,qr,8,dpp-document-open,Documents,Technical Datasheet.pdf,mobile,NL-NH,synthetic
2026-07-14,session-00372,mannstaedt-demo-002,qr,9,dpp-document-open,Documents,Declaration of Conformity.pdf,mobile,NL-NH,synthetic
2026-08-02,session-00373,gmh-gruppe-sn-00000006-c0a7c1a5,web,1,dpp-section-view,Materials,,tablet,BE-VLG,synthetic
2026-08-02,session-00373,gmh-gruppe-sn-00000006-c0a7c1a5,web,2,dpp-section-view,Overview,,tablet,BE-VLG,synthetic
2026-08-02,session-00373,gmh-gruppe-sn-00000006-c0a7c1a5,web,3,dpp-section-view,Documents,,tablet,BE-VLG,synthetic
2026-08-02,session-00373,gmh-gruppe-sn-00000006-c0a7c1a5,web,4,dpp-section-view,Product Information,,tablet,BE-VLG,synthetic
2026-08-02,session-00373,gmh-gruppe-sn-00000006-c0a7c1a5,web,5,dpp-section-view,Sustainability,,tablet,BE-VLG,synthetic
2026-05-29,session-00374,gmh-gruppe-sn-00000006-c0a7c1a5,web,1,dpp-section-view,Documents,,mobile,DE-BY,synthetic
2026-05-29,session-00374,gmh-gruppe-sn-00000006-c0a7c1a5,web,2,dpp-section-view,Overview,,mobile,DE-BY,synthetic
2026-05-29,session-00374,gmh-gruppe-sn-00000006-c0a7c1a5,web,3,dpp-document-open,Documents,Sustainability Certificate.pdf,mobile,DE-BY,synthetic
2026-08-02,session-00375,gmh-gruppe-sn-00000006-c0a7c1a5,qr,1,dpp-section-view,Overview,,mobile,NL-NH,synthetic
2026-08-02,session-00375,gmh-gruppe-sn-00000006-c0a7c1a5,qr,2,dpp-section-view,Documents,,mobile,NL-NH,synthetic
2026-08-02,session-00375,gmh-gruppe-sn-00000006-c0a7c1a5,qr,3,dpp-section-view,Sustainability,,mobile,NL-NH,synthetic
2026-08-02,session-00375,gmh-gruppe-sn-00000006-c0a7c1a5,qr,4,dpp-section-view,Materials,,mobile,NL-NH,synthetic
2026-08-02,session-00375,gmh-gruppe-sn-00000006-c0a7c1a5,qr,5,dpp-document-open,Documents,Technical Datasheet.pdf,mobile,NL-NH,synthetic
2026-06-06,session-00376,mannstaedt-demo-003,web,1,dpp-section-view,Overview,,desktop,DE-BY,synthetic
2026-08-13,session-00377,gmh-gruppe-sn-00000006-c0a7c1a5,web,1,dpp-section-view,Documents,,mobile,DE-NW,synthetic
2026-08-13,session-00377,gmh-gruppe-sn-00000006-c0a7c1a5,web,2,dpp-section-view,Traceability,,mobile,DE-NW,synthetic
2026-08-13,session-00377,gmh-gruppe-sn-00000006-c0a7c1a5,web,3,dpp-section-view,Sustainability,,mobile,DE-NW,synthetic
2026-08-13,session-00377,gmh-gruppe-sn-00000006-c0a7c1a5,web,4,dpp-section-view,Materials,,mobile,DE-NW,synthetic
2026-08-13,session-00377,gmh-gruppe-sn-00000006-c0a7c1a5,web,5,dpp-section-view,Overview,,mobile,DE-NW,synthetic
2026-08-13,session-00377,gmh-gruppe-sn-00000006-c0a7c1a5,web,6,dpp-section-view,Product Information,,mobile,DE-NW,synthetic
2026-08-13,session-00377,gmh-gruppe-sn-00000006-c0a7c1a5,web,7,dpp-document-open,Documents,Declaration of Conformity.pdf,mobile,DE-NW,synthetic
2026-08-13,session-00377,gmh-gruppe-sn-00000006-c0a7c1a5,web,8,dpp-document-open,Documents,Technical Datasheet.pdf,mobile,DE-NW,synthetic
2026-08-13,session-00377,gmh-gruppe-sn-00000006-c0a7c1a5,web,9,dpp-document-open,Documents,Sustainability Certificate.pdf,mobile,DE-NW,synthetic
2026-08-07,session-00378,mannstaedt-demo-003,web,1,dpp-section-view,Overview,,desktop,DE-BE,synthetic
2026-08-07,session-00378,mannstaedt-demo-003,web,2,dpp-section-view,Traceability,,desktop,DE-BE,synthetic
2026-08-07,session-00378,mannstaedt-demo-003,web,3,dpp-section-view,Documents,,desktop,DE-BE,synthetic
2026-08-17,session-00379,gmh-gruppe-sn-00000006-c0a7c1a5,web,1,dpp-section-view,Overview,,desktop,NL-NH,synthetic
2026-08-17,session-00379,gmh-gruppe-sn-00000006-c0a7c1a5,web,2,dpp-section-view,Documents,,desktop,NL-NH,synthetic
2026-08-17,session-00379,gmh-gruppe-sn-00000006-c0a7c1a5,web,3,dpp-section-view,Materials,,desktop,NL-NH,synthetic
2026-08-17,session-00379,gmh-gruppe-sn-00000006-c0a7c1a5,web,4,dpp-section-view,Sustainability,,desktop,NL-NH,synthetic
2026-08-17,session-00379,gmh-gruppe-sn-00000006-c0a7c1a5,web,5,dpp-document-open,Documents,Material Certificate.pdf,desktop,NL-NH,synthetic
2026-05-18,session-00380,gmh-gruppe-sn-00000006-c0a7c1a5,qr,1,dpp-section-view,Traceability,,desktop,DE-NW,synthetic
2026-05-18,session-00380,gmh-gruppe-sn-00000006-c0a7c1a5,qr,2,dpp-section-view,Materials,,desktop,DE-NW,synthetic
2026-05-18,session-00380,gmh-gruppe-sn-00000006-c0a7c1a5,qr,3,dpp-section-view,Sustainability,,desktop,DE-NW,synthetic
2026-05-18,session-00380,gmh-gruppe-sn-00000006-c0a7c1a5,qr,4,dpp-section-view,Documents,,desktop,DE-NW,synthetic
2026-05-18,session-00380,gmh-gruppe-sn-00000006-c0a7c1a5,qr,5,dpp-section-view,Overview,,desktop,DE-NW,synthetic
2026-05-18,session-00380,gmh-gruppe-sn-00000006-c0a7c1a5,qr,6,dpp-document-open,Documents,Declaration of Conformity.pdf,desktop,DE-NW,synthetic
2026-05-18,session-00380,gmh-gruppe-sn-00000006-c0a7c1a5,qr,7,dpp-document-open,Documents,Sustainability Certificate.pdf,desktop,DE-NW,synthetic
2026-05-18,session-00380,gmh-gruppe-sn-00000006-c0a7c1a5,qr,8,dpp-document-open,Documents,Technical Datasheet.pdf,desktop,DE-NW,synthetic
2026-07-13,session-00381,gmh-gruppe-sn-00000006-c0a7c1a5,qr,1,dpp-section-view,Materials,,desktop,DE-BY,synthetic
2026-07-13,session-00381,gmh-gruppe-sn-00000006-c0a7c1a5,qr,2,dpp-section-view,Overview,,desktop,DE-BY,synthetic
2026-07-13,session-00381,gmh-gruppe-sn-00000006-c0a7c1a5,qr,3,dpp-section-view,Documents,,desktop,DE-BY,synthetic
2026-07-13,session-00381,gmh-gruppe-sn-00000006-c0a7c1a5,qr,4,dpp-section-view,Traceability,,desktop,DE-BY,synthetic
2026-07-13,session-00381,gmh-gruppe-sn-00000006-c0a7c1a5,qr,5,dpp-section-view,Product Information,,desktop,DE-BY,synthetic
2026-06-20,session-00382,mannstaedt-demo-003,qr,1,dpp-section-view,Documents,,desktop,DE-NW,synthetic
2026-06-20,session-00382,mannstaedt-demo-003,qr,2,dpp-section-view,Materials,,desktop,DE-NW,synthetic
2026-06-20,session-00382,mannstaedt-demo-003,qr,3,dpp-section-view,Product Information,,desktop,DE-NW,synthetic
2026-06-20,session-00382,mannstaedt-demo-003,qr,4,dpp-section-view,Overview,,desktop,DE-NW,synthetic
2026-06-12,session-00383,gmh-gruppe-sn-00000006-c0a7c1a5,web,1,dpp-section-view,Overview,,desktop,NL-NH,synthetic
2026-06-12,session-00383,gmh-gruppe-sn-00000006-c0a7c1a5,web,2,dpp-section-view,Documents,,desktop,NL-NH,synthetic
2026-06-12,session-00383,gmh-gruppe-sn-00000006-c0a7c1a5,web,3,dpp-section-view,Sustainability,,desktop,NL-NH,synthetic
2026-06-12,session-00383,gmh-gruppe-sn-00000006-c0a7c1a5,web,4,dpp-section-view,Product Information,,desktop,NL-NH,synthetic
2026-06-12,session-00383,gmh-gruppe-sn-00000006-c0a7c1a5,web,5,dpp-section-view,Traceability,,desktop,NL-NH,synthetic
2026-08-12,session-00384,gmh-gruppe-sn-00000006-c0a7c1a5,qr,1,dpp-section-view,Materials,,desktop,DE-BE,synthetic
2026-08-12,session-00384,gmh-gruppe-sn-00000006-c0a7c1a5,qr,2,dpp-section-view,Overview,,desktop,DE-BE,synthetic
2026-08-12,session-00384,gmh-gruppe-sn-00000006-c0a7c1a5,qr,3,dpp-section-view,Documents,,desktop,DE-BE,synthetic
2026-08-12,session-00384,gmh-gruppe-sn-00000006-c0a7c1a5,qr,4,dpp-section-view,Traceability,,desktop,DE-BE,synthetic
2026-06-25,session-00385,gmh-gruppe-sn-00000006-c0a7c1a5,qr,1,dpp-section-view,Overview,,desktop,BE-VLG,synthetic
2026-06-25,session-00385,gmh-gruppe-sn-00000006-c0a7c1a5,qr,2,dpp-section-view,Materials,,desktop,BE-VLG,synthetic
2026-06-25,session-00385,gmh-gruppe-sn-00000006-c0a7c1a5,qr,3,dpp-section-view,Product Information,,desktop,BE-VLG,synthetic
2026-06-25,session-00385,gmh-gruppe-sn-00000006-c0a7c1a5,qr,4,dpp-section-view,Documents,,desktop,BE-VLG,synthetic
2026-06-25,session-00385,gmh-gruppe-sn-00000006-c0a7c1a5,qr,5,dpp-document-open,Documents,Sustainability Certificate.pdf,desktop,BE-VLG,synthetic
2026-05-19,session-00386,gmh-gruppe-sn-00000006-c0a7c1a5,qr,1,dpp-section-view,Overview,,desktop,DE-BY,synthetic
2026-05-19,session-00387,mannstaedt-demo-003,qr,1,dpp-section-view,Product Information,,mobile,DE-NW,synthetic
2026-05-19,session-00387,mannstaedt-demo-003,qr,2,dpp-section-view,Overview,,mobile,DE-NW,synthetic
2026-05-12,session-00388,gmh-gruppe-sn-00000006-c0a7c1a5,web,1,dpp-section-view,Documents,,desktop,BE-VLG,synthetic
2026-05-12,session-00388,gmh-gruppe-sn-00000006-c0a7c1a5,web,2,dpp-section-view,Traceability,,desktop,BE-VLG,synthetic
2026-05-12,session-00388,gmh-gruppe-sn-00000006-c0a7c1a5,web,3,dpp-section-view,Sustainability,,desktop,BE-VLG,synthetic
2026-05-12,session-00388,gmh-gruppe-sn-00000006-c0a7c1a5,web,4,dpp-section-view,Overview,,desktop,BE-VLG,synthetic
2026-08-22,session-00389,mannstaedt-demo-002,qr,1,dpp-section-view,Product Information,,desktop,DE-NW,synthetic
2026-08-22,session-00389,mannstaedt-demo-002,qr,2,dpp-section-view,Overview,,desktop,DE-NW,synthetic
2026-08-22,session-00389,mannstaedt-demo-002,qr,3,dpp-section-view,Documents,,desktop,DE-NW,synthetic
2026-08-22,session-00389,mannstaedt-demo-002,qr,4,dpp-section-view,Materials,,desktop,DE-NW,synthetic
2026-08-22,session-00389,mannstaedt-demo-002,qr,5,dpp-section-view,Traceability,,desktop,DE-NW,synthetic
2026-08-22,session-00389,mannstaedt-demo-002,qr,6,dpp-section-view,Sustainability,,desktop,DE-NW,synthetic
2026-08-22,session-00389,mannstaedt-demo-002,qr,7,dpp-document-open,Documents,Declaration of Conformity.pdf,desktop,DE-NW,synthetic
2026-08-22,session-00389,mannstaedt-demo-002,qr,8,dpp-document-open,Documents,Technical Datasheet.pdf,desktop,DE-NW,synthetic
2026-08-22,session-00389,mannstaedt-demo-002,qr,9,dpp-document-open,Documents,Material Certificate.pdf,desktop,DE-NW,synthetic
2026-08-21,session-00390,gmh-gruppe-sn-00000006-c0a7c1a5,qr,1,dpp-section-view,Overview,,desktop,DE-NW,synthetic
2026-08-21,session-00390,gmh-gruppe-sn-00000006-c0a7c1a5,qr,2,dpp-section-view,Product Information,,desktop,DE-NW,synthetic
2026-08-21,session-00390,gmh-gruppe-sn-00000006-c0a7c1a5,qr,3,dpp-section-view,Traceability,,desktop,DE-NW,synthetic
2026-08-21,session-00390,gmh-gruppe-sn-00000006-c0a7c1a5,qr,4,dpp-section-view,Documents,,desktop,DE-NW,synthetic
2026-06-09,session-00391,mannstaedt-demo-002,qr,1,dpp-section-view,Overview,,mobile,DE-BY,synthetic
2026-06-09,session-00391,mannstaedt-demo-002,qr,2,dpp-section-view,Traceability,,mobile,DE-BY,synthetic
2026-06-09,session-00391,mannstaedt-demo-002,qr,3,dpp-section-view,Sustainability,,mobile,DE-BY,synthetic
2026-06-09,session-00391,mannstaedt-demo-002,qr,4,dpp-section-view,Materials,,mobile,DE-BY,synthetic
2026-07-09,session-00392,gmh-gruppe-sn-00000006-c0a7c1a5,qr,1,dpp-section-view,Overview,,desktop,DE-BY,synthetic
2026-07-09,session-00392,gmh-gruppe-sn-00000006-c0a7c1a5,qr,2,dpp-document-open,Documents,Technical Datasheet.pdf,desktop,DE-BY,synthetic
2026-07-09,session-00392,gmh-gruppe-sn-00000006-c0a7c1a5,qr,3,dpp-document-open,Documents,Technical Datasheet.pdf,desktop,DE-BY,synthetic
2026-06-12,session-00393,gmh-gruppe-sn-00000006-c0a7c1a5,qr,1,dpp-section-view,Documents,,mobile,NL-NH,synthetic
2026-06-12,session-00393,gmh-gruppe-sn-00000006-c0a7c1a5,qr,2,dpp-section-view,Materials,,mobile,NL-NH,synthetic
2026-06-12,session-00393,gmh-gruppe-sn-00000006-c0a7c1a5,qr,3,dpp-section-view,Product Information,,mobile,NL-NH,synthetic
2026-06-12,session-00393,gmh-gruppe-sn-00000006-c0a7c1a5,qr,4,dpp-section-view,Traceability,,mobile,NL-NH,synthetic
2026-06-12,session-00393,gmh-gruppe-sn-00000006-c0a7c1a5,qr,5,dpp-section-view,Overview,,mobile,NL-NH,synthetic
2026-06-12,session-00393,gmh-gruppe-sn-00000006-c0a7c1a5,qr,6,dpp-section-view,Sustainability,,mobile,NL-NH,synthetic
2026-05-27,session-00394,gmh-gruppe-sn-00000006-c0a7c1a5,web,1,dpp-section-view,Overview,,desktop,BE-VLG,synthetic
2026-08-30,session-00395,gmh-gruppe-sn-00000006-c0a7c1a5,qr,1,dpp-section-view,Materials,,mobile,DE-BY,synthetic
2026-08-30,session-00395,gmh-gruppe-sn-00000006-c0a7c1a5,qr,2,dpp-section-view,Overview,,mobile,DE-BY,synthetic
2026-08-02,session-00396,gmh-gruppe-sn-00000006-c0a7c1a5,qr,1,dpp-section-view,Overview,,desktop,DE-NW,synthetic
2026-08-02,session-00396,gmh-gruppe-sn-00000006-c0a7c1a5,qr,2,dpp-section-view,Product Information,,desktop,DE-NW,synthetic
2026-05-07,session-00397,gmh-gruppe-sn-00000006-c0a7c1a5,qr,1,dpp-section-view,Traceability,,desktop,DE-BE,synthetic
2026-05-07,session-00397,gmh-gruppe-sn-00000006-c0a7c1a5,qr,2,dpp-section-view,Overview,,desktop,DE-BE,synthetic
2026-05-07,session-00397,gmh-gruppe-sn-00000006-c0a7c1a5,qr,3,dpp-section-view,Materials,,desktop,DE-BE,synthetic
2026-05-07,session-00397,gmh-gruppe-sn-00000006-c0a7c1a5,qr,4,dpp-section-view,Product Information,,desktop,DE-BE,synthetic
2026-05-07,session-00397,gmh-gruppe-sn-00000006-c0a7c1a5,qr,5,dpp-section-view,Documents,,desktop,DE-BE,synthetic
2026-05-07,session-00397,gmh-gruppe-sn-00000006-c0a7c1a5,qr,6,dpp-document-open,Documents,Sustainability Certificate.pdf,desktop,DE-BE,synthetic
2026-05-31,session-00398,gmh-gruppe-sn-00000006-c0a7c1a5,qr,1,dpp-section-view,Materials,,desktop,BE-VLG,synthetic
2026-05-31,session-00398,gmh-gruppe-sn-00000006-c0a7c1a5,qr,2,dpp-section-view,Overview,,desktop,BE-VLG,synthetic
2026-05-31,session-00398,gmh-gruppe-sn-00000006-c0a7c1a5,qr,3,dpp-section-view,Product Information,,desktop,BE-VLG,synthetic
2026-05-31,session-00398,gmh-gruppe-sn-00000006-c0a7c1a5,qr,4,dpp-section-view,Documents,,desktop,BE-VLG,synthetic
2026-05-31,session-00398,gmh-gruppe-sn-00000006-c0a7c1a5,qr,5,dpp-document-open,Documents,Technical Datasheet.pdf,desktop,BE-VLG,synthetic
2026-05-31,session-00398,gmh-gruppe-sn-00000006-c0a7c1a5,qr,6,dpp-document-open,Documents,Technical Datasheet.pdf,desktop,BE-VLG,synthetic
2026-05-09,session-00399,gmh-gruppe-sn-00000006-c0a7c1a5,qr,1,dpp-section-view,Overview,,desktop,DE-BE,synthetic
2026-05-09,session-00399,gmh-gruppe-sn-00000006-c0a7c1a5,qr,2,dpp-section-view,Materials,,desktop,DE-BE,synthetic
2026-06-02,session-00400,gmh-gruppe-sn-00000006-c0a7c1a5,qr,1,dpp-section-view,Overview,,desktop,DE-BE,synthetic
2026-06-02,session-00400,gmh-gruppe-sn-00000006-c0a7c1a5,qr,2,dpp-section-view,Materials,,desktop,DE-BE,synthetic
2026-08-04,session-00401,gmh-gruppe-sn-00000006-c0a7c1a5,web,1,dpp-section-view,Overview,,mobile,NL-NH,synthetic
2026-08-04,session-00401,gmh-gruppe-sn-00000006-c0a7c1a5,web,2,dpp-section-view,Product Information,,mobile,NL-NH,synthetic
2026-08-04,session-00401,gmh-gruppe-sn-00000006-c0a7c1a5,web,3,dpp-section-view,Traceability,,mobile,NL-NH,synthetic
2026-08-04,session-00401,gmh-gruppe-sn-00000006-c0a7c1a5,web,4,dpp-section-view,Sustainability,,mobile,NL-NH,synthetic
2026-08-04,session-00401,gmh-gruppe-sn-00000006-c0a7c1a5,web,5,dpp-document-open,Documents,Sustainability Certificate.pdf,mobile,NL-NH,synthetic
2026-06-21,session-00402,mannstaedt-demo-002,qr,1,dpp-section-view,Overview,,mobile,DE-BE,synthetic
2026-06-21,session-00402,mannstaedt-demo-002,qr,2,dpp-section-view,Documents,,mobile,DE-BE,synthetic
2026-06-21,session-00402,mannstaedt-demo-002,qr,3,dpp-section-view,Materials,,mobile,DE-BE,synthetic
2026-06-21,session-00402,mannstaedt-demo-002,qr,4,dpp-section-view,Sustainability,,mobile,DE-BE,synthetic
2026-06-21,session-00402,mannstaedt-demo-002,qr,5,dpp-document-open,Documents,Material Certificate.pdf,mobile,DE-BE,synthetic
2026-06-21,session-00402,mannstaedt-demo-002,qr,6,dpp-document-open,Documents,Material Certificate.pdf,mobile,DE-BE,synthetic
2026-06-14,session-00403,mannstaedt-demo-003,qr,1,dpp-section-view,Product Information,,mobile,DE-BY,synthetic
2026-06-14,session-00403,mannstaedt-demo-003,qr,2,dpp-section-view,Materials,,mobile,DE-BY,synthetic
2026-06-14,session-00403,mannstaedt-demo-003,qr,3,dpp-section-view,Sustainability,,mobile,DE-BY,synthetic
2026-06-14,session-00403,mannstaedt-demo-003,qr,4,dpp-section-view,Traceability,,mobile,DE-BY,synthetic
2026-06-14,session-00403,mannstaedt-demo-003,qr,5,dpp-section-view,Documents,,mobile,DE-BY,synthetic
2026-06-14,session-00403,mannstaedt-demo-003,qr,6,dpp-section-view,Overview,,mobile,DE-BY,synthetic
2026-07-03,session-00404,gmh-gruppe-sn-00000006-c0a7c1a5,web,1,dpp-section-view,Sustainability,,desktop,BE-VLG,synthetic
2026-07-03,session-00404,gmh-gruppe-sn-00000006-c0a7c1a5,web,2,dpp-section-view,Overview,,desktop,BE-VLG,synthetic
2026-07-03,session-00404,gmh-gruppe-sn-00000006-c0a7c1a5,web,3,dpp-section-view,Product Information,,desktop,BE-VLG,synthetic
2026-07-03,session-00404,gmh-gruppe-sn-00000006-c0a7c1a5,web,4,dpp-section-view,Materials,,desktop,BE-VLG,synthetic
2026-06-22,session-00405,gmh-gruppe-sn-00000006-c0a7c1a5,qr,1,dpp-section-view,Overview,,desktop,NL-NH,synthetic
2026-06-22,session-00405,gmh-gruppe-sn-00000006-c0a7c1a5,qr,2,dpp-section-view,Materials,,desktop,NL-NH,synthetic
2026-06-22,session-00405,gmh-gruppe-sn-00000006-c0a7c1a5,qr,3,dpp-section-view,Traceability,,desktop,NL-NH,synthetic
2026-06-22,session-00405,gmh-gruppe-sn-00000006-c0a7c1a5,qr,4,dpp-document-open,Documents,Material Certificate.pdf,desktop,NL-NH,synthetic
2026-06-22,session-00405,gmh-gruppe-sn-00000006-c0a7c1a5,qr,5,dpp-document-open,Documents,Declaration of Conformity.pdf,desktop,NL-NH,synthetic
2026-06-05,session-00406,mannstaedt-demo-003,web,1,dpp-section-view,Overview,,desktop,DE-BE,synthetic
2026-06-05,session-00406,mannstaedt-demo-003,web,2,dpp-document-open,Documents,Material Certificate.pdf,desktop,DE-BE,synthetic
2026-06-05,session-00406,mannstaedt-demo-003,web,3,dpp-document-open,Documents,Declaration of Conformity.pdf,desktop,DE-BE,synthetic
2026-07-02,session-00407,gmh-gruppe-sn-00000006-c0a7c1a5,web,1,dpp-section-view,Overview,,mobile,DE-NW,synthetic
2026-07-02,session-00407,gmh-gruppe-sn-00000006-c0a7c1a5,web,2,dpp-section-view,Documents,,mobile,DE-NW,synthetic
2026-07-02,session-00407,gmh-gruppe-sn-00000006-c0a7c1a5,web,3,dpp-section-view,Materials,,mobile,DE-NW,synthetic
2026-06-27,session-00408,gmh-gruppe-sn-00000006-c0a7c1a5,web,1,dpp-section-view,Overview,,mobile,DE-BY,synthetic
2026-05-07,session-00409,gmh-gruppe-sn-00000006-c0a7c1a5,web,1,dpp-section-view,Overview,,mobile,NL-NH,synthetic
2026-05-07,session-00409,gmh-gruppe-sn-00000006-c0a7c1a5,web,2,dpp-section-view,Product Information,,mobile,NL-NH,synthetic
2026-05-07,session-00409,gmh-gruppe-sn-00000006-c0a7c1a5,web,3,dpp-section-view,Sustainability,,mobile,NL-NH,synthetic
2026-06-16,session-00410,mannstaedt-demo-003,qr,1,dpp-section-view,Sustainability,,mobile,BE-VLG,synthetic
2026-06-16,session-00410,mannstaedt-demo-003,qr,2,dpp-section-view,Traceability,,mobile,BE-VLG,synthetic
2026-06-16,session-00410,mannstaedt-demo-003,qr,3,dpp-section-view,Materials,,mobile,BE-VLG,synthetic
2026-06-16,session-00410,mannstaedt-demo-003,qr,4,dpp-section-view,Overview,,mobile,BE-VLG,synthetic
2026-06-16,session-00410,mannstaedt-demo-003,qr,5,dpp-document-open,Documents,Technical Datasheet.pdf,mobile,BE-VLG,synthetic
2026-06-16,session-00410,mannstaedt-demo-003,qr,6,dpp-document-open,Documents,Material Certificate.pdf,mobile,BE-VLG,synthetic
2026-08-12,session-00411,gmh-gruppe-sn-00000006-c0a7c1a5,web,1,dpp-section-view,Overview,,mobile,NL-NH,synthetic
2026-07-21,session-00412,gmh-gruppe-sn-00000006-c0a7c1a5,web,1,dpp-section-view,Overview,,mobile,DE-NW,synthetic
2026-08-12,session-00413,gmh-gruppe-sn-00000006-c0a7c1a5,qr,1,dpp-section-view,Sustainability,,desktop,DE-NW,synthetic
2026-08-12,session-00413,gmh-gruppe-sn-00000006-c0a7c1a5,qr,2,dpp-section-view,Product Information,,desktop,DE-NW,synthetic
2026-08-12,session-00413,gmh-gruppe-sn-00000006-c0a7c1a5,qr,3,dpp-section-view,Overview,,desktop,DE-NW,synthetic
2026-05-05,session-00414,gmh-gruppe-sn-00000006-c0a7c1a5,qr,1,dpp-section-view,Sustainability,,desktop,DE-BE,synthetic
2026-05-05,session-00414,gmh-gruppe-sn-00000006-c0a7c1a5,qr,2,dpp-section-view,Overview,,desktop,DE-BE,synthetic
2026-08-27,session-00415,gmh-gruppe-sn-00000006-c0a7c1a5,qr,1,dpp-section-view,Product Information,,mobile,DE-NW,synthetic
2026-08-27,session-00415,gmh-gruppe-sn-00000006-c0a7c1a5,qr,2,dpp-section-view,Materials,,mobile,DE-NW,synthetic
2026-08-27,session-00415,gmh-gruppe-sn-00000006-c0a7c1a5,qr,3,dpp-section-view,Traceability,,mobile,DE-NW,synthetic
2026-08-27,session-00415,gmh-gruppe-sn-00000006-c0a7c1a5,qr,4,dpp-section-view,Overview,,mobile,DE-NW,synthetic
2026-08-27,session-00415,gmh-gruppe-sn-00000006-c0a7c1a5,qr,5,dpp-section-view,Sustainability,,mobile,DE-NW,synthetic
2026-08-27,session-00415,gmh-gruppe-sn-00000006-c0a7c1a5,qr,6,dpp-section-view,Documents,,mobile,DE-NW,synthetic
2026-08-27,session-00415,gmh-gruppe-sn-00000006-c0a7c1a5,qr,7,dpp-document-open,Documents,Technical Datasheet.pdf,mobile,DE-NW,synthetic
2026-06-14,session-00416,mannstaedt-demo-003,web,1,dpp-section-view,Overview,,mobile,NL-NH,synthetic
2026-07-03,session-00417,gmh-gruppe-sn-00000006-c0a7c1a5,web,1,dpp-section-view,Overview,,desktop,BE-VLG,synthetic
2026-09-07,session-00418,gmh-gruppe-sn-00000006-c0a7c1a5,web,1,dpp-section-view,Overview,,desktop,DE-BE,synthetic
2026-09-07,session-00418,gmh-gruppe-sn-00000006-c0a7c1a5,web,2,dpp-section-view,Documents,,desktop,DE-BE,synthetic
2026-09-07,session-00418,gmh-gruppe-sn-00000006-c0a7c1a5,web,3,dpp-document-open,Documents,Declaration of Conformity.pdf,desktop,DE-BE,synthetic
2026-08-13,session-00419,mannstaedt-demo-002,qr,1,dpp-section-view,Overview,,mobile,DE-NW,synthetic
2026-08-13,session-00419,mannstaedt-demo-002,qr,2,dpp-document-open,Documents,Declaration of Conformity.pdf,mobile,DE-NW,synthetic
2026-08-13,session-00419,mannstaedt-demo-002,qr,3,dpp-document-open,Documents,Material Certificate.pdf,mobile,DE-NW,synthetic
2026-08-13,session-00419,mannstaedt-demo-002,qr,4,dpp-document-open,Documents,Declaration of Conformity.pdf,mobile,DE-NW,synthetic
2026-08-08,session-00420,gmh-gruppe-sn-00000006-c0a7c1a5,qr,1,dpp-section-view,Overview,,desktop,NL-NH,synthetic
2026-08-08,session-00420,gmh-gruppe-sn-00000006-c0a7c1a5,qr,2,dpp-section-view,Documents,,desktop,NL-NH,synthetic
2026-06-03,session-00421,gmh-gruppe-sn-00000006-c0a7c1a5,qr,1,dpp-section-view,Overview,,desktop,NL-NH,synthetic
2026-06-03,session-00421,gmh-gruppe-sn-00000006-c0a7c1a5,qr,2,dpp-section-view,Sustainability,,desktop,NL-NH,synthetic
2026-06-03,session-00421,gmh-gruppe-sn-00000006-c0a7c1a5,qr,3,dpp-section-view,Traceability,,desktop,NL-NH,synthetic
2026-06-23,session-00422,mannstaedt-demo-002,web,1,dpp-section-view,Overview,,desktop,DE-BY,synthetic
2026-06-23,session-00422,mannstaedt-demo-002,web,2,dpp-document-open,Documents,Sustainability Certificate.pdf,desktop,DE-BY,synthetic
2026-06-23,session-00422,mannstaedt-demo-002,web,3,dpp-document-open,Documents,Declaration of Conformity.pdf,desktop,DE-BY,synthetic
2026-06-19,session-00423,mannstaedt-demo-002,web,1,dpp-section-view,Overview,,mobile,NL-NH,synthetic
2026-06-19,session-00423,mannstaedt-demo-002,web,2,dpp-section-view,Documents,,mobile,NL-NH,synthetic
2026-06-19,session-00423,mannstaedt-demo-002,web,3,dpp-section-view,Materials,,mobile,NL-NH,synthetic
2026-07-25,session-00424,gmh-gruppe-sn-00000006-c0a7c1a5,qr,1,dpp-section-view,Sustainability,,desktop,NL-NH,synthetic
2026-07-25,session-00424,gmh-gruppe-sn-00000006-c0a7c1a5,qr,2,dpp-section-view,Overview,,desktop,NL-NH,synthetic
2026-07-25,session-00424,gmh-gruppe-sn-00000006-c0a7c1a5,qr,3,dpp-section-view,Documents,,desktop,NL-NH,synthetic
2026-07-25,session-00424,gmh-gruppe-sn-00000006-c0a7c1a5,qr,4,dpp-document-open,Documents,Material Certificate.pdf,desktop,NL-NH,synthetic
2026-07-25,session-00424,gmh-gruppe-sn-00000006-c0a7c1a5,qr,5,dpp-document-open,Documents,Technical Datasheet.pdf,desktop,NL-NH,synthetic
2026-07-25,session-00424,gmh-gruppe-sn-00000006-c0a7c1a5,qr,6,dpp-document-open,Documents,Sustainability Certificate.pdf,desktop,NL-NH,synthetic
2026-07-12,session-00425,mannstaedt-demo-003,web,1,dpp-section-view,Overview,,desktop,DE-BE,synthetic
2026-07-12,session-00425,mannstaedt-demo-003,web,2,dpp-section-view,Product Information,,desktop,DE-BE,synthetic
2026-07-12,session-00425,mannstaedt-demo-003,web,3,dpp-section-view,Sustainability,,desktop,DE-BE,synthetic
2026-07-04,session-00426,mannstaedt-demo-003,web,1,dpp-section-view,Product Information,,mobile,BE-VLG,synthetic
2026-07-04,session-00426,mannstaedt-demo-003,web,2,dpp-section-view,Traceability,,mobile,BE-VLG,synthetic
2026-07-04,session-00426,mannstaedt-demo-003,web,3,dpp-section-view,Overview,,mobile,BE-VLG,synthetic
2026-08-31,session-00427,gmh-gruppe-sn-00000006-c0a7c1a5,qr,1,dpp-section-view,Overview,,mobile,BE-VLG,synthetic
2026-08-31,session-00427,gmh-gruppe-sn-00000006-c0a7c1a5,qr,2,dpp-section-view,Documents,,mobile,BE-VLG,synthetic
2026-08-31,session-00427,gmh-gruppe-sn-00000006-c0a7c1a5,qr,3,dpp-section-view,Traceability,,mobile,BE-VLG,synthetic
2026-09-07,session-00428,gmh-gruppe-sn-00000006-c0a7c1a5,web,1,dpp-section-view,Overview,,mobile,DE-BY,synthetic
2026-07-07,session-00429,gmh-gruppe-sn-00000006-c0a7c1a5,qr,1,dpp-section-view,Overview,,desktop,BE-VLG,synthetic
2026-07-07,session-00429,gmh-gruppe-sn-00000006-c0a7c1a5,qr,2,dpp-section-view,Traceability,,desktop,BE-VLG,synthetic
2026-07-07,session-00429,gmh-gruppe-sn-00000006-c0a7c1a5,qr,3,dpp-section-view,Product Information,,desktop,BE-VLG,synthetic
2026-07-07,session-00429,gmh-gruppe-sn-00000006-c0a7c1a5,qr,4,dpp-section-view,Sustainability,,desktop,BE-VLG,synthetic
2026-07-07,session-00429,gmh-gruppe-sn-00000006-c0a7c1a5,qr,5,dpp-section-view,Materials,,desktop,BE-VLG,synthetic
2026-07-07,session-00429,gmh-gruppe-sn-00000006-c0a7c1a5,qr,6,dpp-document-open,Documents,Sustainability Certificate.pdf,desktop,BE-VLG,synthetic
2026-07-07,session-00429,gmh-gruppe-sn-00000006-c0a7c1a5,qr,7,dpp-document-open,Documents,Technical Datasheet.pdf,desktop,BE-VLG,synthetic
2026-07-11,session-00430,gmh-gruppe-sn-00000006-c0a7c1a5,qr,1,dpp-section-view,Overview,,tablet,DE-NW,synthetic
2026-07-11,session-00430,gmh-gruppe-sn-00000006-c0a7c1a5,qr,2,dpp-section-view,Materials,,tablet,DE-NW,synthetic
2026-07-21,session-00431,gmh-gruppe-sn-00000006-c0a7c1a5,web,1,dpp-section-view,Overview,,mobile,DE-NW,synthetic
2026-07-21,session-00431,gmh-gruppe-sn-00000006-c0a7c1a5,web,2,dpp-section-view,Documents,,mobile,DE-NW,synthetic
2026-07-21,session-00431,gmh-gruppe-sn-00000006-c0a7c1a5,web,3,dpp-document-open,Documents,Material Certificate.pdf,mobile,DE-NW,synthetic
2026-07-21,session-00431,gmh-gruppe-sn-00000006-c0a7c1a5,web,4,dpp-document-open,Documents,Material Certificate.pdf,mobile,DE-NW,synthetic
2026-07-21,session-00431,gmh-gruppe-sn-00000006-c0a7c1a5,web,5,dpp-document-open,Documents,Material Certificate.pdf,mobile,DE-NW,synthetic
2026-08-24,session-00432,mannstaedt-demo-002,qr,1,dpp-section-view,Overview,,mobile,DE-BE,synthetic
2026-08-24,session-00432,mannstaedt-demo-002,qr,2,dpp-section-view,Sustainability,,mobile,DE-BE,synthetic
2026-05-04,session-00433,gmh-gruppe-sn-00000006-c0a7c1a5,qr,1,dpp-section-view,Overview,,desktop,BE-VLG,synthetic
2026-05-04,session-00433,gmh-gruppe-sn-00000006-c0a7c1a5,qr,2,dpp-section-view,Documents,,desktop,BE-VLG,synthetic
2026-05-11,session-00434,mannstaedt-demo-002,web,1,dpp-section-view,Overview,,tablet,DE-BY,synthetic
2026-05-11,session-00434,mannstaedt-demo-002,web,2,dpp-section-view,Materials,,tablet,DE-BY,synthetic
2026-05-11,session-00434,mannstaedt-demo-002,web,3,dpp-document-open,Documents,Declaration of Conformity.pdf,tablet,DE-BY,synthetic
2026-05-11,session-00434,mannstaedt-demo-002,web,4,dpp-document-open,Documents,Technical Datasheet.pdf,tablet,DE-BY,synthetic
2026-05-11,session-00434,mannstaedt-demo-002,web,5,dpp-document-open,Documents,Sustainability Certificate.pdf,tablet,DE-BY,synthetic
2026-07-25,session-00435,mannstaedt-demo-003,qr,1,dpp-section-view,Materials,,mobile,DE-BY,synthetic
2026-07-25,session-00435,mannstaedt-demo-003,qr,2,dpp-section-view,Documents,,mobile,DE-BY,synthetic
2026-07-25,session-00435,mannstaedt-demo-003,qr,3,dpp-section-view,Overview,,mobile,DE-BY,synthetic
2026-07-25,session-00435,mannstaedt-demo-003,qr,4,dpp-section-view,Traceability,,mobile,DE-BY,synthetic
2026-07-29,session-00436,gmh-gruppe-sn-00000006-c0a7c1a5,web,1,dpp-section-view,Product Information,,desktop,DE-BY,synthetic
2026-07-29,session-00436,gmh-gruppe-sn-00000006-c0a7c1a5,web,2,dpp-section-view,Overview,,desktop,DE-BY,synthetic
2026-07-01,session-00437,mannstaedt-demo-002,qr,1,dpp-section-view,Overview,,mobile,DE-BY,synthetic
2026-05-23,session-00438,mannstaedt-demo-002,qr,1,dpp-section-view,Overview,,desktop,DE-BY,synthetic
2026-05-23,session-00438,mannstaedt-demo-002,qr,2,dpp-section-view,Documents,,desktop,DE-BY,synthetic
2026-07-01,session-00439,gmh-gruppe-sn-00000006-c0a7c1a5,qr,1,dpp-section-view,Overview,,mobile,DE-BY,synthetic
2026-07-01,session-00439,gmh-gruppe-sn-00000006-c0a7c1a5,qr,2,dpp-section-view,Sustainability,,mobile,DE-BY,synthetic
2026-07-01,session-00439,gmh-gruppe-sn-00000006-c0a7c1a5,qr,3,dpp-section-view,Documents,,mobile,DE-BY,synthetic
2026-07-07,session-00440,gmh-gruppe-sn-00000006-c0a7c1a5,web,1,dpp-section-view,Overview,,mobile,DE-BE,synthetic
2026-07-07,session-00440,gmh-gruppe-sn-00000006-c0a7c1a5,web,2,dpp-section-view,Sustainability,,mobile,DE-BE,synthetic
2026-07-07,session-00440,gmh-gruppe-sn-00000006-c0a7c1a5,web,3,dpp-section-view,Documents,,mobile,DE-BE,synthetic
2026-07-07,session-00440,gmh-gruppe-sn-00000006-c0a7c1a5,web,4,dpp-section-view,Product Information,,mobile,DE-BE,synthetic
2026-07-07,session-00440,gmh-gruppe-sn-00000006-c0a7c1a5,web,5,dpp-document-open,Documents,Sustainability Certificate.pdf,mobile,DE-BE,synthetic
2026-07-24,session-00441,gmh-gruppe-sn-00000006-c0a7c1a5,web,1,dpp-section-view,Overview,,desktop,DE-NW,synthetic
2026-07-24,session-00441,gmh-gruppe-sn-00000006-c0a7c1a5,web,2,dpp-document-open,Documents,Material Certificate.pdf,desktop,DE-NW,synthetic
2026-07-24,session-00441,gmh-gruppe-sn-00000006-c0a7c1a5,web,3,dpp-document-open,Documents,Material Certificate.pdf,desktop,DE-NW,synthetic
2026-07-24,session-00441,gmh-gruppe-sn-00000006-c0a7c1a5,web,4,dpp-document-open,Documents,Sustainability Certificate.pdf,desktop,DE-NW,synthetic
2026-07-06,session-00442,gmh-gruppe-sn-00000006-c0a7c1a5,qr,1,dpp-section-view,Materials,,desktop,DE-BE,synthetic
2026-07-06,session-00442,gmh-gruppe-sn-00000006-c0a7c1a5,qr,2,dpp-section-view,Overview,,desktop,DE-BE,synthetic
2026-07-06,session-00442,gmh-gruppe-sn-00000006-c0a7c1a5,qr,3,dpp-document-open,Documents,Declaration of Conformity.pdf,desktop,DE-BE,synthetic
2026-07-06,session-00442,gmh-gruppe-sn-00000006-c0a7c1a5,qr,4,dpp-document-open,Documents,Material Certificate.pdf,desktop,DE-BE,synthetic
2026-06-07,session-00443,mannstaedt-demo-002,qr,1,dpp-section-view,Traceability,,mobile,DE-NW,synthetic
2026-06-07,session-00443,mannstaedt-demo-002,qr,2,dpp-section-view,Documents,,mobile,DE-NW,synthetic
2026-06-07,session-00443,mannstaedt-demo-002,qr,3,dpp-section-view,Sustainability,,mobile,DE-NW,synthetic
2026-06-07,session-00443,mannstaedt-demo-002,qr,4,dpp-section-view,Overview,,mobile,DE-NW,synthetic
2026-06-07,session-00443,mannstaedt-demo-002,qr,5,dpp-document-open,Documents,Declaration of Conformity.pdf,mobile,DE-NW,synthetic
2026-06-07,session-00443,mannstaedt-demo-002,qr,6,dpp-document-open,Documents,Technical Datasheet.pdf,mobile,DE-NW,synthetic
2026-05-06,session-00444,gmh-gruppe-sn-00000006-c0a7c1a5,qr,1,dpp-section-view,Traceability,,mobile,NL-NH,synthetic
2026-05-06,session-00444,gmh-gruppe-sn-00000006-c0a7c1a5,qr,2,dpp-section-view,Overview,,mobile,NL-NH,synthetic
2026-05-06,session-00444,gmh-gruppe-sn-00000006-c0a7c1a5,qr,3,dpp-section-view,Documents,,mobile,NL-NH,synthetic
2026-08-27,session-00445,gmh-gruppe-sn-00000006-c0a7c1a5,web,1,dpp-section-view,Overview,,mobile,BE-VLG,synthetic
2026-08-27,session-00445,gmh-gruppe-sn-00000006-c0a7c1a5,web,2,dpp-document-open,Documents,Technical Datasheet.pdf,mobile,BE-VLG,synthetic
2026-08-27,session-00445,gmh-gruppe-sn-00000006-c0a7c1a5,web,3,dpp-document-open,Documents,Material Certificate.pdf,mobile,BE-VLG,synthetic
2026-07-31,session-00446,gmh-gruppe-sn-00000006-c0a7c1a5,qr,1,dpp-section-view,Overview,,desktop,BE-VLG,synthetic
2026-07-31,session-00446,gmh-gruppe-sn-00000006-c0a7c1a5,qr,2,dpp-document-open,Documents,Material Certificate.pdf,desktop,BE-VLG,synthetic
2026-07-31,session-00446,gmh-gruppe-sn-00000006-c0a7c1a5,qr,3,dpp-document-open,Documents,Technical Datasheet.pdf,desktop,BE-VLG,synthetic
2026-07-25,session-00447,gmh-gruppe-sn-00000006-c0a7c1a5,web,1,dpp-section-view,Overview,,desktop,DE-NW,synthetic
2026-08-26,session-00448,mannstaedt-demo-002,web,1,dpp-section-view,Materials,,mobile,BE-VLG,synthetic
2026-08-26,session-00448,mannstaedt-demo-002,web,2,dpp-section-view,Documents,,mobile,BE-VLG,synthetic
2026-08-26,session-00448,mannstaedt-demo-002,web,3,dpp-section-view,Overview,,mobile,BE-VLG,synthetic
2026-05-31,session-00449,gmh-gruppe-sn-00000006-c0a7c1a5,qr,1,dpp-section-view,Product Information,,mobile,DE-NW,synthetic
2026-05-31,session-00449,gmh-gruppe-sn-00000006-c0a7c1a5,qr,2,dpp-section-view,Overview,,mobile,DE-NW,synthetic
2026-05-31,session-00449,gmh-gruppe-sn-00000006-c0a7c1a5,qr,3,dpp-section-view,Materials,,mobile,DE-NW,synthetic
2026-05-31,session-00449,gmh-gruppe-sn-00000006-c0a7c1a5,qr,4,dpp-section-view,Sustainability,,mobile,DE-NW,synthetic
2026-05-31,session-00449,gmh-gruppe-sn-00000006-c0a7c1a5,qr,5,dpp-document-open,Documents,Technical Datasheet.pdf,mobile,DE-NW,synthetic
2026-09-07,session-00450,mannstaedt-demo-002,qr,1,dpp-section-view,Overview,,mobile,DE-BE,synthetic
2026-09-07,session-00450,mannstaedt-demo-002,qr,2,dpp-section-view,Sustainability,,mobile,DE-BE,synthetic
2026-09-07,session-00450,mannstaedt-demo-002,qr,3,dpp-section-view,Materials,,mobile,DE-BE,synthetic
2026-08-12,session-00451,gmh-gruppe-sn-00000006-c0a7c1a5,qr,1,dpp-section-view,Overview,,mobile,DE-BE,synthetic
2026-08-12,session-00451,gmh-gruppe-sn-00000006-c0a7c1a5,qr,2,dpp-section-view,Documents,,mobile,DE-BE,synthetic
2026-08-12,session-00451,gmh-gruppe-sn-00000006-c0a7c1a5,qr,3,dpp-section-view,Product Information,,mobile,DE-BE,synthetic
2026-08-12,session-00451,gmh-gruppe-sn-00000006-c0a7c1a5,qr,4,dpp-document-open,Documents,Sustainability Certificate.pdf,mobile,DE-BE,synthetic
2026-08-12,session-00451,gmh-gruppe-sn-00000006-c0a7c1a5,qr,5,dpp-document-open,Documents,Technical Datasheet.pdf,mobile,DE-BE,synthetic
2026-06-26,session-00452,gmh-gruppe-sn-00000006-c0a7c1a5,qr,1,dpp-section-view,Sustainability,,mobile,BE-VLG,synthetic
2026-06-26,session-00452,gmh-gruppe-sn-00000006-c0a7c1a5,qr,2,dpp-section-view,Traceability,,mobile,BE-VLG,synthetic
2026-06-26,session-00452,gmh-gruppe-sn-00000006-c0a7c1a5,qr,3,dpp-section-view,Overview,,mobile,BE-VLG,synthetic
2026-06-26,session-00452,gmh-gruppe-sn-00000006-c0a7c1a5,qr,4,dpp-section-view,Product Information,,mobile,BE-VLG,synthetic
2026-06-26,session-00452,gmh-gruppe-sn-00000006-c0a7c1a5,qr,5,dpp-section-view,Documents,,mobile,BE-VLG,synthetic
2026-06-26,session-00452,gmh-gruppe-sn-00000006-c0a7c1a5,qr,6,dpp-section-view,Materials,,mobile,BE-VLG,synthetic
2026-06-26,session-00452,gmh-gruppe-sn-00000006-c0a7c1a5,qr,7,dpp-document-open,Documents,Material Certificate.pdf,mobile,BE-VLG,synthetic
2026-07-27,session-00453,gmh-gruppe-sn-00000006-c0a7c1a5,qr,1,dpp-section-view,Overview,,mobile,NL-NH,synthetic
2026-07-27,session-00453,gmh-gruppe-sn-00000006-c0a7c1a5,qr,2,dpp-section-view,Documents,,mobile,NL-NH,synthetic
2026-07-27,session-00453,gmh-gruppe-sn-00000006-c0a7c1a5,qr,3,dpp-section-view,Product Information,,mobile,NL-NH,synthetic
2026-07-27,session-00453,gmh-gruppe-sn-00000006-c0a7c1a5,qr,4,dpp-document-open,Documents,Sustainability Certificate.pdf,mobile,NL-NH,synthetic
2026-07-27,session-00453,gmh-gruppe-sn-00000006-c0a7c1a5,qr,5,dpp-document-open,Documents,Technical Datasheet.pdf,mobile,NL-NH,synthetic
2026-07-27,session-00453,gmh-gruppe-sn-00000006-c0a7c1a5,qr,6,dpp-document-open,Documents,Technical Datasheet.pdf,mobile,NL-NH,synthetic
2026-05-07,session-00454,gmh-gruppe-sn-00000006-c0a7c1a5,qr,1,dpp-section-view,Overview,,tablet,NL-NH,synthetic
2026-05-07,session-00454,gmh-gruppe-sn-00000006-c0a7c1a5,qr,2,dpp-section-view,Traceability,,tablet,NL-NH,synthetic
2026-05-07,session-00454,gmh-gruppe-sn-00000006-c0a7c1a5,qr,3,dpp-section-view,Sustainability,,tablet,NL-NH,synthetic
2026-05-07,session-00454,gmh-gruppe-sn-00000006-c0a7c1a5,qr,4,dpp-section-view,Documents,,tablet,NL-NH,synthetic
2026-07-04,session-00455,mannstaedt-demo-002,qr,1,dpp-section-view,Overview,,mobile,DE-BY,synthetic
2026-06-02,session-00456,mannstaedt-demo-002,web,1,dpp-section-view,Overview,,desktop,DE-NW,synthetic
2026-06-02,session-00456,mannstaedt-demo-002,web,2,dpp-section-view,Traceability,,desktop,DE-NW,synthetic
2026-06-05,session-00457,gmh-gruppe-sn-00000006-c0a7c1a5,qr,1,dpp-section-view,Overview,,desktop,DE-NW,synthetic
2026-06-05,session-00457,gmh-gruppe-sn-00000006-c0a7c1a5,qr,2,dpp-section-view,Sustainability,,desktop,DE-NW,synthetic
2026-06-05,session-00457,gmh-gruppe-sn-00000006-c0a7c1a5,qr,3,dpp-section-view,Materials,,desktop,DE-NW,synthetic
2026-06-05,session-00457,gmh-gruppe-sn-00000006-c0a7c1a5,qr,4,dpp-document-open,Documents,Declaration of Conformity.pdf,desktop,DE-NW,synthetic
2026-06-05,session-00457,gmh-gruppe-sn-00000006-c0a7c1a5,qr,5,dpp-document-open,Documents,Material Certificate.pdf,desktop,DE-NW,synthetic
2026-06-05,session-00457,gmh-gruppe-sn-00000006-c0a7c1a5,qr,6,dpp-document-open,Documents,Sustainability Certificate.pdf,desktop,DE-NW,synthetic
2026-07-16,session-00458,mannstaedt-demo-002,web,1,dpp-section-view,Overview,,mobile,DE-NW,synthetic
2026-07-16,session-00458,mannstaedt-demo-002,web,2,dpp-section-view,Documents,,mobile,DE-NW,synthetic
2026-07-16,session-00458,mannstaedt-demo-002,web,3,dpp-section-view,Sustainability,,mobile,DE-NW,synthetic
2026-07-16,session-00458,mannstaedt-demo-002,web,4,dpp-section-view,Product Information,,mobile,DE-NW,synthetic
2026-07-16,session-00458,mannstaedt-demo-002,web,5,dpp-section-view,Materials,,mobile,DE-NW,synthetic
2026-07-16,session-00458,mannstaedt-demo-002,web,6,dpp-section-view,Traceability,,mobile,DE-NW,synthetic
2026-07-16,session-00458,mannstaedt-demo-002,web,7,dpp-document-open,Documents,Technical Datasheet.pdf,mobile,DE-NW,synthetic
2026-07-16,session-00458,mannstaedt-demo-002,web,8,dpp-document-open,Documents,Declaration of Conformity.pdf,mobile,DE-NW,synthetic
2026-07-16,session-00458,mannstaedt-demo-002,web,9,dpp-document-open,Documents,Sustainability Certificate.pdf,mobile,DE-NW,synthetic
2026-08-03,session-00459,gmh-gruppe-sn-00000006-c0a7c1a5,qr,1,dpp-section-view,Materials,,desktop,DE-NW,synthetic
2026-08-03,session-00459,gmh-gruppe-sn-00000006-c0a7c1a5,qr,2,dpp-section-view,Product Information,,desktop,DE-NW,synthetic
2026-08-03,session-00459,gmh-gruppe-sn-00000006-c0a7c1a5,qr,3,dpp-section-view,Traceability,,desktop,DE-NW,synthetic
2026-08-03,session-00459,gmh-gruppe-sn-00000006-c0a7c1a5,qr,4,dpp-section-view,Overview,,desktop,DE-NW,synthetic
2026-08-03,session-00459,gmh-gruppe-sn-00000006-c0a7c1a5,qr,5,dpp-section-view,Documents,,desktop,DE-NW,synthetic
2026-08-03,session-00459,gmh-gruppe-sn-00000006-c0a7c1a5,qr,6,dpp-section-view,Sustainability,,desktop,DE-NW,synthetic
2026-08-03,session-00459,gmh-gruppe-sn-00000006-c0a7c1a5,qr,7,dpp-document-open,Documents,Sustainability Certificate.pdf,desktop,DE-NW,synthetic
2026-08-03,session-00459,gmh-gruppe-sn-00000006-c0a7c1a5,qr,8,dpp-document-open,Documents,Material Certificate.pdf,desktop,DE-NW,synthetic
2026-08-03,session-00459,gmh-gruppe-sn-00000006-c0a7c1a5,qr,9,dpp-document-open,Documents,Technical Datasheet.pdf,desktop,DE-NW,synthetic
2026-08-30,session-00460,mannstaedt-demo-003,qr,1,dpp-section-view,Overview,,desktop,BE-VLG,synthetic
2026-08-30,session-00460,mannstaedt-demo-003,qr,2,dpp-section-view,Materials,,desktop,BE-VLG,synthetic
2026-08-30,session-00460,mannstaedt-demo-003,qr,3,dpp-section-view,Product Information,,desktop,BE-VLG,synthetic
2026-08-30,session-00460,mannstaedt-demo-003,qr,4,dpp-document-open,Documents,Declaration of Conformity.pdf,desktop,BE-VLG,synthetic
2026-08-30,session-00460,mannstaedt-demo-003,qr,5,dpp-document-open,Documents,Technical Datasheet.pdf,desktop,BE-VLG,synthetic
2026-05-18,session-00461,gmh-gruppe-sn-00000006-c0a7c1a5,qr,1,dpp-section-view,Overview,,desktop,NL-NH,synthetic
2026-05-18,session-00461,gmh-gruppe-sn-00000006-c0a7c1a5,qr,2,dpp-section-view,Product Information,,desktop,NL-NH,synthetic
2026-05-18,session-00461,gmh-gruppe-sn-00000006-c0a7c1a5,qr,3,dpp-section-view,Sustainability,,desktop,NL-NH,synthetic
2026-07-06,session-00462,gmh-gruppe-sn-00000006-c0a7c1a5,qr,1,dpp-section-view,Traceability,,desktop,DE-NW,synthetic
2026-07-06,session-00462,gmh-gruppe-sn-00000006-c0a7c1a5,qr,2,dpp-section-view,Overview,,desktop,DE-NW,synthetic
2026-07-06,session-00462,gmh-gruppe-sn-00000006-c0a7c1a5,qr,3,dpp-section-view,Product Information,,desktop,DE-NW,synthetic
2026-07-06,session-00462,gmh-gruppe-sn-00000006-c0a7c1a5,qr,4,dpp-document-open,Documents,Sustainability Certificate.pdf,desktop,DE-NW,synthetic
2026-05-09,session-00463,gmh-gruppe-sn-00000006-c0a7c1a5,qr,1,dpp-section-view,Overview,,desktop,NL-NH,synthetic
2026-07-14,session-00464,gmh-gruppe-sn-00000006-c0a7c1a5,web,1,dpp-section-view,Overview,,desktop,BE-VLG,synthetic
2026-07-14,session-00464,gmh-gruppe-sn-00000006-c0a7c1a5,web,2,dpp-section-view,Traceability,,desktop,BE-VLG,synthetic
2026-07-14,session-00464,gmh-gruppe-sn-00000006-c0a7c1a5,web,3,dpp-document-open,Documents,Material Certificate.pdf,desktop,BE-VLG,synthetic
2026-07-14,session-00464,gmh-gruppe-sn-00000006-c0a7c1a5,web,4,dpp-document-open,Documents,Material Certificate.pdf,desktop,BE-VLG,synthetic
2026-06-24,session-00465,gmh-gruppe-sn-00000006-c0a7c1a5,web,1,dpp-section-view,Documents,,mobile,DE-NW,synthetic
2026-06-24,session-00465,gmh-gruppe-sn-00000006-c0a7c1a5,web,2,dpp-section-view,Traceability,,mobile,DE-NW,synthetic
2026-06-24,session-00465,gmh-gruppe-sn-00000006-c0a7c1a5,web,3,dpp-section-view,Overview,,mobile,DE-NW,synthetic
2026-05-14,session-00466,mannstaedt-demo-003,qr,1,dpp-section-view,Overview,,mobile,BE-VLG,synthetic
2026-05-14,session-00466,mannstaedt-demo-003,qr,2,dpp-section-view,Sustainability,,mobile,BE-VLG,synthetic
2026-05-14,session-00466,mannstaedt-demo-003,qr,3,dpp-document-open,Documents,Technical Datasheet.pdf,mobile,BE-VLG,synthetic
2026-05-14,session-00466,mannstaedt-demo-003,qr,4,dpp-document-open,Documents,Material Certificate.pdf,mobile,BE-VLG,synthetic
2026-05-05,session-00467,gmh-gruppe-sn-00000006-c0a7c1a5,qr,1,dpp-section-view,Materials,,desktop,NL-NH,synthetic
2026-05-05,session-00467,gmh-gruppe-sn-00000006-c0a7c1a5,qr,2,dpp-section-view,Overview,,desktop,NL-NH,synthetic
2026-06-14,session-00468,gmh-gruppe-sn-00000006-c0a7c1a5,web,1,dpp-section-view,Overview,,desktop,NL-NH,synthetic
2026-06-14,session-00468,gmh-gruppe-sn-00000006-c0a7c1a5,web,2,dpp-section-view,Traceability,,desktop,NL-NH,synthetic
2026-06-14,session-00468,gmh-gruppe-sn-00000006-c0a7c1a5,web,3,dpp-section-view,Product Information,,desktop,NL-NH,synthetic
2026-08-12,session-00469,gmh-gruppe-sn-00000006-c0a7c1a5,qr,1,dpp-section-view,Overview,,mobile,BE-VLG,synthetic
2026-08-12,session-00469,gmh-gruppe-sn-00000006-c0a7c1a5,qr,2,dpp-section-view,Documents,,mobile,BE-VLG,synthetic
2026-08-12,session-00469,gmh-gruppe-sn-00000006-c0a7c1a5,qr,3,dpp-section-view,Product Information,,mobile,BE-VLG,synthetic
2026-08-12,session-00469,gmh-gruppe-sn-00000006-c0a7c1a5,qr,4,dpp-section-view,Materials,,mobile,BE-VLG,synthetic
2026-08-12,session-00469,gmh-gruppe-sn-00000006-c0a7c1a5,qr,5,dpp-section-view,Sustainability,,mobile,BE-VLG,synthetic
2026-08-12,session-00469,gmh-gruppe-sn-00000006-c0a7c1a5,qr,6,dpp-document-open,Documents,Material Certificate.pdf,mobile,BE-VLG,synthetic
2026-08-12,session-00469,gmh-gruppe-sn-00000006-c0a7c1a5,qr,7,dpp-document-open,Documents,Declaration of Conformity.pdf,mobile,BE-VLG,synthetic
2026-08-12,session-00469,gmh-gruppe-sn-00000006-c0a7c1a5,qr,8,dpp-document-open,Documents,Declaration of Conformity.pdf,mobile,BE-VLG,synthetic
2026-06-08,session-00470,gmh-gruppe-sn-00000006-c0a7c1a5,qr,1,dpp-section-view,Overview,,desktop,DE-BE,synthetic
2026-06-08,session-00470,gmh-gruppe-sn-00000006-c0a7c1a5,qr,2,dpp-section-view,Sustainability,,desktop,DE-BE,synthetic
2026-06-08,session-00470,gmh-gruppe-sn-00000006-c0a7c1a5,qr,3,dpp-section-view,Product Information,,desktop,DE-BE,synthetic
2026-06-08,session-00470,gmh-gruppe-sn-00000006-c0a7c1a5,qr,4,dpp-section-view,Documents,,desktop,DE-BE,synthetic
2026-06-08,session-00470,gmh-gruppe-sn-00000006-c0a7c1a5,qr,5,dpp-document-open,Documents,Material Certificate.pdf,desktop,DE-BE,synthetic
2026-06-24,session-00471,gmh-gruppe-sn-00000006-c0a7c1a5,qr,1,dpp-section-view,Documents,,desktop,DE-BE,synthetic
2026-06-24,session-00471,gmh-gruppe-sn-00000006-c0a7c1a5,qr,2,dpp-section-view,Overview,,desktop,DE-BE,synthetic
2026-08-01,session-00472,gmh-gruppe-sn-00000006-c0a7c1a5,qr,1,dpp-section-view,Sustainability,,mobile,BE-VLG,synthetic
2026-08-01,session-00472,gmh-gruppe-sn-00000006-c0a7c1a5,qr,2,dpp-section-view,Materials,,mobile,BE-VLG,synthetic
2026-08-01,session-00472,gmh-gruppe-sn-00000006-c0a7c1a5,qr,3,dpp-section-view,Documents,,mobile,BE-VLG,synthetic
2026-08-01,session-00472,gmh-gruppe-sn-00000006-c0a7c1a5,qr,4,dpp-section-view,Traceability,,mobile,BE-VLG,synthetic
2026-08-01,session-00472,gmh-gruppe-sn-00000006-c0a7c1a5,qr,5,dpp-section-view,Overview,,mobile,BE-VLG,synthetic
2026-08-01,session-00472,gmh-gruppe-sn-00000006-c0a7c1a5,qr,6,dpp-document-open,Documents,Sustainability Certificate.pdf,mobile,BE-VLG,synthetic
2026-08-01,session-00472,gmh-gruppe-sn-00000006-c0a7c1a5,qr,7,dpp-document-open,Documents,Technical Datasheet.pdf,mobile,BE-VLG,synthetic
2026-05-18,session-00473,mannstaedt-demo-002,web,1,dpp-section-view,Overview,,desktop,DE-NW,synthetic
2026-05-18,session-00473,mannstaedt-demo-002,web,2,dpp-document-open,Documents,Declaration of Conformity.pdf,desktop,DE-NW,synthetic
2026-07-08,session-00474,gmh-gruppe-sn-00000006-c0a7c1a5,qr,1,dpp-section-view,Product Information,,mobile,DE-BE,synthetic
2026-07-08,session-00474,gmh-gruppe-sn-00000006-c0a7c1a5,qr,2,dpp-section-view,Documents,,mobile,DE-BE,synthetic
2026-07-08,session-00474,gmh-gruppe-sn-00000006-c0a7c1a5,qr,3,dpp-section-view,Traceability,,mobile,DE-BE,synthetic
2026-07-08,session-00474,gmh-gruppe-sn-00000006-c0a7c1a5,qr,4,dpp-section-view,Materials,,mobile,DE-BE,synthetic
2026-07-08,session-00474,gmh-gruppe-sn-00000006-c0a7c1a5,qr,5,dpp-section-view,Overview,,mobile,DE-BE,synthetic
2026-06-22,session-00475,gmh-gruppe-sn-00000006-c0a7c1a5,web,1,dpp-section-view,Overview,,mobile,DE-NW,synthetic
2026-06-22,session-00475,gmh-gruppe-sn-00000006-c0a7c1a5,web,2,dpp-section-view,Traceability,,mobile,DE-NW,synthetic
2026-05-12,session-00476,gmh-gruppe-sn-00000006-c0a7c1a5,qr,1,dpp-section-view,Overview,,mobile,DE-BE,synthetic
2026-09-01,session-00477,gmh-gruppe-sn-00000006-c0a7c1a5,qr,1,dpp-section-view,Materials,,desktop,DE-NW,synthetic
2026-09-01,session-00477,gmh-gruppe-sn-00000006-c0a7c1a5,qr,2,dpp-section-view,Sustainability,,desktop,DE-NW,synthetic
2026-09-01,session-00477,gmh-gruppe-sn-00000006-c0a7c1a5,qr,3,dpp-section-view,Traceability,,desktop,DE-NW,synthetic
2026-09-01,session-00477,gmh-gruppe-sn-00000006-c0a7c1a5,qr,4,dpp-section-view,Overview,,desktop,DE-NW,synthetic
2026-09-01,session-00477,gmh-gruppe-sn-00000006-c0a7c1a5,qr,5,dpp-section-view,Documents,,desktop,DE-NW,synthetic
2026-09-01,session-00477,gmh-gruppe-sn-00000006-c0a7c1a5,qr,6,dpp-section-view,Product Information,,desktop,DE-NW,synthetic
2026-06-15,session-00478,gmh-gruppe-sn-00000006-c0a7c1a5,web,1,dpp-section-view,Materials,,mobile,DE-NW,synthetic
2026-06-15,session-00478,gmh-gruppe-sn-00000006-c0a7c1a5,web,2,dpp-section-view,Overview,,mobile,DE-NW,synthetic
2026-06-15,session-00478,gmh-gruppe-sn-00000006-c0a7c1a5,web,3,dpp-document-open,Documents,Material Certificate.pdf,mobile,DE-NW,synthetic
2026-06-15,session-00478,gmh-gruppe-sn-00000006-c0a7c1a5,web,4,dpp-document-open,Documents,Sustainability Certificate.pdf,mobile,DE-NW,synthetic
2026-07-02,session-00479,gmh-gruppe-sn-00000006-c0a7c1a5,web,1,dpp-section-view,Product Information,,mobile,DE-BE,synthetic
2026-07-02,session-00479,gmh-gruppe-sn-00000006-c0a7c1a5,web,2,dpp-section-view,Overview,,mobile,DE-BE,synthetic
2026-07-02,session-00479,gmh-gruppe-sn-00000006-c0a7c1a5,web,3,dpp-section-view,Sustainability,,mobile,DE-BE,synthetic
2026-07-02,session-00479,gmh-gruppe-sn-00000006-c0a7c1a5,web,4,dpp-section-view,Materials,,mobile,DE-BE,synthetic
2026-06-26,session-00480,gmh-gruppe-sn-00000006-c0a7c1a5,qr,1,dpp-section-view,Overview,,mobile,DE-BY,synthetic
2026-06-26,session-00480,gmh-gruppe-sn-00000006-c0a7c1a5,qr,2,dpp-document-open,Documents,Material Certificate.pdf,mobile,DE-BY,synthetic
2026-06-26,session-00480,gmh-gruppe-sn-00000006-c0a7c1a5,qr,3,dpp-document-open,Documents,Sustainability Certificate.pdf,mobile,DE-BY,synthetic
2026-06-26,session-00480,gmh-gruppe-sn-00000006-c0a7c1a5,qr,4,dpp-document-open,Documents,Declaration of Conformity.pdf,mobile,DE-BY,synthetic
2026-08-02,session-00481,mannstaedt-demo-002,qr,1,dpp-section-view,Overview,,mobile,DE-BE,synthetic
2026-08-02,session-00481,mannstaedt-demo-002,qr,2,dpp-section-view,Documents,,mobile,DE-BE,synthetic
2026-08-02,session-00481,mannstaedt-demo-002,qr,3,dpp-section-view,Product Information,,mobile,DE-BE,synthetic
2026-08-02,session-00481,mannstaedt-demo-002,qr,4,dpp-section-view,Traceability,,mobile,DE-BE,synthetic
2026-08-02,session-00481,mannstaedt-demo-002,qr,5,dpp-document-open,Documents,Material Certificate.pdf,mobile,DE-BE,synthetic
2026-08-02,session-00481,mannstaedt-demo-002,qr,6,dpp-document-open,Documents,Sustainability Certificate.pdf,mobile,DE-BE,synthetic
2026-08-02,session-00481,mannstaedt-demo-002,qr,7,dpp-document-open,Documents,Technical Datasheet.pdf,mobile,DE-BE,synthetic
2026-08-11,session-00482,gmh-gruppe-sn-00000006-c0a7c1a5,web,1,dpp-section-view,Sustainability,,mobile,DE-NW,synthetic
2026-08-11,session-00482,gmh-gruppe-sn-00000006-c0a7c1a5,web,2,dpp-section-view,Overview,,mobile,DE-NW,synthetic
2026-08-11,session-00482,gmh-gruppe-sn-00000006-c0a7c1a5,web,3,dpp-document-open,Documents,Technical Datasheet.pdf,mobile,DE-NW,synthetic
2026-08-15,session-00483,gmh-gruppe-sn-00000006-c0a7c1a5,qr,1,dpp-section-view,Overview,,mobile,DE-NW,synthetic
2026-08-15,session-00483,gmh-gruppe-sn-00000006-c0a7c1a5,qr,2,dpp-section-view,Traceability,,mobile,DE-NW,synthetic
2026-08-15,session-00483,gmh-gruppe-sn-00000006-c0a7c1a5,qr,3,dpp-section-view,Sustainability,,mobile,DE-NW,synthetic
2026-06-25,session-00484,mannstaedt-demo-002,web,1,dpp-section-view,Overview,,desktop,DE-NW,synthetic
2026-07-07,session-00485,gmh-gruppe-sn-00000006-c0a7c1a5,web,1,dpp-section-view,Traceability,,desktop,DE-BE,synthetic
2026-07-07,session-00485,gmh-gruppe-sn-00000006-c0a7c1a5,web,2,dpp-section-view,Materials,,desktop,DE-BE,synthetic
2026-07-07,session-00485,gmh-gruppe-sn-00000006-c0a7c1a5,web,3,dpp-section-view,Overview,,desktop,DE-BE,synthetic
2026-07-07,session-00485,gmh-gruppe-sn-00000006-c0a7c1a5,web,4,dpp-section-view,Sustainability,,desktop,DE-BE,synthetic
2026-07-07,session-00485,gmh-gruppe-sn-00000006-c0a7c1a5,web,5,dpp-document-open,Documents,Declaration of Conformity.pdf,desktop,DE-BE,synthetic
2026-07-07,session-00485,gmh-gruppe-sn-00000006-c0a7c1a5,web,6,dpp-document-open,Documents,Declaration of Conformity.pdf,desktop,DE-BE,synthetic
2026-05-31,session-00486,gmh-gruppe-sn-00000006-c0a7c1a5,qr,1,dpp-section-view,Overview,,mobile,DE-BY,synthetic
2026-05-31,session-00486,gmh-gruppe-sn-00000006-c0a7c1a5,qr,2,dpp-section-view,Product Information,,mobile,DE-BY,synthetic
2026-05-31,session-00486,gmh-gruppe-sn-00000006-c0a7c1a5,qr,3,dpp-section-view,Documents,,mobile,DE-BY,synthetic
2026-06-26,session-00487,gmh-gruppe-sn-00000006-c0a7c1a5,qr,1,dpp-section-view,Overview,,desktop,DE-BE,synthetic
2026-06-26,session-00487,gmh-gruppe-sn-00000006-c0a7c1a5,qr,2,dpp-section-view,Documents,,desktop,DE-BE,synthetic
2026-06-26,session-00487,gmh-gruppe-sn-00000006-c0a7c1a5,qr,3,dpp-section-view,Sustainability,,desktop,DE-BE,synthetic
2026-05-20,session-00488,gmh-gruppe-sn-00000006-c0a7c1a5,qr,1,dpp-section-view,Traceability,,tablet,DE-BY,synthetic
2026-05-20,session-00488,gmh-gruppe-sn-00000006-c0a7c1a5,qr,2,dpp-section-view,Overview,,tablet,DE-BY,synthetic
2026-05-20,session-00488,gmh-gruppe-sn-00000006-c0a7c1a5,qr,3,dpp-section-view,Documents,,tablet,DE-BY,synthetic
2026-05-30,session-00489,gmh-gruppe-sn-00000006-c0a7c1a5,web,1,dpp-section-view,Overview,,mobile,NL-NH,synthetic
2026-05-30,session-00489,gmh-gruppe-sn-00000006-c0a7c1a5,web,2,dpp-section-view,Sustainability,,mobile,NL-NH,synthetic
2026-05-30,session-00489,gmh-gruppe-sn-00000006-c0a7c1a5,web,3,dpp-section-view,Traceability,,mobile,NL-NH,synthetic
2026-05-30,session-00489,gmh-gruppe-sn-00000006-c0a7c1a5,web,4,dpp-section-view,Product Information,,mobile,NL-NH,synthetic
2026-07-04,session-00490,gmh-gruppe-sn-00000006-c0a7c1a5,qr,1,dpp-section-view,Product Information,,desktop,DE-BY,synthetic
2026-07-04,session-00490,gmh-gruppe-sn-00000006-c0a7c1a5,qr,2,dpp-section-view,Materials,,desktop,DE-BY,synthetic
2026-07-04,session-00490,gmh-gruppe-sn-00000006-c0a7c1a5,qr,3,dpp-section-view,Documents,,desktop,DE-BY,synthetic
2026-07-04,session-00490,gmh-gruppe-sn-00000006-c0a7c1a5,qr,4,dpp-section-view,Overview,,desktop,DE-BY,synthetic
2026-07-04,session-00490,gmh-gruppe-sn-00000006-c0a7c1a5,qr,5,dpp-section-view,Traceability,,desktop,DE-BY,synthetic
2026-07-04,session-00490,gmh-gruppe-sn-00000006-c0a7c1a5,qr,6,dpp-section-view,Sustainability,,desktop,DE-BY,synthetic
2026-07-04,session-00490,gmh-gruppe-sn-00000006-c0a7c1a5,qr,7,dpp-document-open,Documents,Declaration of Conformity.pdf,desktop,DE-BY,synthetic
2026-07-04,session-00490,gmh-gruppe-sn-00000006-c0a7c1a5,qr,8,dpp-document-open,Documents,Material Certificate.pdf,desktop,DE-BY,synthetic
2026-08-03,session-00491,gmh-gruppe-sn-00000006-c0a7c1a5,web,1,dpp-section-view,Overview,,desktop,DE-BY,synthetic
2026-08-03,session-00491,gmh-gruppe-sn-00000006-c0a7c1a5,web,2,dpp-section-view,Sustainability,,desktop,DE-BY,synthetic
2026-08-21,session-00492,gmh-gruppe-sn-00000006-c0a7c1a5,web,1,dpp-section-view,Documents,,desktop,NL-NH,synthetic
2026-08-21,session-00492,gmh-gruppe-sn-00000006-c0a7c1a5,web,2,dpp-section-view,Overview,,desktop,NL-NH,synthetic
2026-08-21,session-00492,gmh-gruppe-sn-00000006-c0a7c1a5,web,3,dpp-section-view,Product Information,,desktop,NL-NH,synthetic
2026-06-19,session-00493,gmh-gruppe-sn-00000006-c0a7c1a5,qr,1,dpp-section-view,Sustainability,,tablet,DE-NW,synthetic
2026-06-19,session-00493,gmh-gruppe-sn-00000006-c0a7c1a5,qr,2,dpp-section-view,Documents,,tablet,DE-NW,synthetic
2026-06-19,session-00493,gmh-gruppe-sn-00000006-c0a7c1a5,qr,3,dpp-section-view,Traceability,,tablet,DE-NW,synthetic
2026-06-19,session-00493,gmh-gruppe-sn-00000006-c0a7c1a5,qr,4,dpp-section-view,Materials,,tablet,DE-NW,synthetic
2026-06-19,session-00493,gmh-gruppe-sn-00000006-c0a7c1a5,qr,5,dpp-section-view,Overview,,tablet,DE-NW,synthetic
2026-06-19,session-00493,gmh-gruppe-sn-00000006-c0a7c1a5,qr,6,dpp-document-open,Documents,Declaration of Conformity.pdf,tablet,DE-NW,synthetic
2026-06-19,session-00493,gmh-gruppe-sn-00000006-c0a7c1a5,qr,7,dpp-document-open,Documents,Technical Datasheet.pdf,tablet,DE-NW,synthetic
2026-06-19,session-00493,gmh-gruppe-sn-00000006-c0a7c1a5,qr,8,dpp-document-open,Documents,Declaration of Conformity.pdf,tablet,DE-NW,synthetic
2026-09-05,session-00494,gmh-gruppe-sn-00000006-c0a7c1a5,qr,1,dpp-section-view,Materials,,desktop,DE-BE,synthetic
2026-09-05,session-00494,gmh-gruppe-sn-00000006-c0a7c1a5,qr,2,dpp-section-view,Overview,,desktop,DE-BE,synthetic
2026-08-20,session-00495,gmh-gruppe-sn-00000006-c0a7c1a5,qr,1,dpp-section-view,Overview,,desktop,DE-BY,synthetic
2026-05-02,session-00496,mannstaedt-demo-003,web,1,dpp-section-view,Overview,,desktop,DE-NW,synthetic
2026-05-02,session-00496,mannstaedt-demo-003,web,2,dpp-section-view,Traceability,,desktop,DE-NW,synthetic
2026-06-11,session-00497,gmh-gruppe-sn-00000006-c0a7c1a5,web,1,dpp-section-view,Overview,,mobile,NL-NH,synthetic
2026-06-11,session-00497,gmh-gruppe-sn-00000006-c0a7c1a5,web,2,dpp-section-view,Traceability,,mobile,NL-NH,synthetic
2026-06-11,session-00497,gmh-gruppe-sn-00000006-c0a7c1a5,web,3,dpp-document-open,Documents,Declaration of Conformity.pdf,mobile,NL-NH,synthetic
2026-05-27,session-00498,mannstaedt-demo-003,qr,1,dpp-section-view,Overview,,desktop,BE-VLG,synthetic
2026-05-27,session-00498,mannstaedt-demo-003,qr,2,dpp-section-view,Documents,,desktop,BE-VLG,synthetic
2026-05-27,session-00498,mannstaedt-demo-003,qr,3,dpp-section-view,Materials,,desktop,BE-VLG,synthetic
2026-09-07,session-00499,gmh-gruppe-sn-00000006-c0a7c1a5,qr,1,dpp-section-view,Overview,,desktop,DE-BY,synthetic
2026-07-24,session-00500,gmh-gruppe-sn-00000006-c0a7c1a5,web,1,dpp-section-view,Overview,,mobile,NL-NH,synthetic
2026-07-24,session-00500,gmh-gruppe-sn-00000006-c0a7c1a5,web,2,dpp-section-view,Materials,,mobile,NL-NH,synthetic
2026-07-24,session-00500,gmh-gruppe-sn-00000006-c0a7c1a5,web,3,dpp-document-open,Documents,Material Certificate.pdf,mobile,NL-NH,synthetic
2026-06-07,session-00501,gmh-gruppe-sn-00000006-c0a7c1a5,qr,1,dpp-section-view,Materials,,mobile,DE-BE,synthetic
2026-06-07,session-00501,gmh-gruppe-sn-00000006-c0a7c1a5,qr,2,dpp-section-view,Product Information,,mobile,DE-BE,synthetic
2026-06-07,session-00501,gmh-gruppe-sn-00000006-c0a7c1a5,qr,3,dpp-section-view,Documents,,mobile,DE-BE,synthetic
2026-06-07,session-00501,gmh-gruppe-sn-00000006-c0a7c1a5,qr,4,dpp-section-view,Sustainability,,mobile,DE-BE,synthetic
2026-06-07,session-00501,gmh-gruppe-sn-00000006-c0a7c1a5,qr,5,dpp-section-view,Overview,,mobile,DE-BE,synthetic
2026-06-07,session-00501,gmh-gruppe-sn-00000006-c0a7c1a5,qr,6,dpp-section-view,Traceability,,mobile,DE-BE,synthetic
2026-07-18,session-00502,gmh-gruppe-sn-00000006-c0a7c1a5,qr,1,dpp-section-view,Overview,,desktop,BE-VLG,synthetic
2026-07-18,session-00502,gmh-gruppe-sn-00000006-c0a7c1a5,qr,2,dpp-section-view,Product Information,,desktop,BE-VLG,synthetic
2026-07-18,session-00502,gmh-gruppe-sn-00000006-c0a7c1a5,qr,3,dpp-section-view,Materials,,desktop,BE-VLG,synthetic
2026-08-19,session-00503,gmh-gruppe-sn-00000006-c0a7c1a5,web,1,dpp-section-view,Overview,,desktop,DE-BY,synthetic
2026-08-19,session-00503,gmh-gruppe-sn-00000006-c0a7c1a5,web,2,dpp-section-view,Traceability,,desktop,DE-BY,synthetic
2026-05-20,session-00504,gmh-gruppe-sn-00000006-c0a7c1a5,qr,1,dpp-section-view,Overview,,tablet,BE-VLG,synthetic
2026-05-20,session-00504,gmh-gruppe-sn-00000006-c0a7c1a5,qr,2,dpp-section-view,Product Information,,tablet,BE-VLG,synthetic
2026-05-30,session-00505,gmh-gruppe-sn-00000006-c0a7c1a5,qr,1,dpp-section-view,Overview,,mobile,DE-BE,synthetic
2026-05-30,session-00505,gmh-gruppe-sn-00000006-c0a7c1a5,qr,2,dpp-section-view,Materials,,mobile,DE-BE,synthetic
2026-05-08,session-00506,gmh-gruppe-sn-00000006-c0a7c1a5,web,1,dpp-section-view,Overview,,desktop,DE-BY,synthetic
2026-05-08,session-00506,gmh-gruppe-sn-00000006-c0a7c1a5,web,2,dpp-section-view,Materials,,desktop,DE-BY,synthetic
2026-06-05,session-00507,gmh-gruppe-sn-00000006-c0a7c1a5,qr,1,dpp-section-view,Overview,,mobile,DE-BE,synthetic
2026-06-05,session-00507,gmh-gruppe-sn-00000006-c0a7c1a5,qr,2,dpp-section-view,Traceability,,mobile,DE-BE,synthetic
2026-06-05,session-00507,gmh-gruppe-sn-00000006-c0a7c1a5,qr,3,dpp-section-view,Materials,,mobile,DE-BE,synthetic
2026-05-20,session-00508,mannstaedt-demo-003,qr,1,dpp-section-view,Sustainability,,mobile,BE-VLG,synthetic
2026-05-20,session-00508,mannstaedt-demo-003,qr,2,dpp-section-view,Materials,,mobile,BE-VLG,synthetic
2026-05-20,session-00508,mannstaedt-demo-003,qr,3,dpp-section-view,Overview,,mobile,BE-VLG,synthetic
2026-06-24,session-00509,mannstaedt-demo-002,qr,1,dpp-section-view,Overview,,mobile,BE-VLG,synthetic
2026-06-24,session-00509,mannstaedt-demo-002,qr,2,dpp-section-view,Product Information,,mobile,BE-VLG,synthetic
2026-07-23,session-00510,gmh-gruppe-sn-00000006-c0a7c1a5,web,1,dpp-section-view,Overview,,desktop,BE-VLG,synthetic
2026-07-23,session-00510,gmh-gruppe-sn-00000006-c0a7c1a5,web,2,dpp-section-view,Sustainability,,desktop,BE-VLG,synthetic
2026-05-22,session-00511,gmh-gruppe-sn-00000006-c0a7c1a5,web,1,dpp-section-view,Overview,,desktop,DE-NW,synthetic
2026-08-29,session-00512,gmh-gruppe-sn-00000006-c0a7c1a5,web,1,dpp-section-view,Overview,,desktop,DE-NW,synthetic
2026-06-26,session-00513,gmh-gruppe-sn-00000006-c0a7c1a5,qr,1,dpp-section-view,Product Information,,mobile,DE-BE,synthetic
2026-06-26,session-00513,gmh-gruppe-sn-00000006-c0a7c1a5,qr,2,dpp-section-view,Traceability,,mobile,DE-BE,synthetic
2026-06-26,session-00513,gmh-gruppe-sn-00000006-c0a7c1a5,qr,3,dpp-section-view,Overview,,mobile,DE-BE,synthetic
2026-06-26,session-00513,gmh-gruppe-sn-00000006-c0a7c1a5,qr,4,dpp-section-view,Documents,,mobile,DE-BE,synthetic
2026-06-26,session-00513,gmh-gruppe-sn-00000006-c0a7c1a5,qr,5,dpp-document-open,Documents,Material Certificate.pdf,mobile,DE-BE,synthetic
2026-06-26,session-00513,gmh-gruppe-sn-00000006-c0a7c1a5,qr,6,dpp-document-open,Documents,Declaration of Conformity.pdf,mobile,DE-BE,synthetic
2026-06-26,session-00513,gmh-gruppe-sn-00000006-c0a7c1a5,qr,7,dpp-document-open,Documents,Material Certificate.pdf,mobile,DE-BE,synthetic
2026-08-20,session-00514,gmh-gruppe-sn-00000006-c0a7c1a5,web,1,dpp-section-view,Materials,,mobile,DE-BY,synthetic
2026-08-20,session-00514,gmh-gruppe-sn-00000006-c0a7c1a5,web,2,dpp-section-view,Documents,,mobile,DE-BY,synthetic
2026-08-20,session-00514,gmh-gruppe-sn-00000006-c0a7c1a5,web,3,dpp-section-view,Traceability,,mobile,DE-BY,synthetic
2026-08-20,session-00514,gmh-gruppe-sn-00000006-c0a7c1a5,web,4,dpp-section-view,Product Information,,mobile,DE-BY,synthetic
2026-08-20,session-00514,gmh-gruppe-sn-00000006-c0a7c1a5,web,5,dpp-section-view,Overview,,mobile,DE-BY,synthetic
2026-08-20,session-00514,gmh-gruppe-sn-00000006-c0a7c1a5,web,6,dpp-document-open,Documents,Technical Datasheet.pdf,mobile,DE-BY,synthetic
2026-07-25,session-00515,gmh-gruppe-sn-00000006-c0a7c1a5,qr,1,dpp-section-view,Documents,,desktop,NL-NH,synthetic
2026-07-25,session-00515,gmh-gruppe-sn-00000006-c0a7c1a5,qr,2,dpp-section-view,Overview,,desktop,NL-NH,synthetic
2026-07-25,session-00515,gmh-gruppe-sn-00000006-c0a7c1a5,qr,3,dpp-section-view,Materials,,desktop,NL-NH,synthetic
2026-05-29,session-00516,gmh-gruppe-sn-00000006-c0a7c1a5,web,1,dpp-section-view,Overview,,desktop,BE-VLG,synthetic
2026-05-29,session-00516,gmh-gruppe-sn-00000006-c0a7c1a5,web,2,dpp-section-view,Documents,,desktop,BE-VLG,synthetic
2026-06-23,session-00517,gmh-gruppe-sn-00000006-c0a7c1a5,web,1,dpp-section-view,Overview,,mobile,NL-NH,synthetic
2026-06-23,session-00517,gmh-gruppe-sn-00000006-c0a7c1a5,web,2,dpp-document-open,Documents,Declaration of Conformity.pdf,mobile,NL-NH,synthetic
2026-06-23,session-00517,gmh-gruppe-sn-00000006-c0a7c1a5,web,3,dpp-document-open,Documents,Material Certificate.pdf,mobile,NL-NH,synthetic
2026-06-23,session-00517,gmh-gruppe-sn-00000006-c0a7c1a5,web,4,dpp-document-open,Documents,Material Certificate.pdf,mobile,NL-NH,synthetic
2026-07-18,session-00518,gmh-gruppe-sn-00000006-c0a7c1a5,qr,1,dpp-section-view,Overview,,mobile,DE-NW,synthetic
2026-06-14,session-00519,gmh-gruppe-sn-00000006-c0a7c1a5,web,1,dpp-section-view,Overview,,desktop,DE-NW,synthetic
2026-06-14,session-00519,gmh-gruppe-sn-00000006-c0a7c1a5,web,2,dpp-section-view,Sustainability,,desktop,DE-NW,synthetic
2026-06-14,session-00519,gmh-gruppe-sn-00000006-c0a7c1a5,web,3,dpp-section-view,Materials,,desktop,DE-NW,synthetic
2026-05-16,session-00520,gmh-gruppe-sn-00000006-c0a7c1a5,web,1,dpp-section-view,Documents,,desktop,BE-VLG,synthetic
2026-05-16,session-00520,gmh-gruppe-sn-00000006-c0a7c1a5,web,2,dpp-section-view,Overview,,desktop,BE-VLG,synthetic
2026-05-16,session-00520,gmh-gruppe-sn-00000006-c0a7c1a5,web,3,dpp-document-open,Documents,Declaration of Conformity.pdf,desktop,BE-VLG,synthetic
2026-06-29,session-00521,mannstaedt-demo-003,qr,1,dpp-section-view,Overview,,desktop,BE-VLG,synthetic
2026-06-29,session-00521,mannstaedt-demo-003,qr,2,dpp-document-open,Documents,Technical Datasheet.pdf,desktop,BE-VLG,synthetic
2026-05-19,session-00522,gmh-gruppe-sn-00000006-c0a7c1a5,web,1,dpp-section-view,Overview,,desktop,BE-VLG,synthetic
2026-05-10,session-00523,gmh-gruppe-sn-00000006-c0a7c1a5,qr,1,dpp-section-view,Overview,,mobile,DE-NW,synthetic
2026-05-10,session-00523,gmh-gruppe-sn-00000006-c0a7c1a5,qr,2,dpp-section-view,Product Information,,mobile,DE-NW,synthetic
2026-05-10,session-00523,gmh-gruppe-sn-00000006-c0a7c1a5,qr,3,dpp-document-open,Documents,Material Certificate.pdf,mobile,DE-NW,synthetic
2026-05-10,session-00523,gmh-gruppe-sn-00000006-c0a7c1a5,qr,4,dpp-document-open,Documents,Sustainability Certificate.pdf,mobile,DE-NW,synthetic
2026-05-26,session-00524,gmh-gruppe-sn-00000006-c0a7c1a5,qr,1,dpp-section-view,Documents,,mobile,DE-NW,synthetic
2026-05-26,session-00524,gmh-gruppe-sn-00000006-c0a7c1a5,qr,2,dpp-section-view,Overview,,mobile,DE-NW,synthetic
2026-05-26,session-00524,gmh-gruppe-sn-00000006-c0a7c1a5,qr,3,dpp-section-view,Traceability,,mobile,DE-NW,synthetic
2026-08-28,session-00525,gmh-gruppe-sn-00000006-c0a7c1a5,qr,1,dpp-section-view,Overview,,desktop,BE-VLG,synthetic
2026-08-28,session-00525,gmh-gruppe-sn-00000006-c0a7c1a5,qr,2,dpp-section-view,Traceability,,desktop,BE-VLG,synthetic
2026-08-28,session-00525,gmh-gruppe-sn-00000006-c0a7c1a5,qr,3,dpp-section-view,Product Information,,desktop,BE-VLG,synthetic
2026-08-28,session-00525,gmh-gruppe-sn-00000006-c0a7c1a5,qr,4,dpp-document-open,Documents,Technical Datasheet.pdf,desktop,BE-VLG,synthetic
2026-07-30,session-00526,gmh-gruppe-sn-00000006-c0a7c1a5,qr,1,dpp-section-view,Documents,,desktop,BE-VLG,synthetic
2026-07-30,session-00526,gmh-gruppe-sn-00000006-c0a7c1a5,qr,2,dpp-section-view,Product Information,,desktop,BE-VLG,synthetic
2026-07-30,session-00526,gmh-gruppe-sn-00000006-c0a7c1a5,qr,3,dpp-section-view,Traceability,,desktop,BE-VLG,synthetic
2026-07-30,session-00526,gmh-gruppe-sn-00000006-c0a7c1a5,qr,4,dpp-section-view,Overview,,desktop,BE-VLG,synthetic
2026-07-30,session-00526,gmh-gruppe-sn-00000006-c0a7c1a5,qr,5,dpp-section-view,Sustainability,,desktop,BE-VLG,synthetic
2026-06-12,session-00527,gmh-gruppe-sn-00000006-c0a7c1a5,qr,1,dpp-section-view,Documents,,mobile,DE-BE,synthetic
2026-06-12,session-00527,gmh-gruppe-sn-00000006-c0a7c1a5,qr,2,dpp-section-view,Materials,,mobile,DE-BE,synthetic
2026-06-12,session-00527,gmh-gruppe-sn-00000006-c0a7c1a5,qr,3,dpp-section-view,Sustainability,,mobile,DE-BE,synthetic
2026-06-12,session-00527,gmh-gruppe-sn-00000006-c0a7c1a5,qr,4,dpp-section-view,Product Information,,mobile,DE-BE,synthetic
2026-06-12,session-00527,gmh-gruppe-sn-00000006-c0a7c1a5,qr,5,dpp-section-view,Traceability,,mobile,DE-BE,synthetic
2026-06-12,session-00527,gmh-gruppe-sn-00000006-c0a7c1a5,qr,6,dpp-section-view,Overview,,mobile,DE-BE,synthetic
2026-08-28,session-00528,mannstaedt-demo-002,web,1,dpp-section-view,Traceability,,desktop,DE-BE,synthetic
2026-08-28,session-00528,mannstaedt-demo-002,web,2,dpp-section-view,Overview,,desktop,DE-BE,synthetic
2026-08-28,session-00528,mannstaedt-demo-002,web,3,dpp-section-view,Product Information,,desktop,DE-BE,synthetic
2026-08-28,session-00528,mannstaedt-demo-002,web,4,dpp-document-open,Documents,Sustainability Certificate.pdf,desktop,DE-BE,synthetic
2026-08-11,session-00529,gmh-gruppe-sn-00000006-c0a7c1a5,qr,1,dpp-section-view,Materials,,desktop,DE-BE,synthetic
2026-08-11,session-00529,gmh-gruppe-sn-00000006-c0a7c1a5,qr,2,dpp-section-view,Sustainability,,desktop,DE-BE,synthetic
2026-08-11,session-00529,gmh-gruppe-sn-00000006-c0a7c1a5,qr,3,dpp-section-view,Product Information,,desktop,DE-BE,synthetic
2026-08-11,session-00529,gmh-gruppe-sn-00000006-c0a7c1a5,qr,4,dpp-section-view,Traceability,,desktop,DE-BE,synthetic
2026-08-11,session-00529,gmh-gruppe-sn-00000006-c0a7c1a5,qr,5,dpp-section-view,Overview,,desktop,DE-BE,synthetic
2026-08-11,session-00529,gmh-gruppe-sn-00000006-c0a7c1a5,qr,6,dpp-section-view,Documents,,desktop,DE-BE,synthetic
2026-08-11,session-00529,gmh-gruppe-sn-00000006-c0a7c1a5,qr,7,dpp-document-open,Documents,Sustainability Certificate.pdf,desktop,DE-BE,synthetic
2026-08-11,session-00529,gmh-gruppe-sn-00000006-c0a7c1a5,qr,8,dpp-document-open,Documents,Sustainability Certificate.pdf,desktop,DE-BE,synthetic
2026-08-05,session-00530,gmh-gruppe-sn-00000006-c0a7c1a5,qr,1,dpp-section-view,Overview,,mobile,DE-BE,synthetic
2026-08-05,session-00530,gmh-gruppe-sn-00000006-c0a7c1a5,qr,2,dpp-section-view,Documents,,mobile,DE-BE,synthetic
2026-08-05,session-00530,gmh-gruppe-sn-00000006-c0a7c1a5,qr,3,dpp-section-view,Traceability,,mobile,DE-BE,synthetic
2026-08-05,session-00530,gmh-gruppe-sn-00000006-c0a7c1a5,qr,4,dpp-document-open,Documents,Sustainability Certificate.pdf,mobile,DE-BE,synthetic
2026-08-05,session-00530,gmh-gruppe-sn-00000006-c0a7c1a5,qr,5,dpp-document-open,Documents,Declaration of Conformity.pdf,mobile,DE-BE,synthetic
2026-06-25,session-00531,gmh-gruppe-sn-00000006-c0a7c1a5,qr,1,dpp-section-view,Overview,,desktop,DE-BY,synthetic
2026-07-22,session-00532,gmh-gruppe-sn-00000006-c0a7c1a5,qr,1,dpp-section-view,Overview,,desktop,DE-BE,synthetic
2026-07-22,session-00532,gmh-gruppe-sn-00000006-c0a7c1a5,qr,2,dpp-document-open,Documents,Technical Datasheet.pdf,desktop,DE-BE,synthetic
2026-08-28,session-00533,gmh-gruppe-sn-00000006-c0a7c1a5,web,1,dpp-section-view,Overview,,desktop,NL-NH,synthetic
2026-08-28,session-00533,gmh-gruppe-sn-00000006-c0a7c1a5,web,2,dpp-section-view,Materials,,desktop,NL-NH,synthetic
2026-06-06,session-00534,mannstaedt-demo-002,web,1,dpp-section-view,Overview,,mobile,NL-NH,synthetic
2026-08-01,session-00535,mannstaedt-demo-002,qr,1,dpp-section-view,Sustainability,,desktop,DE-BE,synthetic
2026-08-01,session-00535,mannstaedt-demo-002,qr,2,dpp-section-view,Overview,,desktop,DE-BE,synthetic
2026-08-01,session-00535,mannstaedt-demo-002,qr,3,dpp-section-view,Product Information,,desktop,DE-BE,synthetic
2026-08-01,session-00535,mannstaedt-demo-002,qr,4,dpp-section-view,Traceability,,desktop,DE-BE,synthetic
2026-08-01,session-00535,mannstaedt-demo-002,qr,5,dpp-section-view,Documents,,desktop,DE-BE,synthetic
2026-06-08,session-00536,gmh-gruppe-sn-00000006-c0a7c1a5,qr,1,dpp-section-view,Overview,,desktop,BE-VLG,synthetic
2026-06-08,session-00536,gmh-gruppe-sn-00000006-c0a7c1a5,qr,2,dpp-section-view,Documents,,desktop,BE-VLG,synthetic
2026-07-02,session-00537,mannstaedt-demo-002,web,1,dpp-section-view,Overview,,desktop,BE-VLG,synthetic
2026-08-16,session-00538,gmh-gruppe-sn-00000006-c0a7c1a5,qr,1,dpp-section-view,Product Information,,mobile,DE-NW,synthetic
2026-08-16,session-00538,gmh-gruppe-sn-00000006-c0a7c1a5,qr,2,dpp-section-view,Overview,,mobile,DE-NW,synthetic
2026-08-16,session-00538,gmh-gruppe-sn-00000006-c0a7c1a5,qr,3,dpp-section-view,Traceability,,mobile,DE-NW,synthetic
2026-08-26,session-00539,mannstaedt-demo-002,qr,1,dpp-section-view,Sustainability,,desktop,NL-NH,synthetic
2026-08-26,session-00539,mannstaedt-demo-002,qr,2,dpp-section-view,Materials,,desktop,NL-NH,synthetic
2026-08-26,session-00539,mannstaedt-demo-002,qr,3,dpp-section-view,Overview,,desktop,NL-NH,synthetic
2026-08-26,session-00539,mannstaedt-demo-002,qr,4,dpp-section-view,Product Information,,desktop,NL-NH,synthetic
2026-05-01,session-00540,gmh-gruppe-sn-00000006-c0a7c1a5,qr,1,dpp-section-view,Overview,,desktop,DE-BE,synthetic
2026-06-03,session-00541,gmh-gruppe-sn-00000006-c0a7c1a5,qr,1,dpp-section-view,Overview,,desktop,DE-BY,synthetic
2026-06-03,session-00541,gmh-gruppe-sn-00000006-c0a7c1a5,qr,2,dpp-section-view,Product Information,,desktop,DE-BY,synthetic
2026-08-25,session-00542,gmh-gruppe-sn-00000006-c0a7c1a5,web,1,dpp-section-view,Overview,,desktop,DE-BY,synthetic
2026-06-29,session-00543,gmh-gruppe-sn-00000006-c0a7c1a5,qr,1,dpp-section-view,Overview,,desktop,DE-NW,synthetic
2026-05-18,session-00544,mannstaedt-demo-003,web,1,dpp-section-view,Overview,,mobile,NL-NH,synthetic
2026-05-18,session-00544,mannstaedt-demo-003,web,2,dpp-section-view,Sustainability,,mobile,NL-NH,synthetic
2026-05-18,session-00544,mannstaedt-demo-003,web,3,dpp-section-view,Product Information,,mobile,NL-NH,synthetic
2026-06-04,session-00545,mannstaedt-demo-003,web,1,dpp-section-view,Overview,,desktop,DE-NW,synthetic
2026-06-04,session-00545,mannstaedt-demo-003,web,2,dpp-section-view,Traceability,,desktop,DE-NW,synthetic
2026-06-06,session-00546,gmh-gruppe-sn-00000006-c0a7c1a5,qr,1,dpp-section-view,Overview,,mobile,BE-VLG,synthetic
2026-07-06,session-00547,gmh-gruppe-sn-00000006-c0a7c1a5,qr,1,dpp-section-view,Documents,,tablet,NL-NH,synthetic
2026-07-06,session-00547,gmh-gruppe-sn-00000006-c0a7c1a5,qr,2,dpp-section-view,Overview,,tablet,NL-NH,synthetic
2026-07-22,session-00548,gmh-gruppe-sn-00000006-c0a7c1a5,qr,1,dpp-section-view,Overview,,mobile,DE-NW,synthetic
2026-07-22,session-00548,gmh-gruppe-sn-00000006-c0a7c1a5,qr,2,dpp-section-view,Documents,,mobile,DE-NW,synthetic
2026-07-22,session-00548,gmh-gruppe-sn-00000006-c0a7c1a5,qr,3,dpp-section-view,Materials,,mobile,DE-NW,synthetic
2026-07-23,session-00549,gmh-gruppe-sn-00000006-c0a7c1a5,web,1,dpp-section-view,Overview,,desktop,DE-NW,synthetic
2026-07-25,session-00550,gmh-gruppe-sn-00000006-c0a7c1a5,qr,1,dpp-section-view,Materials,,desktop,BE-VLG,synthetic
2026-07-25,session-00550,gmh-gruppe-sn-00000006-c0a7c1a5,qr,2,dpp-section-view,Documents,,desktop,BE-VLG,synthetic
2026-07-25,session-00550,gmh-gruppe-sn-00000006-c0a7c1a5,qr,3,dpp-section-view,Overview,,desktop,BE-VLG,synthetic
2026-07-25,session-00550,gmh-gruppe-sn-00000006-c0a7c1a5,qr,4,dpp-section-view,Traceability,,desktop,BE-VLG,synthetic
2026-07-25,session-00550,gmh-gruppe-sn-00000006-c0a7c1a5,qr,5,dpp-section-view,Product Information,,desktop,BE-VLG,synthetic
2026-07-25,session-00550,gmh-gruppe-sn-00000006-c0a7c1a5,qr,6,dpp-document-open,Documents,Technical Datasheet.pdf,desktop,BE-VLG,synthetic
2026-07-25,session-00550,gmh-gruppe-sn-00000006-c0a7c1a5,qr,7,dpp-document-open,Documents,Technical Datasheet.pdf,desktop,BE-VLG,synthetic
2026-07-25,session-00550,gmh-gruppe-sn-00000006-c0a7c1a5,qr,8,dpp-document-open,Documents,Material Certificate.pdf,desktop,BE-VLG,synthetic
2026-07-26,session-00551,gmh-gruppe-sn-00000006-c0a7c1a5,qr,1,dpp-section-view,Overview,,desktop,DE-BE,synthetic
2026-07-26,session-00551,gmh-gruppe-sn-00000006-c0a7c1a5,qr,2,dpp-document-open,Documents,Technical Datasheet.pdf,desktop,DE-BE,synthetic
2026-07-26,session-00551,gmh-gruppe-sn-00000006-c0a7c1a5,qr,3,dpp-document-open,Documents,Sustainability Certificate.pdf,desktop,DE-BE,synthetic
2026-07-26,session-00551,gmh-gruppe-sn-00000006-c0a7c1a5,qr,4,dpp-document-open,Documents,Technical Datasheet.pdf,desktop,DE-BE,synthetic
2026-08-19,session-00552,gmh-gruppe-sn-00000006-c0a7c1a5,qr,1,dpp-section-view,Sustainability,,desktop,DE-NW,synthetic
2026-08-19,session-00552,gmh-gruppe-sn-00000006-c0a7c1a5,qr,2,dpp-section-view,Materials,,desktop,DE-NW,synthetic
2026-08-19,session-00552,gmh-gruppe-sn-00000006-c0a7c1a5,qr,3,dpp-section-view,Overview,,desktop,DE-NW,synthetic
2026-05-12,session-00553,mannstaedt-demo-003,qr,1,dpp-section-view,Overview,,desktop,DE-BE,synthetic
2026-07-22,session-00554,gmh-gruppe-sn-00000006-c0a7c1a5,qr,1,dpp-section-view,Materials,,desktop,DE-BE,synthetic
2026-07-22,session-00554,gmh-gruppe-sn-00000006-c0a7c1a5,qr,2,dpp-section-view,Traceability,,desktop,DE-BE,synthetic
2026-07-22,session-00554,gmh-gruppe-sn-00000006-c0a7c1a5,qr,3,dpp-section-view,Documents,,desktop,DE-BE,synthetic
2026-07-22,session-00554,gmh-gruppe-sn-00000006-c0a7c1a5,qr,4,dpp-section-view,Product Information,,desktop,DE-BE,synthetic
2026-07-22,session-00554,gmh-gruppe-sn-00000006-c0a7c1a5,qr,5,dpp-section-view,Overview,,desktop,DE-BE,synthetic
2026-08-14,session-00555,mannstaedt-demo-002,qr,1,dpp-section-view,Overview,,mobile,DE-BE,synthetic
2026-08-14,session-00555,mannstaedt-demo-002,qr,2,dpp-section-view,Traceability,,mobile,DE-BE,synthetic
2026-07-26,session-00556,gmh-gruppe-sn-00000006-c0a7c1a5,qr,1,dpp-section-view,Traceability,,mobile,DE-BE,synthetic
2026-07-26,session-00556,gmh-gruppe-sn-00000006-c0a7c1a5,qr,2,dpp-section-view,Overview,,mobile,DE-BE,synthetic
2026-07-26,session-00556,gmh-gruppe-sn-00000006-c0a7c1a5,qr,3,dpp-section-view,Product Information,,mobile,DE-BE,synthetic
2026-07-26,session-00556,gmh-gruppe-sn-00000006-c0a7c1a5,qr,4,dpp-section-view,Materials,,mobile,DE-BE,synthetic
2026-07-26,session-00556,gmh-gruppe-sn-00000006-c0a7c1a5,qr,5,dpp-section-view,Documents,,mobile,DE-BE,synthetic
2026-07-26,session-00556,gmh-gruppe-sn-00000006-c0a7c1a5,qr,6,dpp-document-open,Documents,Declaration of Conformity.pdf,mobile,DE-BE,synthetic
2026-07-26,session-00556,gmh-gruppe-sn-00000006-c0a7c1a5,qr,7,dpp-document-open,Documents,Technical Datasheet.pdf,mobile,DE-BE,synthetic
2026-05-23,session-00557,gmh-gruppe-sn-00000006-c0a7c1a5,web,1,dpp-section-view,Overview,,mobile,BE-VLG,synthetic
2026-05-23,session-00557,gmh-gruppe-sn-00000006-c0a7c1a5,web,2,dpp-section-view,Sustainability,,mobile,BE-VLG,synthetic
2026-05-23,session-00557,gmh-gruppe-sn-00000006-c0a7c1a5,web,3,dpp-document-open,Documents,Material Certificate.pdf,mobile,BE-VLG,synthetic
2026-06-04,session-00558,gmh-gruppe-sn-00000006-c0a7c1a5,web,1,dpp-section-view,Overview,,desktop,DE-NW,synthetic
2026-06-04,session-00558,gmh-gruppe-sn-00000006-c0a7c1a5,web,2,dpp-section-view,Traceability,,desktop,DE-NW,synthetic
2026-06-04,session-00558,gmh-gruppe-sn-00000006-c0a7c1a5,web,3,dpp-document-open,Documents,Material Certificate.pdf,desktop,DE-NW,synthetic
2026-06-04,session-00558,gmh-gruppe-sn-00000006-c0a7c1a5,web,4,dpp-document-open,Documents,Declaration of Conformity.pdf,desktop,DE-NW,synthetic
2026-06-04,session-00558,gmh-gruppe-sn-00000006-c0a7c1a5,web,5,dpp-document-open,Documents,Declaration of Conformity.pdf,desktop,DE-NW,synthetic
2026-07-05,session-00559,mannstaedt-demo-003,web,1,dpp-section-view,Sustainability,,desktop,DE-NW,synthetic
2026-07-05,session-00559,mannstaedt-demo-003,web,2,dpp-section-view,Traceability,,desktop,DE-NW,synthetic
2026-07-05,session-00559,mannstaedt-demo-003,web,3,dpp-section-view,Overview,,desktop,DE-NW,synthetic
2026-07-05,session-00559,mannstaedt-demo-003,web,4,dpp-section-view,Product Information,,desktop,DE-NW,synthetic
2026-05-17,session-00560,gmh-gruppe-sn-00000006-c0a7c1a5,web,1,dpp-section-view,Sustainability,,tablet,DE-BY,synthetic
2026-05-17,session-00560,gmh-gruppe-sn-00000006-c0a7c1a5,web,2,dpp-section-view,Traceability,,tablet,DE-BY,synthetic
2026-05-17,session-00560,gmh-gruppe-sn-00000006-c0a7c1a5,web,3,dpp-section-view,Overview,,tablet,DE-BY,synthetic
2026-05-17,session-00560,gmh-gruppe-sn-00000006-c0a7c1a5,web,4,dpp-section-view,Documents,,tablet,DE-BY,synthetic
2026-07-13,session-00561,gmh-gruppe-sn-00000006-c0a7c1a5,web,1,dpp-section-view,Overview,,mobile,DE-NW,synthetic
2026-06-23,session-00562,gmh-gruppe-sn-00000006-c0a7c1a5,web,1,dpp-section-view,Overview,,mobile,DE-BE,synthetic
2026-06-23,session-00562,gmh-gruppe-sn-00000006-c0a7c1a5,web,2,dpp-section-view,Documents,,mobile,DE-BE,synthetic
2026-07-12,session-00563,gmh-gruppe-sn-00000006-c0a7c1a5,qr,1,dpp-section-view,Overview,,mobile,DE-BE,synthetic
2026-07-12,session-00563,gmh-gruppe-sn-00000006-c0a7c1a5,qr,2,dpp-section-view,Product Information,,mobile,DE-BE,synthetic
2026-07-21,session-00564,gmh-gruppe-sn-00000006-c0a7c1a5,qr,1,dpp-section-view,Overview,,mobile,DE-NW,synthetic
2026-07-21,session-00564,gmh-gruppe-sn-00000006-c0a7c1a5,qr,2,dpp-section-view,Documents,,mobile,DE-NW,synthetic
2026-07-19,session-00565,gmh-gruppe-sn-00000006-c0a7c1a5,qr,1,dpp-section-view,Traceability,,desktop,BE-VLG,synthetic
2026-07-19,session-00565,gmh-gruppe-sn-00000006-c0a7c1a5,qr,2,dpp-section-view,Overview,,desktop,BE-VLG,synthetic
2026-07-19,session-00565,gmh-gruppe-sn-00000006-c0a7c1a5,qr,3,dpp-section-view,Product Information,,desktop,BE-VLG,synthetic
2026-06-24,session-00566,gmh-gruppe-sn-00000006-c0a7c1a5,qr,1,dpp-section-view,Overview,,mobile,NL-NH,synthetic
2026-08-10,session-00567,gmh-gruppe-sn-00000006-c0a7c1a5,web,1,dpp-section-view,Overview,,desktop,NL-NH,synthetic
2026-08-10,session-00567,gmh-gruppe-sn-00000006-c0a7c1a5,web,2,dpp-section-view,Materials,,desktop,NL-NH,synthetic
2026-08-10,session-00567,gmh-gruppe-sn-00000006-c0a7c1a5,web,3,dpp-section-view,Traceability,,desktop,NL-NH,synthetic
2026-07-16,session-00568,gmh-gruppe-sn-00000006-c0a7c1a5,qr,1,dpp-section-view,Sustainability,,desktop,DE-BY,synthetic
2026-07-16,session-00568,gmh-gruppe-sn-00000006-c0a7c1a5,qr,2,dpp-section-view,Materials,,desktop,DE-BY,synthetic
2026-07-16,session-00568,gmh-gruppe-sn-00000006-c0a7c1a5,qr,3,dpp-section-view,Traceability,,desktop,DE-BY,synthetic
2026-07-16,session-00568,gmh-gruppe-sn-00000006-c0a7c1a5,qr,4,dpp-section-view,Product Information,,desktop,DE-BY,synthetic
2026-07-16,session-00568,gmh-gruppe-sn-00000006-c0a7c1a5,qr,5,dpp-section-view,Overview,,desktop,DE-BY,synthetic
2026-07-16,session-00568,gmh-gruppe-sn-00000006-c0a7c1a5,qr,6,dpp-section-view,Documents,,desktop,DE-BY,synthetic
2026-07-16,session-00568,gmh-gruppe-sn-00000006-c0a7c1a5,qr,7,dpp-document-open,Documents,Declaration of Conformity.pdf,desktop,DE-BY,synthetic
2026-07-16,session-00568,gmh-gruppe-sn-00000006-c0a7c1a5,qr,8,dpp-document-open,Documents,Sustainability Certificate.pdf,desktop,DE-BY,synthetic
2026-05-30,session-00569,gmh-gruppe-sn-00000006-c0a7c1a5,web,1,dpp-section-view,Overview,,desktop,DE-BE,synthetic
2026-05-30,session-00569,gmh-gruppe-sn-00000006-c0a7c1a5,web,2,dpp-section-view,Materials,,desktop,DE-BE,synthetic
2026-05-30,session-00569,gmh-gruppe-sn-00000006-c0a7c1a5,web,3,dpp-section-view,Sustainability,,desktop,DE-BE,synthetic
2026-08-20,session-00570,gmh-gruppe-sn-00000006-c0a7c1a5,qr,1,dpp-section-view,Overview,,desktop,DE-BE,synthetic
2026-08-20,session-00570,gmh-gruppe-sn-00000006-c0a7c1a5,qr,2,dpp-section-view,Traceability,,desktop,DE-BE,synthetic
2026-08-20,session-00570,gmh-gruppe-sn-00000006-c0a7c1a5,qr,3,dpp-section-view,Sustainability,,desktop,DE-BE,synthetic
2026-05-22,session-00571,mannstaedt-demo-003,qr,1,dpp-section-view,Overview,,desktop,NL-NH,synthetic
2026-05-22,session-00571,mannstaedt-demo-003,qr,2,dpp-section-view,Traceability,,desktop,NL-NH,synthetic
2026-05-22,session-00571,mannstaedt-demo-003,qr,3,dpp-document-open,Documents,Declaration of Conformity.pdf,desktop,NL-NH,synthetic
2026-05-22,session-00571,mannstaedt-demo-003,qr,4,dpp-document-open,Documents,Material Certificate.pdf,desktop,NL-NH,synthetic
2026-05-22,session-00571,mannstaedt-demo-003,qr,5,dpp-document-open,Documents,Declaration of Conformity.pdf,desktop,NL-NH,synthetic
2026-08-07,session-00572,mannstaedt-demo-002,qr,1,dpp-section-view,Overview,,desktop,BE-VLG,synthetic
2026-08-07,session-00572,mannstaedt-demo-002,qr,2,dpp-section-view,Product Information,,desktop,BE-VLG,synthetic
2026-08-07,session-00572,mannstaedt-demo-002,qr,3,dpp-section-view,Materials,,desktop,BE-VLG,synthetic
2026-08-07,session-00572,mannstaedt-demo-002,qr,4,dpp-section-view,Sustainability,,desktop,BE-VLG,synthetic
2026-08-07,session-00572,mannstaedt-demo-002,qr,5,dpp-section-view,Traceability,,desktop,BE-VLG,synthetic
2026-08-07,session-00572,mannstaedt-demo-002,qr,6,dpp-document-open,Documents,Sustainability Certificate.pdf,desktop,BE-VLG,synthetic
2026-08-07,session-00572,mannstaedt-demo-002,qr,7,dpp-document-open,Documents,Declaration of Conformity.pdf,desktop,BE-VLG,synthetic
2026-08-07,session-00572,mannstaedt-demo-002,qr,8,dpp-document-open,Documents,Declaration of Conformity.pdf,desktop,BE-VLG,synthetic
2026-07-06,session-00573,gmh-gruppe-sn-00000006-c0a7c1a5,web,1,dpp-section-view,Overview,,desktop,BE-VLG,synthetic
2026-07-06,session-00573,gmh-gruppe-sn-00000006-c0a7c1a5,web,2,dpp-document-open,Documents,Sustainability Certificate.pdf,desktop,BE-VLG,synthetic
2026-07-06,session-00573,gmh-gruppe-sn-00000006-c0a7c1a5,web,3,dpp-document-open,Documents,Sustainability Certificate.pdf,desktop,BE-VLG,synthetic
2026-07-06,session-00573,gmh-gruppe-sn-00000006-c0a7c1a5,web,4,dpp-document-open,Documents,Technical Datasheet.pdf,desktop,BE-VLG,synthetic
2026-08-24,session-00574,gmh-gruppe-sn-00000006-c0a7c1a5,web,1,dpp-section-view,Overview,,mobile,NL-NH,synthetic
2026-07-24,session-00575,mannstaedt-demo-003,web,1,dpp-section-view,Materials,,mobile,NL-NH,synthetic
2026-07-24,session-00575,mannstaedt-demo-003,web,2,dpp-section-view,Product Information,,mobile,NL-NH,synthetic
2026-07-24,session-00575,mannstaedt-demo-003,web,3,dpp-section-view,Traceability,,mobile,NL-NH,synthetic
2026-07-24,session-00575,mannstaedt-demo-003,web,4,dpp-section-view,Sustainability,,mobile,NL-NH,synthetic
2026-07-24,session-00575,mannstaedt-demo-003,web,5,dpp-section-view,Overview,,mobile,NL-NH,synthetic
2026-05-21,session-00576,mannstaedt-demo-003,web,1,dpp-section-view,Overview,,desktop,DE-NW,synthetic
2026-05-24,session-00577,gmh-gruppe-sn-00000006-c0a7c1a5,web,1,dpp-section-view,Overview,,mobile,DE-NW,synthetic
2026-05-24,session-00577,gmh-gruppe-sn-00000006-c0a7c1a5,web,2,dpp-section-view,Sustainability,,mobile,DE-NW,synthetic
2026-05-24,session-00577,gmh-gruppe-sn-00000006-c0a7c1a5,web,3,dpp-document-open,Documents,Sustainability Certificate.pdf,mobile,DE-NW,synthetic
2026-06-02,session-00578,gmh-gruppe-sn-00000006-c0a7c1a5,web,1,dpp-section-view,Overview,,tablet,BE-VLG,synthetic
2026-06-02,session-00578,gmh-gruppe-sn-00000006-c0a7c1a5,web,2,dpp-section-view,Materials,,tablet,BE-VLG,synthetic
2026-08-14,session-00579,gmh-gruppe-sn-00000006-c0a7c1a5,web,1,dpp-section-view,Overview,,desktop,BE-VLG,synthetic
2026-07-26,session-00580,mannstaedt-demo-003,web,1,dpp-section-view,Overview,,desktop,DE-BE,synthetic
2026-07-26,session-00580,mannstaedt-demo-003,web,2,dpp-section-view,Sustainability,,desktop,DE-BE,synthetic
2026-08-14,session-00581,gmh-gruppe-sn-00000006-c0a7c1a5,web,1,dpp-section-view,Overview,,mobile,BE-VLG,synthetic
2026-08-14,session-00581,gmh-gruppe-sn-00000006-c0a7c1a5,web,2,dpp-document-open,Documents,Technical Datasheet.pdf,mobile,BE-VLG,synthetic
2026-08-14,session-00581,gmh-gruppe-sn-00000006-c0a7c1a5,web,3,dpp-document-open,Documents,Material Certificate.pdf,mobile,BE-VLG,synthetic
2026-08-14,session-00581,gmh-gruppe-sn-00000006-c0a7c1a5,web,4,dpp-document-open,Documents,Material Certificate.pdf,mobile,BE-VLG,synthetic
2026-08-09,session-00582,gmh-gruppe-sn-00000006-c0a7c1a5,web,1,dpp-section-view,Overview,,mobile,NL-NH,synthetic
2026-08-09,session-00582,gmh-gruppe-sn-00000006-c0a7c1a5,web,2,dpp-section-view,Product Information,,mobile,NL-NH,synthetic
2026-08-09,session-00582,gmh-gruppe-sn-00000006-c0a7c1a5,web,3,dpp-section-view,Documents,,mobile,NL-NH,synthetic
2026-08-09,session-00582,gmh-gruppe-sn-00000006-c0a7c1a5,web,4,dpp-section-view,Materials,,mobile,NL-NH,synthetic
2026-08-26,session-00583,mannstaedt-demo-002,web,1,dpp-section-view,Overview,,mobile,DE-BY,synthetic
2026-05-09,session-00584,gmh-gruppe-sn-00000006-c0a7c1a5,web,1,dpp-section-view,Materials,,mobile,NL-NH,synthetic
2026-05-09,session-00584,gmh-gruppe-sn-00000006-c0a7c1a5,web,2,dpp-section-view,Overview,,mobile,NL-NH,synthetic
2026-08-12,session-00585,gmh-gruppe-sn-00000006-c0a7c1a5,web,1,dpp-section-view,Overview,,desktop,DE-BE,synthetic
2026-08-12,session-00585,gmh-gruppe-sn-00000006-c0a7c1a5,web,2,dpp-section-view,Sustainability,,desktop,DE-BE,synthetic
2026-08-12,session-00585,gmh-gruppe-sn-00000006-c0a7c1a5,web,3,dpp-section-view,Traceability,,desktop,DE-BE,synthetic
2026-08-12,session-00585,gmh-gruppe-sn-00000006-c0a7c1a5,web,4,dpp-document-open,Documents,Sustainability Certificate.pdf,desktop,DE-BE,synthetic
2026-08-12,session-00585,gmh-gruppe-sn-00000006-c0a7c1a5,web,5,dpp-document-open,Documents,Sustainability Certificate.pdf,desktop,DE-BE,synthetic
2026-08-15,session-00586,gmh-gruppe-sn-00000006-c0a7c1a5,web,1,dpp-section-view,Overview,,mobile,DE-BY,synthetic
2026-08-15,session-00586,gmh-gruppe-sn-00000006-c0a7c1a5,web,2,dpp-section-view,Product Information,,mobile,DE-BY,synthetic
2026-08-31,session-00587,gmh-gruppe-sn-00000006-c0a7c1a5,qr,1,dpp-section-view,Overview,,mobile,DE-BY,synthetic
2026-08-31,session-00587,gmh-gruppe-sn-00000006-c0a7c1a5,qr,2,dpp-section-view,Product Information,,mobile,DE-BY,synthetic
2026-07-28,session-00588,gmh-gruppe-sn-00000006-c0a7c1a5,web,1,dpp-section-view,Sustainability,,desktop,BE-VLG,synthetic
2026-07-28,session-00588,gmh-gruppe-sn-00000006-c0a7c1a5,web,2,dpp-section-view,Overview,,desktop,BE-VLG,synthetic
2026-07-28,session-00588,gmh-gruppe-sn-00000006-c0a7c1a5,web,3,dpp-section-view,Materials,,desktop,BE-VLG,synthetic
2026-07-28,session-00588,gmh-gruppe-sn-00000006-c0a7c1a5,web,4,dpp-section-view,Documents,,desktop,BE-VLG,synthetic
2026-07-14,session-00589,gmh-gruppe-sn-00000006-c0a7c1a5,web,1,dpp-section-view,Overview,,mobile,DE-NW,synthetic
2026-07-14,session-00589,gmh-gruppe-sn-00000006-c0a7c1a5,web,2,dpp-section-view,Traceability,,mobile,DE-NW,synthetic
2026-07-14,session-00589,gmh-gruppe-sn-00000006-c0a7c1a5,web,3,dpp-document-open,Documents,Sustainability Certificate.pdf,mobile,DE-NW,synthetic
2026-07-14,session-00589,gmh-gruppe-sn-00000006-c0a7c1a5,web,4,dpp-document-open,Documents,Technical Datasheet.pdf,mobile,DE-NW,synthetic
2026-07-22,session-00590,gmh-gruppe-sn-00000006-c0a7c1a5,qr,1,dpp-section-view,Overview,,desktop,DE-BE,synthetic
2026-07-22,session-00590,gmh-gruppe-sn-00000006-c0a7c1a5,qr,2,dpp-section-view,Documents,,desktop,DE-BE,synthetic
2026-07-22,session-00590,gmh-gruppe-sn-00000006-c0a7c1a5,qr,3,dpp-section-view,Sustainability,,desktop,DE-BE,synthetic
2026-05-21,session-00591,gmh-gruppe-sn-00000006-c0a7c1a5,qr,1,dpp-section-view,Overview,,mobile,NL-NH,synthetic
2026-05-21,session-00591,gmh-gruppe-sn-00000006-c0a7c1a5,qr,2,dpp-section-view,Product Information,,mobile,NL-NH,synthetic
2026-05-21,session-00591,gmh-gruppe-sn-00000006-c0a7c1a5,qr,3,dpp-document-open,Documents,Sustainability Certificate.pdf,mobile,NL-NH,synthetic
2026-05-21,session-00591,gmh-gruppe-sn-00000006-c0a7c1a5,qr,4,dpp-document-open,Documents,Material Certificate.pdf,mobile,NL-NH,synthetic
2026-05-21,session-00591,gmh-gruppe-sn-00000006-c0a7c1a5,qr,5,dpp-document-open,Documents,Declaration of Conformity.pdf,mobile,NL-NH,synthetic
2026-05-16,session-00592,mannstaedt-demo-002,qr,1,dpp-section-view,Overview,,mobile,BE-VLG,synthetic
2026-05-16,session-00592,mannstaedt-demo-002,qr,2,dpp-section-view,Materials,,mobile,BE-VLG,synthetic
2026-05-16,session-00592,mannstaedt-demo-002,qr,3,dpp-section-view,Traceability,,mobile,BE-VLG,synthetic
2026-05-16,session-00592,mannstaedt-demo-002,qr,4,dpp-document-open,Documents,Material Certificate.pdf,mobile,BE-VLG,synthetic
2026-08-17,session-00593,gmh-gruppe-sn-00000006-c0a7c1a5,qr,1,dpp-section-view,Overview,,desktop,NL-NH,synthetic
2026-08-17,session-00593,gmh-gruppe-sn-00000006-c0a7c1a5,qr,2,dpp-section-view,Sustainability,,desktop,NL-NH,synthetic
2026-08-17,session-00593,gmh-gruppe-sn-00000006-c0a7c1a5,qr,3,dpp-section-view,Documents,,desktop,NL-NH,synthetic
2026-08-12,session-00594,gmh-gruppe-sn-00000006-c0a7c1a5,qr,1,dpp-section-view,Traceability,,mobile,DE-BE,synthetic
2026-08-12,session-00594,gmh-gruppe-sn-00000006-c0a7c1a5,qr,2,dpp-section-view,Documents,,mobile,DE-BE,synthetic
2026-08-12,session-00594,gmh-gruppe-sn-00000006-c0a7c1a5,qr,3,dpp-section-view,Product Information,,mobile,DE-BE,synthetic
2026-08-12,session-00594,gmh-gruppe-sn-00000006-c0a7c1a5,qr,4,dpp-section-view,Materials,,mobile,DE-BE,synthetic
2026-08-12,session-00594,gmh-gruppe-sn-00000006-c0a7c1a5,qr,5,dpp-section-view,Overview,,mobile,DE-BE,synthetic
2026-06-05,session-00595,mannstaedt-demo-002,qr,1,dpp-section-view,Overview,,mobile,DE-BE,synthetic
2026-05-23,session-00596,gmh-gruppe-sn-00000006-c0a7c1a5,qr,1,dpp-section-view,Overview,,desktop,DE-BE,synthetic
2026-05-23,session-00596,gmh-gruppe-sn-00000006-c0a7c1a5,qr,2,dpp-section-view,Product Information,,desktop,DE-BE,synthetic
2026-05-23,session-00596,gmh-gruppe-sn-00000006-c0a7c1a5,qr,3,dpp-section-view,Traceability,,desktop,DE-BE,synthetic
2026-05-23,session-00596,gmh-gruppe-sn-00000006-c0a7c1a5,qr,4,dpp-section-view,Sustainability,,desktop,DE-BE,synthetic
2026-06-02,session-00597,gmh-gruppe-sn-00000006-c0a7c1a5,qr,1,dpp-section-view,Sustainability,,mobile,BE-VLG,synthetic
2026-06-02,session-00597,gmh-gruppe-sn-00000006-c0a7c1a5,qr,2,dpp-section-view,Product Information,,mobile,BE-VLG,synthetic
2026-06-02,session-00597,gmh-gruppe-sn-00000006-c0a7c1a5,qr,3,dpp-section-view,Overview,,mobile,BE-VLG,synthetic
2026-06-02,session-00597,gmh-gruppe-sn-00000006-c0a7c1a5,qr,4,dpp-section-view,Traceability,,mobile,BE-VLG,synthetic
2026-05-05,session-00598,gmh-gruppe-sn-00000006-c0a7c1a5,qr,1,dpp-section-view,Overview,,desktop,DE-BY,synthetic
2026-05-05,session-00598,gmh-gruppe-sn-00000006-c0a7c1a5,qr,2,dpp-section-view,Materials,,desktop,DE-BY,synthetic
2026-05-05,session-00598,gmh-gruppe-sn-00000006-c0a7c1a5,qr,3,dpp-document-open,Documents,Material Certificate.pdf,desktop,DE-BY,synthetic
2026-05-05,session-00598,gmh-gruppe-sn-00000006-c0a7c1a5,qr,4,dpp-document-open,Documents,Material Certificate.pdf,desktop,DE-BY,synthetic
2026-09-05,session-00599,gmh-gruppe-sn-00000006-c0a7c1a5,qr,1,dpp-section-view,Overview,,mobile,DE-BE,synthetic
2026-09-05,session-00599,gmh-gruppe-sn-00000006-c0a7c1a5,qr,2,dpp-section-view,Materials,,mobile,DE-BE,synthetic
2026-09-05,session-00599,gmh-gruppe-sn-00000006-c0a7c1a5,qr,3,dpp-section-view,Traceability,,mobile,DE-BE,synthetic
2026-09-05,session-00599,gmh-gruppe-sn-00000006-c0a7c1a5,qr,4,dpp-section-view,Documents,,mobile,DE-BE,synthetic
2026-07-01,session-00600,mannstaedt-demo-002,web,1,dpp-section-view,Overview,,desktop,BE-VLG,synthetic
2026-07-01,session-00600,mannstaedt-demo-002,web,2,dpp-section-view,Materials,,desktop,BE-VLG,synthetic
2026-06-02,session-00601,gmh-gruppe-sn-00000006-c0a7c1a5,qr,1,dpp-section-view,Overview,,mobile,BE-VLG,synthetic
2026-06-02,session-00601,gmh-gruppe-sn-00000006-c0a7c1a5,qr,2,dpp-section-view,Product Information,,mobile,BE-VLG,synthetic
2026-06-02,session-00601,gmh-gruppe-sn-00000006-c0a7c1a5,qr,3,dpp-section-view,Sustainability,,mobile,BE-VLG,synthetic
2026-07-28,session-00602,gmh-gruppe-sn-00000006-c0a7c1a5,web,1,dpp-section-view,Materials,,mobile,BE-VLG,synthetic
2026-07-28,session-00602,gmh-gruppe-sn-00000006-c0a7c1a5,web,2,dpp-section-view,Product Information,,mobile,BE-VLG,synthetic
2026-07-28,session-00602,gmh-gruppe-sn-00000006-c0a7c1a5,web,3,dpp-section-view,Overview,,mobile,BE-VLG,synthetic
2026-07-28,session-00602,gmh-gruppe-sn-00000006-c0a7c1a5,web,4,dpp-section-view,Sustainability,,mobile,BE-VLG,synthetic
2026-07-12,session-00603,gmh-gruppe-sn-00000006-c0a7c1a5,qr,1,dpp-section-view,Overview,,mobile,DE-NW,synthetic
2026-07-12,session-00603,gmh-gruppe-sn-00000006-c0a7c1a5,qr,2,dpp-section-view,Materials,,mobile,DE-NW,synthetic
2026-07-12,session-00603,gmh-gruppe-sn-00000006-c0a7c1a5,qr,3,dpp-section-view,Product Information,,mobile,DE-NW,synthetic
2026-07-12,session-00603,gmh-gruppe-sn-00000006-c0a7c1a5,qr,4,dpp-section-view,Traceability,,mobile,DE-NW,synthetic
2026-07-10,session-00604,mannstaedt-demo-002,qr,1,dpp-section-view,Traceability,,desktop,DE-NW,synthetic
2026-07-10,session-00604,mannstaedt-demo-002,qr,2,dpp-section-view,Sustainability,,desktop,DE-NW,synthetic
2026-07-10,session-00604,mannstaedt-demo-002,qr,3,dpp-section-view,Materials,,desktop,DE-NW,synthetic
2026-07-10,session-00604,mannstaedt-demo-002,qr,4,dpp-section-view,Product Information,,desktop,DE-NW,synthetic
2026-07-10,session-00604,mannstaedt-demo-002,qr,5,dpp-section-view,Overview,,desktop,DE-NW,synthetic
2026-07-10,session-00604,mannstaedt-demo-002,qr,6,dpp-section-view,Documents,,desktop,DE-NW,synthetic
2026-07-10,session-00604,mannstaedt-demo-002,qr,7,dpp-document-open,Documents,Technical Datasheet.pdf,desktop,DE-NW,synthetic
2026-07-10,session-00604,mannstaedt-demo-002,qr,8,dpp-document-open,Documents,Declaration of Conformity.pdf,desktop,DE-NW,synthetic
2026-08-29,session-00605,gmh-gruppe-sn-00000006-c0a7c1a5,qr,1,dpp-section-view,Overview,,desktop,DE-NW,synthetic
2026-08-29,session-00605,gmh-gruppe-sn-00000006-c0a7c1a5,qr,2,dpp-section-view,Materials,,desktop,DE-NW,synthetic
2026-08-29,session-00605,gmh-gruppe-sn-00000006-c0a7c1a5,qr,3,dpp-section-view,Sustainability,,desktop,DE-NW,synthetic
2026-08-29,session-00605,gmh-gruppe-sn-00000006-c0a7c1a5,qr,4,dpp-section-view,Product Information,,desktop,DE-NW,synthetic
2026-08-29,session-00605,gmh-gruppe-sn-00000006-c0a7c1a5,qr,5,dpp-section-view,Traceability,,desktop,DE-NW,synthetic
2026-08-29,session-00605,gmh-gruppe-sn-00000006-c0a7c1a5,qr,6,dpp-document-open,Documents,Sustainability Certificate.pdf,desktop,DE-NW,synthetic
2026-08-29,session-00605,gmh-gruppe-sn-00000006-c0a7c1a5,qr,7,dpp-document-open,Documents,Declaration of Conformity.pdf,desktop,DE-NW,synthetic
2026-08-12,session-00606,gmh-gruppe-sn-00000006-c0a7c1a5,web,1,dpp-section-view,Overview,,tablet,DE-NW,synthetic
2026-06-26,session-00607,mannstaedt-demo-002,qr,1,dpp-section-view,Overview,,mobile,DE-BE,synthetic
2026-06-26,session-00607,mannstaedt-demo-002,qr,2,dpp-document-open,Documents,Material Certificate.pdf,mobile,DE-BE,synthetic
2026-06-26,session-00607,mannstaedt-demo-002,qr,3,dpp-document-open,Documents,Material Certificate.pdf,mobile,DE-BE,synthetic
2026-06-26,session-00607,mannstaedt-demo-002,qr,4,dpp-document-open,Documents,Material Certificate.pdf,mobile,DE-BE,synthetic
2026-05-18,session-00608,gmh-gruppe-sn-00000006-c0a7c1a5,qr,1,dpp-section-view,Overview,,mobile,DE-NW,synthetic
2026-05-18,session-00608,gmh-gruppe-sn-00000006-c0a7c1a5,qr,2,dpp-section-view,Sustainability,,mobile,DE-NW,synthetic
2026-08-24,session-00609,gmh-gruppe-sn-00000006-c0a7c1a5,qr,1,dpp-section-view,Overview,,desktop,DE-NW,synthetic
2026-08-24,session-00609,gmh-gruppe-sn-00000006-c0a7c1a5,qr,2,dpp-document-open,Documents,Technical Datasheet.pdf,desktop,DE-NW,synthetic
2026-05-14,session-00610,gmh-gruppe-sn-00000006-c0a7c1a5,qr,1,dpp-section-view,Overview,,mobile,BE-VLG,synthetic
2026-05-14,session-00610,gmh-gruppe-sn-00000006-c0a7c1a5,qr,2,dpp-section-view,Materials,,mobile,BE-VLG,synthetic
2026-07-25,session-00611,gmh-gruppe-sn-00000006-c0a7c1a5,qr,1,dpp-section-view,Overview,,mobile,DE-NW,synthetic
2026-07-25,session-00611,gmh-gruppe-sn-00000006-c0a7c1a5,qr,2,dpp-section-view,Sustainability,,mobile,DE-NW,synthetic
2026-07-25,session-00611,gmh-gruppe-sn-00000006-c0a7c1a5,qr,3,dpp-document-open,Documents,Material Certificate.pdf,mobile,DE-NW,synthetic
2026-07-20,session-00612,gmh-gruppe-sn-00000006-c0a7c1a5,qr,1,dpp-section-view,Traceability,,tablet,NL-NH,synthetic
2026-07-20,session-00612,gmh-gruppe-sn-00000006-c0a7c1a5,qr,2,dpp-section-view,Product Information,,tablet,NL-NH,synthetic
2026-07-20,session-00612,gmh-gruppe-sn-00000006-c0a7c1a5,qr,3,dpp-section-view,Overview,,tablet,NL-NH,synthetic
2026-06-18,session-00613,mannstaedt-demo-003,web,1,dpp-section-view,Overview,,desktop,BE-VLG,synthetic
2026-06-18,session-00613,mannstaedt-demo-003,web,2,dpp-section-view,Materials,,desktop,BE-VLG,synthetic
2026-09-03,session-00614,mannstaedt-demo-002,qr,1,dpp-section-view,Overview,,tablet,DE-BE,synthetic
2026-09-03,session-00614,mannstaedt-demo-002,qr,2,dpp-section-view,Product Information,,tablet,DE-BE,synthetic
2026-09-03,session-00614,mannstaedt-demo-002,qr,3,dpp-document-open,Documents,Material Certificate.pdf,tablet,DE-BE,synthetic
2026-09-03,session-00614,mannstaedt-demo-002,qr,4,dpp-document-open,Documents,Sustainability Certificate.pdf,tablet,DE-BE,synthetic
2026-07-05,session-00615,gmh-gruppe-sn-00000006-c0a7c1a5,web,1,dpp-section-view,Overview,,desktop,DE-BY,synthetic
2026-05-05,session-00616,mannstaedt-demo-002,qr,1,dpp-section-view,Overview,,mobile,DE-NW,synthetic
2026-05-05,session-00616,mannstaedt-demo-002,qr,2,dpp-section-view,Materials,,mobile,DE-NW,synthetic
2026-05-05,session-00616,mannstaedt-demo-002,qr,3,dpp-section-view,Product Information,,mobile,DE-NW,synthetic
2026-05-05,session-00616,mannstaedt-demo-002,qr,4,dpp-document-open,Documents,Declaration of Conformity.pdf,mobile,DE-NW,synthetic
2026-06-27,session-00617,gmh-gruppe-sn-00000006-c0a7c1a5,qr,1,dpp-section-view,Product Information,,desktop,NL-NH,synthetic
2026-06-27,session-00617,gmh-gruppe-sn-00000006-c0a7c1a5,qr,2,dpp-section-view,Sustainability,,desktop,NL-NH,synthetic
2026-06-27,session-00617,gmh-gruppe-sn-00000006-c0a7c1a5,qr,3,dpp-section-view,Traceability,,desktop,NL-NH,synthetic
2026-06-27,session-00617,gmh-gruppe-sn-00000006-c0a7c1a5,qr,4,dpp-section-view,Documents,,desktop,NL-NH,synthetic
2026-06-27,session-00617,gmh-gruppe-sn-00000006-c0a7c1a5,qr,5,dpp-section-view,Materials,,desktop,NL-NH,synthetic
2026-06-27,session-00617,gmh-gruppe-sn-00000006-c0a7c1a5,qr,6,dpp-section-view,Overview,,desktop,NL-NH,synthetic
2026-06-27,session-00617,gmh-gruppe-sn-00000006-c0a7c1a5,qr,7,dpp-document-open,Documents,Material Certificate.pdf,desktop,NL-NH,synthetic
2026-08-18,session-00618,gmh-gruppe-sn-00000006-c0a7c1a5,qr,1,dpp-section-view,Traceability,,desktop,DE-BE,synthetic
2026-08-18,session-00618,gmh-gruppe-sn-00000006-c0a7c1a5,qr,2,dpp-section-view,Materials,,desktop,DE-BE,synthetic
2026-08-18,session-00618,gmh-gruppe-sn-00000006-c0a7c1a5,qr,3,dpp-section-view,Documents,,desktop,DE-BE,synthetic
2026-08-18,session-00618,gmh-gruppe-sn-00000006-c0a7c1a5,qr,4,dpp-section-view,Overview,,desktop,DE-BE,synthetic
2026-08-18,session-00618,gmh-gruppe-sn-00000006-c0a7c1a5,qr,5,dpp-section-view,Product Information,,desktop,DE-BE,synthetic
2026-08-18,session-00618,gmh-gruppe-sn-00000006-c0a7c1a5,qr,6,dpp-section-view,Sustainability,,desktop,DE-BE,synthetic
2026-08-18,session-00618,gmh-gruppe-sn-00000006-c0a7c1a5,qr,7,dpp-document-open,Documents,Sustainability Certificate.pdf,desktop,DE-BE,synthetic
2026-08-18,session-00618,gmh-gruppe-sn-00000006-c0a7c1a5,qr,8,dpp-document-open,Documents,Declaration of Conformity.pdf,desktop,DE-BE,synthetic
2026-08-18,session-00618,gmh-gruppe-sn-00000006-c0a7c1a5,qr,9,dpp-document-open,Documents,Declaration of Conformity.pdf,desktop,DE-BE,synthetic
2026-06-14,session-00619,gmh-gruppe-sn-00000006-c0a7c1a5,web,1,dpp-section-view,Overview,,tablet,DE-BY,synthetic
2026-06-14,session-00619,gmh-gruppe-sn-00000006-c0a7c1a5,web,2,dpp-section-view,Sustainability,,tablet,DE-BY,synthetic
2026-06-14,session-00619,gmh-gruppe-sn-00000006-c0a7c1a5,web,3,dpp-section-view,Product Information,,tablet,DE-BY,synthetic
2026-06-14,session-00619,gmh-gruppe-sn-00000006-c0a7c1a5,web,4,dpp-section-view,Documents,,tablet,DE-BY,synthetic
2026-06-25,session-00620,gmh-gruppe-sn-00000006-c0a7c1a5,qr,1,dpp-section-view,Sustainability,,mobile,DE-BY,synthetic
2026-06-25,session-00620,gmh-gruppe-sn-00000006-c0a7c1a5,qr,2,dpp-section-view,Product Information,,mobile,DE-BY,synthetic
2026-06-25,session-00620,gmh-gruppe-sn-00000006-c0a7c1a5,qr,3,dpp-section-view,Overview,,mobile,DE-BY,synthetic
2026-06-25,session-00620,gmh-gruppe-sn-00000006-c0a7c1a5,qr,4,dpp-section-view,Materials,,mobile,DE-BY,synthetic
2026-06-25,session-00620,gmh-gruppe-sn-00000006-c0a7c1a5,qr,5,dpp-section-view,Traceability,,mobile,DE-BY,synthetic
2026-06-25,session-00620,gmh-gruppe-sn-00000006-c0a7c1a5,qr,6,dpp-section-view,Documents,,mobile,DE-BY,synthetic
2026-06-25,session-00620,gmh-gruppe-sn-00000006-c0a7c1a5,qr,7,dpp-document-open,Documents,Material Certificate.pdf,mobile,DE-BY,synthetic
2026-06-25,session-00620,gmh-gruppe-sn-00000006-c0a7c1a5,qr,8,dpp-document-open,Documents,Sustainability Certificate.pdf,mobile,DE-BY,synthetic
2026-06-25,session-00620,gmh-gruppe-sn-00000006-c0a7c1a5,qr,9,dpp-document-open,Documents,Technical Datasheet.pdf,mobile,DE-BY,synthetic
2026-07-09,session-00621,mannstaedt-demo-002,qr,1,dpp-section-view,Documents,,desktop,DE-BE,synthetic
2026-07-09,session-00621,mannstaedt-demo-002,qr,2,dpp-section-view,Sustainability,,desktop,DE-BE,synthetic
2026-07-09,session-00621,mannstaedt-demo-002,qr,3,dpp-section-view,Overview,,desktop,DE-BE,synthetic
2026-07-09,session-00621,mannstaedt-demo-002,qr,4,dpp-section-view,Materials,,desktop,DE-BE,synthetic
2026-07-09,session-00621,mannstaedt-demo-002,qr,5,dpp-section-view,Product Information,,desktop,DE-BE,synthetic
2026-07-09,session-00621,mannstaedt-demo-002,qr,6,dpp-document-open,Documents,Technical Datasheet.pdf,desktop,DE-BE,synthetic
2026-07-09,session-00621,mannstaedt-demo-002,qr,7,dpp-document-open,Documents,Sustainability Certificate.pdf,desktop,DE-BE,synthetic
2026-07-09,session-00621,mannstaedt-demo-002,qr,8,dpp-document-open,Documents,Declaration of Conformity.pdf,desktop,DE-BE,synthetic
2026-07-28,session-00622,mannstaedt-demo-002,qr,1,dpp-section-view,Documents,,desktop,BE-VLG,synthetic
2026-07-28,session-00622,mannstaedt-demo-002,qr,2,dpp-section-view,Overview,,desktop,BE-VLG,synthetic
2026-07-28,session-00622,mannstaedt-demo-002,qr,3,dpp-section-view,Materials,,desktop,BE-VLG,synthetic
2026-07-28,session-00622,mannstaedt-demo-002,qr,4,dpp-section-view,Traceability,,desktop,BE-VLG,synthetic
2026-05-05,session-00623,gmh-gruppe-sn-00000006-c0a7c1a5,web,1,dpp-section-view,Overview,,desktop,DE-BE,synthetic
2026-06-26,session-00624,gmh-gruppe-sn-00000006-c0a7c1a5,qr,1,dpp-section-view,Materials,,mobile,DE-NW,synthetic
2026-06-26,session-00624,gmh-gruppe-sn-00000006-c0a7c1a5,qr,2,dpp-section-view,Traceability,,mobile,DE-NW,synthetic
2026-06-26,session-00624,gmh-gruppe-sn-00000006-c0a7c1a5,qr,3,dpp-section-view,Sustainability,,mobile,DE-NW,synthetic
2026-06-26,session-00624,gmh-gruppe-sn-00000006-c0a7c1a5,qr,4,dpp-section-view,Overview,,mobile,DE-NW,synthetic
2026-06-26,session-00624,gmh-gruppe-sn-00000006-c0a7c1a5,qr,5,dpp-document-open,Documents,Sustainability Certificate.pdf,mobile,DE-NW,synthetic
2026-07-20,session-00625,gmh-gruppe-sn-00000006-c0a7c1a5,web,1,dpp-section-view,Overview,,mobile,DE-BE,synthetic
2026-05-19,session-00626,mannstaedt-demo-003,qr,1,dpp-section-view,Overview,,tablet,DE-NW,synthetic
2026-05-19,session-00626,mannstaedt-demo-003,qr,2,dpp-section-view,Product Information,,tablet,DE-NW,synthetic
2026-05-19,session-00626,mannstaedt-demo-003,qr,3,dpp-section-view,Traceability,,tablet,DE-NW,synthetic
2026-05-19,session-00626,mannstaedt-demo-003,qr,4,dpp-document-open,Documents,Material Certificate.pdf,tablet,DE-NW,synthetic
2026-08-27,session-00627,gmh-gruppe-sn-00000006-c0a7c1a5,web,1,dpp-section-view,Overview,,mobile,BE-VLG,synthetic
2026-08-27,session-00627,gmh-gruppe-sn-00000006-c0a7c1a5,web,2,dpp-section-view,Documents,,mobile,BE-VLG,synthetic
2026-05-15,session-00628,mannstaedt-demo-002,qr,1,dpp-section-view,Overview,,mobile,DE-NW,synthetic
2026-05-10,session-00629,gmh-gruppe-sn-00000006-c0a7c1a5,qr,1,dpp-section-view,Overview,,mobile,BE-VLG,synthetic
2026-05-10,session-00629,gmh-gruppe-sn-00000006-c0a7c1a5,qr,2,dpp-section-view,Materials,,mobile,BE-VLG,synthetic
2026-05-10,session-00629,gmh-gruppe-sn-00000006-c0a7c1a5,qr,3,dpp-section-view,Traceability,,mobile,BE-VLG,synthetic
2026-05-04,session-00630,mannstaedt-demo-002,qr,1,dpp-section-view,Overview,,desktop,DE-BE,synthetic
2026-05-04,session-00630,mannstaedt-demo-002,qr,2,dpp-section-view,Materials,,desktop,DE-BE,synthetic
2026-05-04,session-00630,mannstaedt-demo-002,qr,3,dpp-section-view,Documents,,desktop,DE-BE,synthetic
2026-05-04,session-00630,mannstaedt-demo-002,qr,4,dpp-section-view,Traceability,,desktop,DE-BE,synthetic
2026-05-04,session-00630,mannstaedt-demo-002,qr,5,dpp-section-view,Product Information,,desktop,DE-BE,synthetic
2026-05-04,session-00630,mannstaedt-demo-002,qr,6,dpp-section-view,Sustainability,,desktop,DE-BE,synthetic
2026-05-12,session-00631,mannstaedt-demo-003,web,1,dpp-section-view,Overview,,mobile,NL-NH,synthetic
2026-05-12,session-00631,mannstaedt-demo-003,web,2,dpp-section-view,Sustainability,,mobile,NL-NH,synthetic
2026-06-06,session-00632,gmh-gruppe-sn-00000006-c0a7c1a5,qr,1,dpp-section-view,Overview,,mobile,DE-BE,synthetic
2026-06-06,session-00632,gmh-gruppe-sn-00000006-c0a7c1a5,qr,2,dpp-section-view,Documents,,mobile,DE-BE,synthetic
2026-06-06,session-00632,gmh-gruppe-sn-00000006-c0a7c1a5,qr,3,dpp-section-view,Sustainability,,mobile,DE-BE,synthetic
2026-08-19,session-00633,gmh-gruppe-sn-00000006-c0a7c1a5,qr,1,dpp-section-view,Overview,,mobile,DE-BY,synthetic
2026-08-19,session-00633,gmh-gruppe-sn-00000006-c0a7c1a5,qr,2,dpp-section-view,Documents,,mobile,DE-BY,synthetic
2026-08-19,session-00633,gmh-gruppe-sn-00000006-c0a7c1a5,qr,3,dpp-section-view,Traceability,,mobile,DE-BY,synthetic
2026-07-31,session-00634,gmh-gruppe-sn-00000006-c0a7c1a5,qr,1,dpp-section-view,Documents,,mobile,NL-NH,synthetic
2026-07-31,session-00634,gmh-gruppe-sn-00000006-c0a7c1a5,qr,2,dpp-section-view,Materials,,mobile,NL-NH,synthetic
2026-07-31,session-00634,gmh-gruppe-sn-00000006-c0a7c1a5,qr,3,dpp-section-view,Traceability,,mobile,NL-NH,synthetic
2026-07-31,session-00634,gmh-gruppe-sn-00000006-c0a7c1a5,qr,4,dpp-section-view,Overview,,mobile,NL-NH,synthetic
2026-07-31,session-00634,gmh-gruppe-sn-00000006-c0a7c1a5,qr,5,dpp-document-open,Documents,Technical Datasheet.pdf,mobile,NL-NH,synthetic
2026-07-31,session-00634,gmh-gruppe-sn-00000006-c0a7c1a5,qr,6,dpp-document-open,Documents,Technical Datasheet.pdf,mobile,NL-NH,synthetic
2026-06-29,session-00635,mannstaedt-demo-003,web,1,dpp-section-view,Overview,,mobile,DE-NW,synthetic
2026-06-29,session-00635,mannstaedt-demo-003,web,2,dpp-section-view,Sustainability,,mobile,DE-NW,synthetic
2026-06-24,session-00636,mannstaedt-demo-002,qr,1,dpp-section-view,Overview,,mobile,NL-NH,synthetic
2026-06-24,session-00636,mannstaedt-demo-002,qr,2,dpp-section-view,Documents,,mobile,NL-NH,synthetic
2026-06-24,session-00636,mannstaedt-demo-002,qr,3,dpp-section-view,Materials,,mobile,NL-NH,synthetic
2026-06-24,session-00636,mannstaedt-demo-002,qr,4,dpp-section-view,Product Information,,mobile,NL-NH,synthetic
2026-05-14,session-00637,gmh-gruppe-sn-00000006-c0a7c1a5,qr,1,dpp-section-view,Overview,,desktop,DE-BE,synthetic
2026-05-14,session-00637,gmh-gruppe-sn-00000006-c0a7c1a5,qr,2,dpp-section-view,Documents,,desktop,DE-BE,synthetic
2026-05-31,session-00638,mannstaedt-demo-003,qr,1,dpp-section-view,Overview,,mobile,DE-BY,synthetic
2026-05-31,session-00638,mannstaedt-demo-003,qr,2,dpp-section-view,Sustainability,,mobile,DE-BY,synthetic
2026-05-31,session-00638,mannstaedt-demo-003,qr,3,dpp-section-view,Materials,,mobile,DE-BY,synthetic
2026-05-31,session-00638,mannstaedt-demo-003,qr,4,dpp-document-open,Documents,Material Certificate.pdf,mobile,DE-BY,synthetic
2026-05-31,session-00638,mannstaedt-demo-003,qr,5,dpp-document-open,Documents,Declaration of Conformity.pdf,mobile,DE-BY,synthetic
2026-05-31,session-00638,mannstaedt-demo-003,qr,6,dpp-document-open,Documents,Technical Datasheet.pdf,mobile,DE-BY,synthetic
2026-08-22,session-00639,mannstaedt-demo-003,qr,1,dpp-section-view,Overview,,desktop,DE-BE,synthetic
2026-08-22,session-00639,mannstaedt-demo-003,qr,2,dpp-section-view,Product Information,,desktop,DE-BE,synthetic
2026-08-22,session-00639,mannstaedt-demo-003,qr,3,dpp-section-view,Sustainability,,desktop,DE-BE,synthetic
2026-08-22,session-00639,mannstaedt-demo-003,qr,4,dpp-document-open,Documents,Declaration of Conformity.pdf,desktop,DE-BE,synthetic
2026-08-22,session-00639,mannstaedt-demo-003,qr,5,dpp-document-open,Documents,Declaration of Conformity.pdf,desktop,DE-BE,synthetic
2026-08-22,session-00639,mannstaedt-demo-003,qr,6,dpp-document-open,Documents,Declaration of Conformity.pdf,desktop,DE-BE,synthetic
2026-08-28,session-00640,gmh-gruppe-sn-00000006-c0a7c1a5,qr,1,dpp-section-view,Sustainability,,desktop,BE-VLG,synthetic
2026-08-28,session-00640,gmh-gruppe-sn-00000006-c0a7c1a5,qr,2,dpp-section-view,Overview,,desktop,BE-VLG,synthetic
2026-08-28,session-00640,gmh-gruppe-sn-00000006-c0a7c1a5,qr,3,dpp-section-view,Product Information,,desktop,BE-VLG,synthetic
2026-08-28,session-00640,gmh-gruppe-sn-00000006-c0a7c1a5,qr,4,dpp-section-view,Traceability,,desktop,BE-VLG,synthetic
2026-07-10,session-00641,gmh-gruppe-sn-00000006-c0a7c1a5,qr,1,dpp-section-view,Overview,,desktop,BE-VLG,synthetic
2026-07-10,session-00641,gmh-gruppe-sn-00000006-c0a7c1a5,qr,2,dpp-section-view,Traceability,,desktop,BE-VLG,synthetic
2026-07-10,session-00641,gmh-gruppe-sn-00000006-c0a7c1a5,qr,3,dpp-section-view,Product Information,,desktop,BE-VLG,synthetic
2026-05-17,session-00642,gmh-gruppe-sn-00000006-c0a7c1a5,qr,1,dpp-section-view,Overview,,mobile,DE-BY,synthetic
2026-05-17,session-00642,gmh-gruppe-sn-00000006-c0a7c1a5,qr,2,dpp-section-view,Traceability,,mobile,DE-BY,synthetic
2026-05-17,session-00642,gmh-gruppe-sn-00000006-c0a7c1a5,qr,3,dpp-document-open,Documents,Declaration of Conformity.pdf,mobile,DE-BY,synthetic
2026-08-23,session-00643,gmh-gruppe-sn-00000006-c0a7c1a5,web,1,dpp-section-view,Overview,,desktop,NL-NH,synthetic
2026-08-23,session-00643,gmh-gruppe-sn-00000006-c0a7c1a5,web,2,dpp-document-open,Documents,Sustainability Certificate.pdf,desktop,NL-NH,synthetic
2026-08-23,session-00643,gmh-gruppe-sn-00000006-c0a7c1a5,web,3,dpp-document-open,Documents,Technical Datasheet.pdf,desktop,NL-NH,synthetic
2026-06-06,session-00644,gmh-gruppe-sn-00000006-c0a7c1a5,qr,1,dpp-section-view,Overview,,desktop,DE-NW,synthetic
2026-06-06,session-00644,gmh-gruppe-sn-00000006-c0a7c1a5,qr,2,dpp-section-view,Materials,,desktop,DE-NW,synthetic
2026-06-06,session-00644,gmh-gruppe-sn-00000006-c0a7c1a5,qr,3,dpp-section-view,Traceability,,desktop,DE-NW,synthetic
2026-05-16,session-00645,gmh-gruppe-sn-00000006-c0a7c1a5,qr,1,dpp-section-view,Overview,,mobile,DE-BE,synthetic
2026-05-16,session-00645,gmh-gruppe-sn-00000006-c0a7c1a5,qr,2,dpp-section-view,Materials,,mobile,DE-BE,synthetic
2026-05-16,session-00645,gmh-gruppe-sn-00000006-c0a7c1a5,qr,3,dpp-section-view,Documents,,mobile,DE-BE,synthetic
2026-05-16,session-00645,gmh-gruppe-sn-00000006-c0a7c1a5,qr,4,dpp-section-view,Product Information,,mobile,DE-BE,synthetic
2026-07-06,session-00646,gmh-gruppe-sn-00000006-c0a7c1a5,web,1,dpp-section-view,Overview,,mobile,DE-BE,synthetic
2026-07-06,session-00646,gmh-gruppe-sn-00000006-c0a7c1a5,web,2,dpp-section-view,Product Information,,mobile,DE-BE,synthetic
2026-08-04,session-00647,mannstaedt-demo-002,web,1,dpp-section-view,Overview,,mobile,DE-BE,synthetic
2026-08-04,session-00647,mannstaedt-demo-002,web,2,dpp-section-view,Sustainability,,mobile,DE-BE,synthetic
2026-08-04,session-00647,mannstaedt-demo-002,web,3,dpp-section-view,Materials,,mobile,DE-BE,synthetic
2026-06-16,session-00648,mannstaedt-demo-003,web,1,dpp-section-view,Overview,,tablet,DE-BY,synthetic
2026-06-16,session-00648,mannstaedt-demo-003,web,2,dpp-section-view,Traceability,,tablet,DE-BY,synthetic
2026-06-16,session-00648,mannstaedt-demo-003,web,3,dpp-section-view,Sustainability,,tablet,DE-BY,synthetic
2026-06-16,session-00648,mannstaedt-demo-003,web,4,dpp-document-open,Documents,Technical Datasheet.pdf,tablet,DE-BY,synthetic
2026-06-16,session-00648,mannstaedt-demo-003,web,5,dpp-document-open,Documents,Technical Datasheet.pdf,tablet,DE-BY,synthetic
2026-06-16,session-00648,mannstaedt-demo-003,web,6,dpp-document-open,Documents,Material Certificate.pdf,tablet,DE-BY,synthetic
2026-08-11,session-00649,mannstaedt-demo-002,qr,1,dpp-section-view,Product Information,,desktop,DE-BE,synthetic
2026-08-11,session-00649,mannstaedt-demo-002,qr,2,dpp-section-view,Overview,,desktop,DE-BE,synthetic
2026-08-11,session-00649,mannstaedt-demo-002,qr,3,dpp-section-view,Documents,,desktop,DE-BE,synthetic
2026-08-11,session-00649,mannstaedt-demo-002,qr,4,dpp-section-view,Traceability,,desktop,DE-BE,synthetic
2026-08-11,session-00649,mannstaedt-demo-002,qr,5,dpp-section-view,Sustainability,,desktop,DE-BE,synthetic
2026-08-11,session-00649,mannstaedt-demo-002,qr,6,dpp-section-view,Materials,,desktop,DE-BE,synthetic
2026-06-15,session-00650,gmh-gruppe-sn-00000006-c0a7c1a5,qr,1,dpp-section-view,Overview,,mobile,DE-BY,synthetic
2026-08-19,session-00651,mannstaedt-demo-003,qr,1,dpp-section-view,Overview,,desktop,DE-BY,synthetic
2026-08-19,session-00651,mannstaedt-demo-003,qr,2,dpp-section-view,Documents,,desktop,DE-BY,synthetic
2026-08-19,session-00651,mannstaedt-demo-003,qr,3,dpp-section-view,Product Information,,desktop,DE-BY,synthetic
2026-07-16,session-00652,mannstaedt-demo-002,qr,1,dpp-section-view,Product Information,,mobile,BE-VLG,synthetic
2026-07-16,session-00652,mannstaedt-demo-002,qr,2,dpp-section-view,Overview,,mobile,BE-VLG,synthetic
2026-07-14,session-00653,gmh-gruppe-sn-00000006-c0a7c1a5,web,1,dpp-section-view,Overview,,mobile,NL-NH,synthetic
2026-07-14,session-00653,gmh-gruppe-sn-00000006-c0a7c1a5,web,2,dpp-document-open,Documents,Technical Datasheet.pdf,mobile,NL-NH,synthetic
2026-05-14,session-00654,gmh-gruppe-sn-00000006-c0a7c1a5,web,1,dpp-section-view,Overview,,desktop,DE-BY,synthetic
2026-06-25,session-00655,gmh-gruppe-sn-00000006-c0a7c1a5,web,1,dpp-section-view,Overview,,desktop,BE-VLG,synthetic
2026-08-29,session-00656,mannstaedt-demo-003,web,1,dpp-section-view,Overview,,desktop,NL-NH,synthetic
2026-08-29,session-00656,mannstaedt-demo-003,web,2,dpp-section-view,Sustainability,,desktop,NL-NH,synthetic
2026-05-06,session-00657,gmh-gruppe-sn-00000006-c0a7c1a5,qr,1,dpp-section-view,Overview,,mobile,NL-NH,synthetic
2026-06-26,session-00658,gmh-gruppe-sn-00000006-c0a7c1a5,qr,1,dpp-section-view,Overview,,mobile,BE-VLG,synthetic
2026-06-26,session-00658,gmh-gruppe-sn-00000006-c0a7c1a5,qr,2,dpp-section-view,Sustainability,,mobile,BE-VLG,synthetic
2026-08-30,session-00659,gmh-gruppe-sn-00000006-c0a7c1a5,qr,1,dpp-section-view,Product Information,,mobile,NL-NH,synthetic
2026-08-30,session-00659,gmh-gruppe-sn-00000006-c0a7c1a5,qr,2,dpp-section-view,Materials,,mobile,NL-NH,synthetic
2026-08-30,session-00659,gmh-gruppe-sn-00000006-c0a7c1a5,qr,3,dpp-section-view,Traceability,,mobile,NL-NH,synthetic
2026-08-30,session-00659,gmh-gruppe-sn-00000006-c0a7c1a5,qr,4,dpp-section-view,Documents,,mobile,NL-NH,synthetic
2026-08-30,session-00659,gmh-gruppe-sn-00000006-c0a7c1a5,qr,5,dpp-section-view,Overview,,mobile,NL-NH,synthetic
2026-08-30,session-00659,gmh-gruppe-sn-00000006-c0a7c1a5,qr,6,dpp-document-open,Documents,Declaration of Conformity.pdf,mobile,NL-NH,synthetic
2026-08-30,session-00659,gmh-gruppe-sn-00000006-c0a7c1a5,qr,7,dpp-document-open,Documents,Material Certificate.pdf,mobile,NL-NH,synthetic
2026-08-30,session-00659,gmh-gruppe-sn-00000006-c0a7c1a5,qr,8,dpp-document-open,Documents,Technical Datasheet.pdf,mobile,NL-NH,synthetic
2026-08-07,session-00660,gmh-gruppe-sn-00000006-c0a7c1a5,web,1,dpp-section-view,Overview,,tablet,DE-BY,synthetic
2026-08-07,session-00660,gmh-gruppe-sn-00000006-c0a7c1a5,web,2,dpp-document-open,Documents,Sustainability Certificate.pdf,tablet,DE-BY,synthetic
2026-08-07,session-00660,gmh-gruppe-sn-00000006-c0a7c1a5,web,3,dpp-document-open,Documents,Declaration of Conformity.pdf,tablet,DE-BY,synthetic
2026-08-07,session-00660,gmh-gruppe-sn-00000006-c0a7c1a5,web,4,dpp-document-open,Documents,Material Certificate.pdf,tablet,DE-BY,synthetic
2026-07-13,session-00661,gmh-gruppe-sn-00000006-c0a7c1a5,web,1,dpp-section-view,Overview,,mobile,DE-NW,synthetic
2026-07-13,session-00661,gmh-gruppe-sn-00000006-c0a7c1a5,web,2,dpp-section-view,Documents,,mobile,DE-NW,synthetic
2026-07-13,session-00661,gmh-gruppe-sn-00000006-c0a7c1a5,web,3,dpp-section-view,Traceability,,mobile,DE-NW,synthetic
2026-07-13,session-00661,gmh-gruppe-sn-00000006-c0a7c1a5,web,4,dpp-section-view,Sustainability,,mobile,DE-NW,synthetic
2026-07-13,session-00661,gmh-gruppe-sn-00000006-c0a7c1a5,web,5,dpp-document-open,Documents,Technical Datasheet.pdf,mobile,DE-NW,synthetic
2026-07-13,session-00661,gmh-gruppe-sn-00000006-c0a7c1a5,web,6,dpp-document-open,Documents,Sustainability Certificate.pdf,mobile,DE-NW,synthetic
2026-07-13,session-00661,gmh-gruppe-sn-00000006-c0a7c1a5,web,7,dpp-document-open,Documents,Sustainability Certificate.pdf,mobile,DE-NW,synthetic
2026-06-04,session-00662,gmh-gruppe-sn-00000006-c0a7c1a5,qr,1,dpp-section-view,Overview,,desktop,DE-BE,synthetic
2026-06-04,session-00662,gmh-gruppe-sn-00000006-c0a7c1a5,qr,2,dpp-section-view,Sustainability,,desktop,DE-BE,synthetic
2026-05-03,session-00663,mannstaedt-demo-002,qr,1,dpp-section-view,Overview,,desktop,DE-BY,synthetic
2026-05-03,session-00663,mannstaedt-demo-002,qr,2,dpp-section-view,Traceability,,desktop,DE-BY,synthetic
2026-05-03,session-00663,mannstaedt-demo-002,qr,3,dpp-section-view,Sustainability,,desktop,DE-BY,synthetic
2026-05-02,session-00664,mannstaedt-demo-002,web,1,dpp-section-view,Overview,,desktop,DE-NW,synthetic
2026-06-04,session-00665,gmh-gruppe-sn-00000006-c0a7c1a5,qr,1,dpp-section-view,Traceability,,mobile,BE-VLG,synthetic
2026-06-04,session-00665,gmh-gruppe-sn-00000006-c0a7c1a5,qr,2,dpp-section-view,Overview,,mobile,BE-VLG,synthetic
2026-07-23,session-00666,gmh-gruppe-sn-00000006-c0a7c1a5,qr,1,dpp-section-view,Overview,,mobile,DE-BE,synthetic
2026-07-23,session-00666,gmh-gruppe-sn-00000006-c0a7c1a5,qr,2,dpp-section-view,Sustainability,,mobile,DE-BE,synthetic
2026-06-04,session-00667,gmh-gruppe-sn-00000006-c0a7c1a5,qr,1,dpp-section-view,Overview,,desktop,NL-NH,synthetic
2026-07-21,session-00668,gmh-gruppe-sn-00000006-c0a7c1a5,qr,1,dpp-section-view,Traceability,,mobile,DE-BE,synthetic
2026-07-21,session-00668,gmh-gruppe-sn-00000006-c0a7c1a5,qr,2,dpp-section-view,Overview,,mobile,DE-BE,synthetic
2026-07-21,session-00668,gmh-gruppe-sn-00000006-c0a7c1a5,qr,3,dpp-section-view,Documents,,mobile,DE-BE,synthetic
2026-07-21,session-00668,gmh-gruppe-sn-00000006-c0a7c1a5,qr,4,dpp-section-view,Sustainability,,mobile,DE-BE,synthetic
2026-07-21,session-00668,gmh-gruppe-sn-00000006-c0a7c1a5,qr,5,dpp-section-view,Materials,,mobile,DE-BE,synthetic
2026-07-21,session-00668,gmh-gruppe-sn-00000006-c0a7c1a5,qr,6,dpp-document-open,Documents,Declaration of Conformity.pdf,mobile,DE-BE,synthetic
2026-07-21,session-00668,gmh-gruppe-sn-00000006-c0a7c1a5,qr,7,dpp-document-open,Documents,Material Certificate.pdf,mobile,DE-BE,synthetic
2026-07-21,session-00668,gmh-gruppe-sn-00000006-c0a7c1a5,qr,8,dpp-document-open,Documents,Material Certificate.pdf,mobile,DE-BE,synthetic
2026-08-02,session-00669,gmh-gruppe-sn-00000006-c0a7c1a5,qr,1,dpp-section-view,Materials,,mobile,BE-VLG,synthetic
2026-08-02,session-00669,gmh-gruppe-sn-00000006-c0a7c1a5,qr,2,dpp-section-view,Traceability,,mobile,BE-VLG,synthetic
2026-08-02,session-00669,gmh-gruppe-sn-00000006-c0a7c1a5,qr,3,dpp-section-view,Overview,,mobile,BE-VLG,synthetic
2026-08-02,session-00669,gmh-gruppe-sn-00000006-c0a7c1a5,qr,4,dpp-section-view,Documents,,mobile,BE-VLG,synthetic
2026-08-02,session-00669,gmh-gruppe-sn-00000006-c0a7c1a5,qr,5,dpp-document-open,Documents,Sustainability Certificate.pdf,mobile,BE-VLG,synthetic
2026-08-02,session-00669,gmh-gruppe-sn-00000006-c0a7c1a5,qr,6,dpp-document-open,Documents,Declaration of Conformity.pdf,mobile,BE-VLG,synthetic
2026-07-06,session-00670,gmh-gruppe-sn-00000006-c0a7c1a5,qr,1,dpp-section-view,Overview,,mobile,DE-NW,synthetic
2026-05-18,session-00671,mannstaedt-demo-002,web,1,dpp-section-view,Overview,,mobile,DE-BE,synthetic
2026-05-18,session-00671,mannstaedt-demo-002,web,2,dpp-section-view,Product Information,,mobile,DE-BE,synthetic
2026-05-18,session-00671,mannstaedt-demo-002,web,3,dpp-section-view,Sustainability,,mobile,DE-BE,synthetic
2026-05-18,session-00671,mannstaedt-demo-002,web,4,dpp-section-view,Traceability,,mobile,DE-BE,synthetic
2026-07-17,session-00672,gmh-gruppe-sn-00000006-c0a7c1a5,qr,1,dpp-section-view,Materials,,mobile,BE-VLG,synthetic
2026-07-17,session-00672,gmh-gruppe-sn-00000006-c0a7c1a5,qr,2,dpp-section-view,Overview,,mobile,BE-VLG,synthetic
2026-08-15,session-00673,gmh-gruppe-sn-00000006-c0a7c1a5,qr,1,dpp-section-view,Documents,,mobile,DE-BE,synthetic
2026-08-15,session-00673,gmh-gruppe-sn-00000006-c0a7c1a5,qr,2,dpp-section-view,Sustainability,,mobile,DE-BE,synthetic
2026-08-15,session-00673,gmh-gruppe-sn-00000006-c0a7c1a5,qr,3,dpp-section-view,Overview,,mobile,DE-BE,synthetic
2026-08-15,session-00673,gmh-gruppe-sn-00000006-c0a7c1a5,qr,4,dpp-document-open,Documents,Technical Datasheet.pdf,mobile,DE-BE,synthetic
2026-08-15,session-00673,gmh-gruppe-sn-00000006-c0a7c1a5,qr,5,dpp-document-open,Documents,Material Certificate.pdf,mobile,DE-BE,synthetic
2026-08-15,session-00673,gmh-gruppe-sn-00000006-c0a7c1a5,qr,6,dpp-document-open,Documents,Technical Datasheet.pdf,mobile,DE-BE,synthetic
2026-05-20,session-00674,gmh-gruppe-sn-00000006-c0a7c1a5,web,1,dpp-section-view,Materials,,desktop,DE-NW,synthetic
2026-05-20,session-00674,gmh-gruppe-sn-00000006-c0a7c1a5,web,2,dpp-section-view,Sustainability,,desktop,DE-NW,synthetic
2026-05-20,session-00674,gmh-gruppe-sn-00000006-c0a7c1a5,web,3,dpp-section-view,Product Information,,desktop,DE-NW,synthetic
2026-05-20,session-00674,gmh-gruppe-sn-00000006-c0a7c1a5,web,4,dpp-section-view,Documents,,desktop,DE-NW,synthetic
2026-05-20,session-00674,gmh-gruppe-sn-00000006-c0a7c1a5,web,5,dpp-section-view,Overview,,desktop,DE-NW,synthetic
2026-05-20,session-00674,gmh-gruppe-sn-00000006-c0a7c1a5,web,6,dpp-document-open,Documents,Sustainability Certificate.pdf,desktop,DE-NW,synthetic
2026-05-20,session-00674,gmh-gruppe-sn-00000006-c0a7c1a5,web,7,dpp-document-open,Documents,Declaration of Conformity.pdf,desktop,DE-NW,synthetic
2026-06-24,session-00675,gmh-gruppe-sn-00000006-c0a7c1a5,qr,1,dpp-section-view,Overview,,desktop,DE-NW,synthetic
2026-06-24,session-00675,gmh-gruppe-sn-00000006-c0a7c1a5,qr,2,dpp-section-view,Documents,,desktop,DE-NW,synthetic
2026-06-24,session-00675,gmh-gruppe-sn-00000006-c0a7c1a5,qr,3,dpp-section-view,Traceability,,desktop,DE-NW,synthetic
2026-06-24,session-00675,gmh-gruppe-sn-00000006-c0a7c1a5,qr,4,dpp-section-view,Materials,,desktop,DE-NW,synthetic
2026-06-24,session-00675,gmh-gruppe-sn-00000006-c0a7c1a5,qr,5,dpp-section-view,Product Information,,desktop,DE-NW,synthetic
2026-06-24,session-00675,gmh-gruppe-sn-00000006-c0a7c1a5,qr,6,dpp-section-view,Sustainability,,desktop,DE-NW,synthetic
2026-06-20,session-00676,gmh-gruppe-sn-00000006-c0a7c1a5,qr,1,dpp-section-view,Overview,,mobile,DE-BY,synthetic
2026-06-20,session-00676,gmh-gruppe-sn-00000006-c0a7c1a5,qr,2,dpp-document-open,Documents,Material Certificate.pdf,mobile,DE-BY,synthetic
2026-06-20,session-00676,gmh-gruppe-sn-00000006-c0a7c1a5,qr,3,dpp-document-open,Documents,Technical Datasheet.pdf,mobile,DE-BY,synthetic
2026-06-20,session-00676,gmh-gruppe-sn-00000006-c0a7c1a5,qr,4,dpp-document-open,Documents,Material Certificate.pdf,mobile,DE-BY,synthetic
2026-09-02,session-00677,gmh-gruppe-sn-00000006-c0a7c1a5,qr,1,dpp-section-view,Overview,,mobile,DE-NW,synthetic
2026-05-04,session-00678,gmh-gruppe-sn-00000006-c0a7c1a5,web,1,dpp-section-view,Overview,,desktop,NL-NH,synthetic
2026-05-04,session-00678,gmh-gruppe-sn-00000006-c0a7c1a5,web,2,dpp-section-view,Traceability,,desktop,NL-NH,synthetic
2026-05-04,session-00678,gmh-gruppe-sn-00000006-c0a7c1a5,web,3,dpp-document-open,Documents,Technical Datasheet.pdf,desktop,NL-NH,synthetic
2026-07-16,session-00679,gmh-gruppe-sn-00000006-c0a7c1a5,web,1,dpp-section-view,Documents,,mobile,NL-NH,synthetic
2026-07-16,session-00679,gmh-gruppe-sn-00000006-c0a7c1a5,web,2,dpp-section-view,Overview,,mobile,NL-NH,synthetic
2026-07-16,session-00679,gmh-gruppe-sn-00000006-c0a7c1a5,web,3,dpp-section-view,Traceability,,mobile,NL-NH,synthetic
2026-06-11,session-00680,gmh-gruppe-sn-00000006-c0a7c1a5,qr,1,dpp-section-view,Documents,,tablet,DE-NW,synthetic
2026-06-11,session-00680,gmh-gruppe-sn-00000006-c0a7c1a5,qr,2,dpp-section-view,Traceability,,tablet,DE-NW,synthetic
2026-06-11,session-00680,gmh-gruppe-sn-00000006-c0a7c1a5,qr,3,dpp-section-view,Materials,,tablet,DE-NW,synthetic
2026-06-11,session-00680,gmh-gruppe-sn-00000006-c0a7c1a5,qr,4,dpp-section-view,Overview,,tablet,DE-NW,synthetic
2026-07-07,session-00681,gmh-gruppe-sn-00000006-c0a7c1a5,qr,1,dpp-section-view,Traceability,,mobile,DE-NW,synthetic
2026-07-07,session-00681,gmh-gruppe-sn-00000006-c0a7c1a5,qr,2,dpp-section-view,Overview,,mobile,DE-NW,synthetic
2026-07-07,session-00681,gmh-gruppe-sn-00000006-c0a7c1a5,qr,3,dpp-section-view,Product Information,,mobile,DE-NW,synthetic
2026-07-07,session-00681,gmh-gruppe-sn-00000006-c0a7c1a5,qr,4,dpp-section-view,Sustainability,,mobile,DE-NW,synthetic
2026-07-07,session-00681,gmh-gruppe-sn-00000006-c0a7c1a5,qr,5,dpp-section-view,Materials,,mobile,DE-NW,synthetic
2026-07-05,session-00682,gmh-gruppe-sn-00000006-c0a7c1a5,qr,1,dpp-section-view,Product Information,,mobile,BE-VLG,synthetic
2026-07-05,session-00682,gmh-gruppe-sn-00000006-c0a7c1a5,qr,2,dpp-section-view,Materials,,mobile,BE-VLG,synthetic
2026-07-05,session-00682,gmh-gruppe-sn-00000006-c0a7c1a5,qr,3,dpp-section-view,Overview,,mobile,BE-VLG,synthetic
2026-07-05,session-00682,gmh-gruppe-sn-00000006-c0a7c1a5,qr,4,dpp-section-view,Traceability,,mobile,BE-VLG,synthetic
2026-07-05,session-00682,gmh-gruppe-sn-00000006-c0a7c1a5,qr,5,dpp-section-view,Sustainability,,mobile,BE-VLG,synthetic
2026-07-05,session-00682,gmh-gruppe-sn-00000006-c0a7c1a5,qr,6,dpp-document-open,Documents,Declaration of Conformity.pdf,mobile,BE-VLG,synthetic
2026-05-12,session-00683,gmh-gruppe-sn-00000006-c0a7c1a5,qr,1,dpp-section-view,Overview,,mobile,BE-VLG,synthetic
2026-06-21,session-00684,gmh-gruppe-sn-00000006-c0a7c1a5,web,1,dpp-section-view,Sustainability,,desktop,DE-NW,synthetic
2026-06-21,session-00684,gmh-gruppe-sn-00000006-c0a7c1a5,web,2,dpp-section-view,Product Information,,desktop,DE-NW,synthetic
2026-06-21,session-00684,gmh-gruppe-sn-00000006-c0a7c1a5,web,3,dpp-section-view,Overview,,desktop,DE-NW,synthetic
2026-06-18,session-00685,gmh-gruppe-sn-00000006-c0a7c1a5,qr,1,dpp-section-view,Traceability,,mobile,DE-BE,synthetic
2026-06-18,session-00685,gmh-gruppe-sn-00000006-c0a7c1a5,qr,2,dpp-section-view,Documents,,mobile,DE-BE,synthetic
2026-06-18,session-00685,gmh-gruppe-sn-00000006-c0a7c1a5,qr,3,dpp-section-view,Overview,,mobile,DE-BE,synthetic
2026-06-18,session-00685,gmh-gruppe-sn-00000006-c0a7c1a5,qr,4,dpp-section-view,Sustainability,,mobile,DE-BE,synthetic
2026-06-18,session-00685,gmh-gruppe-sn-00000006-c0a7c1a5,qr,5,dpp-document-open,Documents,Sustainability Certificate.pdf,mobile,DE-BE,synthetic
2026-05-08,session-00686,mannstaedt-demo-002,web,1,dpp-section-view,Materials,,tablet,BE-VLG,synthetic
2026-05-08,session-00686,mannstaedt-demo-002,web,2,dpp-section-view,Overview,,tablet,BE-VLG,synthetic
2026-05-08,session-00686,mannstaedt-demo-002,web,3,dpp-section-view,Documents,,tablet,BE-VLG,synthetic
2026-05-08,session-00686,mannstaedt-demo-002,web,4,dpp-document-open,Documents,Technical Datasheet.pdf,tablet,BE-VLG,synthetic
2026-05-08,session-00686,mannstaedt-demo-002,web,5,dpp-document-open,Documents,Technical Datasheet.pdf,tablet,BE-VLG,synthetic
2026-05-08,session-00686,mannstaedt-demo-002,web,6,dpp-document-open,Documents,Material Certificate.pdf,tablet,BE-VLG,synthetic
2026-05-11,session-00687,mannstaedt-demo-003,qr,1,dpp-section-view,Overview,,tablet,DE-BE,synthetic
2026-05-11,session-00687,mannstaedt-demo-003,qr,2,dpp-section-view,Sustainability,,tablet,DE-BE,synthetic
2026-08-12,session-00688,gmh-gruppe-sn-00000006-c0a7c1a5,qr,1,dpp-section-view,Overview,,desktop,DE-BY,synthetic
2026-08-12,session-00688,gmh-gruppe-sn-00000006-c0a7c1a5,qr,2,dpp-section-view,Materials,,desktop,DE-BY,synthetic
2026-06-09,session-00689,gmh-gruppe-sn-00000006-c0a7c1a5,qr,1,dpp-section-view,Materials,,desktop,DE-BY,synthetic
2026-06-09,session-00689,gmh-gruppe-sn-00000006-c0a7c1a5,qr,2,dpp-section-view,Overview,,desktop,DE-BY,synthetic
2026-06-09,session-00689,gmh-gruppe-sn-00000006-c0a7c1a5,qr,3,dpp-section-view,Sustainability,,desktop,DE-BY,synthetic
2026-06-09,session-00689,gmh-gruppe-sn-00000006-c0a7c1a5,qr,4,dpp-section-view,Documents,,desktop,DE-BY,synthetic
2026-06-09,session-00689,gmh-gruppe-sn-00000006-c0a7c1a5,qr,5,dpp-document-open,Documents,Declaration of Conformity.pdf,desktop,DE-BY,synthetic
2026-06-09,session-00689,gmh-gruppe-sn-00000006-c0a7c1a5,qr,6,dpp-document-open,Documents,Sustainability Certificate.pdf,desktop,DE-BY,synthetic
2026-06-09,session-00689,gmh-gruppe-sn-00000006-c0a7c1a5,qr,7,dpp-document-open,Documents,Technical Datasheet.pdf,desktop,DE-BY,synthetic
2026-05-04,session-00690,gmh-gruppe-sn-00000006-c0a7c1a5,qr,1,dpp-section-view,Traceability,,mobile,BE-VLG,synthetic
2026-05-04,session-00690,gmh-gruppe-sn-00000006-c0a7c1a5,qr,2,dpp-section-view,Overview,,mobile,BE-VLG,synthetic
2026-05-04,session-00690,gmh-gruppe-sn-00000006-c0a7c1a5,qr,3,dpp-section-view,Product Information,,mobile,BE-VLG,synthetic
2026-05-04,session-00690,gmh-gruppe-sn-00000006-c0a7c1a5,qr,4,dpp-section-view,Materials,,mobile,BE-VLG,synthetic
2026-05-04,session-00690,gmh-gruppe-sn-00000006-c0a7c1a5,qr,5,dpp-section-view,Sustainability,,mobile,BE-VLG,synthetic
2026-05-15,session-00691,gmh-gruppe-sn-00000006-c0a7c1a5,web,1,dpp-section-view,Overview,,mobile,DE-BE,synthetic
2026-06-11,session-00692,gmh-gruppe-sn-00000006-c0a7c1a5,qr,1,dpp-section-view,Documents,,mobile,DE-BE,synthetic
2026-06-11,session-00692,gmh-gruppe-sn-00000006-c0a7c1a5,qr,2,dpp-section-view,Traceability,,mobile,DE-BE,synthetic
2026-06-11,session-00692,gmh-gruppe-sn-00000006-c0a7c1a5,qr,3,dpp-section-view,Product Information,,mobile,DE-BE,synthetic
2026-06-11,session-00692,gmh-gruppe-sn-00000006-c0a7c1a5,qr,4,dpp-section-view,Materials,,mobile,DE-BE,synthetic
2026-06-11,session-00692,gmh-gruppe-sn-00000006-c0a7c1a5,qr,5,dpp-section-view,Sustainability,,mobile,DE-BE,synthetic
2026-06-11,session-00692,gmh-gruppe-sn-00000006-c0a7c1a5,qr,6,dpp-section-view,Overview,,mobile,DE-BE,synthetic
2026-09-01,session-00693,mannstaedt-demo-002,qr,1,dpp-section-view,Overview,,mobile,DE-BE,synthetic
2026-09-01,session-00693,mannstaedt-demo-002,qr,2,dpp-section-view,Traceability,,mobile,DE-BE,synthetic
2026-09-01,session-00693,mannstaedt-demo-002,qr,3,dpp-section-view,Materials,,mobile,DE-BE,synthetic
2026-08-05,session-00694,gmh-gruppe-sn-00000006-c0a7c1a5,web,1,dpp-section-view,Overview,,desktop,DE-BE,synthetic
2026-08-05,session-00694,gmh-gruppe-sn-00000006-c0a7c1a5,web,2,dpp-section-view,Materials,,desktop,DE-BE,synthetic
2026-07-06,session-00695,gmh-gruppe-sn-00000006-c0a7c1a5,qr,1,dpp-section-view,Overview,,mobile,BE-VLG,synthetic
2026-07-06,session-00695,gmh-gruppe-sn-00000006-c0a7c1a5,qr,2,dpp-section-view,Product Information,,mobile,BE-VLG,synthetic
2026-07-06,session-00695,gmh-gruppe-sn-00000006-c0a7c1a5,qr,3,dpp-section-view,Materials,,mobile,BE-VLG,synthetic
2026-07-06,session-00695,gmh-gruppe-sn-00000006-c0a7c1a5,qr,4,dpp-document-open,Documents,Declaration of Conformity.pdf,mobile,BE-VLG,synthetic
2026-07-06,session-00695,gmh-gruppe-sn-00000006-c0a7c1a5,qr,5,dpp-document-open,Documents,Technical Datasheet.pdf,mobile,BE-VLG,synthetic
2026-06-04,session-00696,gmh-gruppe-sn-00000006-c0a7c1a5,qr,1,dpp-section-view,Documents,,mobile,NL-NH,synthetic
2026-06-04,session-00696,gmh-gruppe-sn-00000006-c0a7c1a5,qr,2,dpp-section-view,Materials,,mobile,NL-NH,synthetic
2026-06-04,session-00696,gmh-gruppe-sn-00000006-c0a7c1a5,qr,3,dpp-section-view,Product Information,,mobile,NL-NH,synthetic
2026-06-04,session-00696,gmh-gruppe-sn-00000006-c0a7c1a5,qr,4,dpp-section-view,Sustainability,,mobile,NL-NH,synthetic
2026-06-04,session-00696,gmh-gruppe-sn-00000006-c0a7c1a5,qr,5,dpp-section-view,Traceability,,mobile,NL-NH,synthetic
2026-06-04,session-00696,gmh-gruppe-sn-00000006-c0a7c1a5,qr,6,dpp-section-view,Overview,,mobile,NL-NH,synthetic
2026-06-25,session-00697,gmh-gruppe-sn-00000006-c0a7c1a5,qr,1,dpp-section-view,Sustainability,,desktop,NL-NH,synthetic
2026-06-25,session-00697,gmh-gruppe-sn-00000006-c0a7c1a5,qr,2,dpp-section-view,Product Information,,desktop,NL-NH,synthetic
2026-06-25,session-00697,gmh-gruppe-sn-00000006-c0a7c1a5,qr,3,dpp-section-view,Overview,,desktop,NL-NH,synthetic
2026-07-26,session-00698,gmh-gruppe-sn-00000006-c0a7c1a5,qr,1,dpp-section-view,Product Information,,mobile,DE-NW,synthetic
2026-07-26,session-00698,gmh-gruppe-sn-00000006-c0a7c1a5,qr,2,dpp-section-view,Documents,,mobile,DE-NW,synthetic
2026-07-26,session-00698,gmh-gruppe-sn-00000006-c0a7c1a5,qr,3,dpp-section-view,Overview,,mobile,DE-NW,synthetic
2026-06-08,session-00699,gmh-gruppe-sn-00000006-c0a7c1a5,qr,1,dpp-section-view,Traceability,,mobile,DE-BE,synthetic
2026-06-08,session-00699,gmh-gruppe-sn-00000006-c0a7c1a5,qr,2,dpp-section-view,Product Information,,mobile,DE-BE,synthetic
2026-06-08,session-00699,gmh-gruppe-sn-00000006-c0a7c1a5,qr,3,dpp-section-view,Overview,,mobile,DE-BE,synthetic
2026-06-08,session-00699,gmh-gruppe-sn-00000006-c0a7c1a5,qr,4,dpp-section-view,Materials,,mobile,DE-BE,synthetic
2026-06-08,session-00699,gmh-gruppe-sn-00000006-c0a7c1a5,qr,5,dpp-section-view,Sustainability,,mobile,DE-BE,synthetic
2026-06-08,session-00699,gmh-gruppe-sn-00000006-c0a7c1a5,qr,6,dpp-section-view,Documents,,mobile,DE-BE,synthetic
2026-08-13,session-00700,gmh-gruppe-sn-00000006-c0a7c1a5,qr,1,dpp-section-view,Overview,,desktop,DE-NW,synthetic
2026-08-13,session-00700,gmh-gruppe-sn-00000006-c0a7c1a5,qr,2,dpp-section-view,Sustainability,,desktop,DE-NW,synthetic
2026-08-13,session-00700,gmh-gruppe-sn-00000006-c0a7c1a5,qr,3,dpp-section-view,Documents,,desktop,DE-NW,synthetic
2026-08-13,session-00700,gmh-gruppe-sn-00000006-c0a7c1a5,qr,4,dpp-section-view,Materials,,desktop,DE-NW,synthetic
2026-08-13,session-00700,gmh-gruppe-sn-00000006-c0a7c1a5,qr,5,dpp-section-view,Product Information,,desktop,DE-NW,synthetic
2026-08-13,session-00700,gmh-gruppe-sn-00000006-c0a7c1a5,qr,6,dpp-section-view,Traceability,,desktop,DE-NW,synthetic
2026-08-13,session-00700,gmh-gruppe-sn-00000006-c0a7c1a5,qr,7,dpp-document-open,Documents,Sustainability Certificate.pdf,desktop,DE-NW,synthetic
2026-07-08,session-00701,gmh-gruppe-sn-00000006-c0a7c1a5,web,1,dpp-section-view,Overview,,desktop,BE-VLG,synthetic
2026-08-14,session-00702,mannstaedt-demo-003,qr,1,dpp-section-view,Overview,,mobile,NL-NH,synthetic
2026-08-14,session-00702,mannstaedt-demo-003,qr,2,dpp-document-open,Documents,Technical Datasheet.pdf,mobile,NL-NH,synthetic
2026-05-05,session-00703,gmh-gruppe-sn-00000006-c0a7c1a5,web,1,dpp-section-view,Overview,,tablet,DE-BE,synthetic
2026-05-11,session-00704,gmh-gruppe-sn-00000006-c0a7c1a5,qr,1,dpp-section-view,Overview,,mobile,DE-BY,synthetic
2026-05-11,session-00704,gmh-gruppe-sn-00000006-c0a7c1a5,qr,2,dpp-document-open,Documents,Technical Datasheet.pdf,mobile,DE-BY,synthetic
2026-05-11,session-00704,gmh-gruppe-sn-00000006-c0a7c1a5,qr,3,dpp-document-open,Documents,Sustainability Certificate.pdf,mobile,DE-BY,synthetic
2026-07-21,session-00705,mannstaedt-demo-003,qr,1,dpp-section-view,Overview,,mobile,DE-BY,synthetic
2026-07-21,session-00705,mannstaedt-demo-003,qr,2,dpp-document-open,Documents,Declaration of Conformity.pdf,mobile,DE-BY,synthetic
2026-07-21,session-00705,mannstaedt-demo-003,qr,3,dpp-document-open,Documents,Declaration of Conformity.pdf,mobile,DE-BY,synthetic
2026-07-21,session-00705,mannstaedt-demo-003,qr,4,dpp-document-open,Documents,Sustainability Certificate.pdf,mobile,DE-BY,synthetic
2026-05-13,session-00706,gmh-gruppe-sn-00000006-c0a7c1a5,web,1,dpp-section-view,Overview,,desktop,BE-VLG,synthetic
2026-05-13,session-00706,gmh-gruppe-sn-00000006-c0a7c1a5,web,2,dpp-section-view,Product Information,,desktop,BE-VLG,synthetic
2026-09-06,session-00707,mannstaedt-demo-003,qr,1,dpp-section-view,Overview,,desktop,DE-BE,synthetic
2026-09-06,session-00707,mannstaedt-demo-003,qr,2,dpp-section-view,Documents,,desktop,DE-BE,synthetic
2026-09-06,session-00707,mannstaedt-demo-003,qr,3,dpp-document-open,Documents,Sustainability Certificate.pdf,desktop,DE-BE,synthetic
2026-06-05,session-00708,mannstaedt-demo-002,qr,1,dpp-section-view,Overview,,desktop,DE-NW,synthetic
2026-06-05,session-00708,mannstaedt-demo-002,qr,2,dpp-section-view,Materials,,desktop,DE-NW,synthetic
2026-06-05,session-00708,mannstaedt-demo-002,qr,3,dpp-section-view,Product Information,,desktop,DE-NW,synthetic
2026-06-05,session-00708,mannstaedt-demo-002,qr,4,dpp-section-view,Traceability,,desktop,DE-NW,synthetic
2026-08-14,session-00709,mannstaedt-demo-003,web,1,dpp-section-view,Sustainability,,desktop,BE-VLG,synthetic
2026-08-14,session-00709,mannstaedt-demo-003,web,2,dpp-section-view,Materials,,desktop,BE-VLG,synthetic
2026-08-14,session-00709,mannstaedt-demo-003,web,3,dpp-section-view,Overview,,desktop,BE-VLG,synthetic
2026-08-14,session-00709,mannstaedt-demo-003,web,4,dpp-section-view,Product Information,,desktop,BE-VLG,synthetic
2026-08-14,session-00709,mannstaedt-demo-003,web,5,dpp-section-view,Traceability,,desktop,BE-VLG,synthetic
2026-05-30,session-00710,gmh-gruppe-sn-00000006-c0a7c1a5,web,1,dpp-section-view,Overview,,desktop,DE-NW,synthetic
2026-05-30,session-00710,gmh-gruppe-sn-00000006-c0a7c1a5,web,2,dpp-section-view,Sustainability,,desktop,DE-NW,synthetic
2026-05-30,session-00710,gmh-gruppe-sn-00000006-c0a7c1a5,web,3,dpp-section-view,Materials,,desktop,DE-NW,synthetic
2026-05-30,session-00710,gmh-gruppe-sn-00000006-c0a7c1a5,web,4,dpp-section-view,Product Information,,desktop,DE-NW,synthetic
2026-05-30,session-00710,gmh-gruppe-sn-00000006-c0a7c1a5,web,5,dpp-document-open,Documents,Sustainability Certificate.pdf,desktop,DE-NW,synthetic
2026-06-07,session-00711,gmh-gruppe-sn-00000006-c0a7c1a5,qr,1,dpp-section-view,Overview,,desktop,DE-BY,synthetic
2026-06-16,session-00712,gmh-gruppe-sn-00000006-c0a7c1a5,web,1,dpp-section-view,Product Information,,mobile,DE-NW,synthetic
2026-06-16,session-00712,gmh-gruppe-sn-00000006-c0a7c1a5,web,2,dpp-section-view,Materials,,mobile,DE-NW,synthetic
2026-06-16,session-00712,gmh-gruppe-sn-00000006-c0a7c1a5,web,3,dpp-section-view,Documents,,mobile,DE-NW,synthetic
2026-06-16,session-00712,gmh-gruppe-sn-00000006-c0a7c1a5,web,4,dpp-section-view,Overview,,mobile,DE-NW,synthetic
2026-06-16,session-00712,gmh-gruppe-sn-00000006-c0a7c1a5,web,5,dpp-section-view,Traceability,,mobile,DE-NW,synthetic
2026-06-16,session-00712,gmh-gruppe-sn-00000006-c0a7c1a5,web,6,dpp-section-view,Sustainability,,mobile,DE-NW,synthetic
2026-08-24,session-00713,gmh-gruppe-sn-00000006-c0a7c1a5,web,1,dpp-section-view,Overview,,desktop,DE-BY,synthetic
2026-08-24,session-00713,gmh-gruppe-sn-00000006-c0a7c1a5,web,2,dpp-section-view,Documents,,desktop,DE-BY,synthetic
2026-08-24,session-00713,gmh-gruppe-sn-00000006-c0a7c1a5,web,3,dpp-section-view,Product Information,,desktop,DE-BY,synthetic
2026-08-18,session-00714,gmh-gruppe-sn-00000006-c0a7c1a5,qr,1,dpp-section-view,Overview,,desktop,BE-VLG,synthetic
2026-08-18,session-00714,gmh-gruppe-sn-00000006-c0a7c1a5,qr,2,dpp-section-view,Product Information,,desktop,BE-VLG,synthetic
2026-08-18,session-00714,gmh-gruppe-sn-00000006-c0a7c1a5,qr,3,dpp-section-view,Materials,,desktop,BE-VLG,synthetic
2026-08-18,session-00714,gmh-gruppe-sn-00000006-c0a7c1a5,qr,4,dpp-document-open,Documents,Declaration of Conformity.pdf,desktop,BE-VLG,synthetic
2026-08-01,session-00715,mannstaedt-demo-002,qr,1,dpp-section-view,Sustainability,,desktop,DE-BY,synthetic
2026-08-01,session-00715,mannstaedt-demo-002,qr,2,dpp-section-view,Overview,,desktop,DE-BY,synthetic
2026-08-01,session-00715,mannstaedt-demo-002,qr,3,dpp-section-view,Documents,,desktop,DE-BY,synthetic
2026-08-01,session-00715,mannstaedt-demo-002,qr,4,dpp-section-view,Product Information,,desktop,DE-BY,synthetic
2026-08-01,session-00715,mannstaedt-demo-002,qr,5,dpp-section-view,Materials,,desktop,DE-BY,synthetic
2026-08-01,session-00715,mannstaedt-demo-002,qr,6,dpp-section-view,Traceability,,desktop,DE-BY,synthetic
2026-08-01,session-00716,mannstaedt-demo-002,web,1,dpp-section-view,Overview,,mobile,BE-VLG,synthetic
2026-08-01,session-00716,mannstaedt-demo-002,web,2,dpp-section-view,Documents,,mobile,BE-VLG,synthetic
2026-08-14,session-00717,mannstaedt-demo-003,qr,1,dpp-section-view,Traceability,,mobile,DE-BE,synthetic
2026-08-14,session-00717,mannstaedt-demo-003,qr,2,dpp-section-view,Overview,,mobile,DE-BE,synthetic
2026-08-14,session-00717,mannstaedt-demo-003,qr,3,dpp-section-view,Sustainability,,mobile,DE-BE,synthetic
2026-08-12,session-00718,gmh-gruppe-sn-00000006-c0a7c1a5,qr,1,dpp-section-view,Product Information,,mobile,DE-NW,synthetic
2026-08-12,session-00718,gmh-gruppe-sn-00000006-c0a7c1a5,qr,2,dpp-section-view,Overview,,mobile,DE-NW,synthetic
2026-08-12,session-00718,gmh-gruppe-sn-00000006-c0a7c1a5,qr,3,dpp-section-view,Materials,,mobile,DE-NW,synthetic
2026-08-12,session-00718,gmh-gruppe-sn-00000006-c0a7c1a5,qr,4,dpp-document-open,Documents,Sustainability Certificate.pdf,mobile,DE-NW,synthetic
2026-08-12,session-00718,gmh-gruppe-sn-00000006-c0a7c1a5,qr,5,dpp-document-open,Documents,Sustainability Certificate.pdf,mobile,DE-NW,synthetic
2026-08-18,session-00719,gmh-gruppe-sn-00000006-c0a7c1a5,web,1,dpp-section-view,Overview,,desktop,DE-BE,synthetic
2026-08-18,session-00719,gmh-gruppe-sn-00000006-c0a7c1a5,web,2,dpp-document-open,Documents,Declaration of Conformity.pdf,desktop,DE-BE,synthetic
2026-08-18,session-00719,gmh-gruppe-sn-00000006-c0a7c1a5,web,3,dpp-document-open,Documents,Declaration of Conformity.pdf,desktop,DE-BE,synthetic
2026-07-25,session-00720,gmh-gruppe-sn-00000006-c0a7c1a5,qr,1,dpp-section-view,Overview,,desktop,NL-NH,synthetic
2026-07-25,session-00720,gmh-gruppe-sn-00000006-c0a7c1a5,qr,2,dpp-section-view,Traceability,,desktop,NL-NH,synthetic
2026-07-25,session-00720,gmh-gruppe-sn-00000006-c0a7c1a5,qr,3,dpp-section-view,Product Information,,desktop,NL-NH,synthetic
2026-07-25,session-00720,gmh-gruppe-sn-00000006-c0a7c1a5,qr,4,dpp-section-view,Sustainability,,desktop,NL-NH,synthetic
2026-07-25,session-00720,gmh-gruppe-sn-00000006-c0a7c1a5,qr,5,dpp-section-view,Documents,,desktop,NL-NH,synthetic
2026-07-25,session-00720,gmh-gruppe-sn-00000006-c0a7c1a5,qr,6,dpp-document-open,Documents,Material Certificate.pdf,desktop,NL-NH,synthetic
2026-07-25,session-00720,gmh-gruppe-sn-00000006-c0a7c1a5,qr,7,dpp-document-open,Documents,Sustainability Certificate.pdf,desktop,NL-NH,synthetic
2026-08-23,session-00721,gmh-gruppe-sn-00000006-c0a7c1a5,web,1,dpp-section-view,Overview,,mobile,DE-NW,synthetic
2026-08-23,session-00721,gmh-gruppe-sn-00000006-c0a7c1a5,web,2,dpp-document-open,Documents,Technical Datasheet.pdf,mobile,DE-NW,synthetic
2026-08-23,session-00721,gmh-gruppe-sn-00000006-c0a7c1a5,web,3,dpp-document-open,Documents,Declaration of Conformity.pdf,mobile,DE-NW,synthetic
2026-07-21,session-00722,gmh-gruppe-sn-00000006-c0a7c1a5,qr,1,dpp-section-view,Overview,,mobile,BE-VLG,synthetic
2026-07-21,session-00722,gmh-gruppe-sn-00000006-c0a7c1a5,qr,2,dpp-section-view,Traceability,,mobile,BE-VLG,synthetic
2026-07-21,session-00722,gmh-gruppe-sn-00000006-c0a7c1a5,qr,3,dpp-document-open,Documents,Declaration of Conformity.pdf,mobile,BE-VLG,synthetic
2026-07-21,session-00722,gmh-gruppe-sn-00000006-c0a7c1a5,qr,4,dpp-document-open,Documents,Material Certificate.pdf,mobile,BE-VLG,synthetic
2026-05-25,session-00723,gmh-gruppe-sn-00000006-c0a7c1a5,qr,1,dpp-section-view,Overview,,desktop,DE-NW,synthetic
2026-05-25,session-00723,gmh-gruppe-sn-00000006-c0a7c1a5,qr,2,dpp-section-view,Documents,,desktop,DE-NW,synthetic
2026-05-25,session-00723,gmh-gruppe-sn-00000006-c0a7c1a5,qr,3,dpp-document-open,Documents,Sustainability Certificate.pdf,desktop,DE-NW,synthetic
2026-05-25,session-00723,gmh-gruppe-sn-00000006-c0a7c1a5,qr,4,dpp-document-open,Documents,Technical Datasheet.pdf,desktop,DE-NW,synthetic
2026-05-25,session-00723,gmh-gruppe-sn-00000006-c0a7c1a5,qr,5,dpp-document-open,Documents,Material Certificate.pdf,desktop,DE-NW,synthetic
2026-05-25,session-00724,gmh-gruppe-sn-00000006-c0a7c1a5,web,1,dpp-section-view,Documents,,desktop,DE-NW,synthetic
2026-05-25,session-00724,gmh-gruppe-sn-00000006-c0a7c1a5,web,2,dpp-section-view,Product Information,,desktop,DE-NW,synthetic
2026-05-25,session-00724,gmh-gruppe-sn-00000006-c0a7c1a5,web,3,dpp-section-view,Materials,,desktop,DE-NW,synthetic
2026-05-25,session-00724,gmh-gruppe-sn-00000006-c0a7c1a5,web,4,dpp-section-view,Overview,,desktop,DE-NW,synthetic
2026-05-29,session-00725,mannstaedt-demo-002,qr,1,dpp-section-view,Materials,,desktop,DE-BE,synthetic
2026-05-29,session-00725,mannstaedt-demo-002,qr,2,dpp-section-view,Overview,,desktop,DE-BE,synthetic
2026-05-29,session-00725,mannstaedt-demo-002,qr,3,dpp-section-view,Traceability,,desktop,DE-BE,synthetic
2026-05-29,session-00725,mannstaedt-demo-002,qr,4,dpp-section-view,Documents,,desktop,DE-BE,synthetic
2026-05-29,session-00725,mannstaedt-demo-002,qr,5,dpp-section-view,Product Information,,desktop,DE-BE,synthetic
2026-05-29,session-00725,mannstaedt-demo-002,qr,6,dpp-section-view,Sustainability,,desktop,DE-BE,synthetic
2026-07-31,session-00726,gmh-gruppe-sn-00000006-c0a7c1a5,qr,1,dpp-section-view,Overview,,mobile,NL-NH,synthetic
2026-05-07,session-00727,gmh-gruppe-sn-00000006-c0a7c1a5,web,1,dpp-section-view,Overview,,mobile,DE-BY,synthetic
2026-05-07,session-00727,gmh-gruppe-sn-00000006-c0a7c1a5,web,2,dpp-section-view,Documents,,mobile,DE-BY,synthetic
2026-05-07,session-00727,gmh-gruppe-sn-00000006-c0a7c1a5,web,3,dpp-section-view,Materials,,mobile,DE-BY,synthetic
2026-05-03,session-00728,mannstaedt-demo-002,web,1,dpp-section-view,Overview,,desktop,BE-VLG,synthetic
2026-05-03,session-00728,mannstaedt-demo-002,web,2,dpp-section-view,Sustainability,,desktop,BE-VLG,synthetic
2026-05-03,session-00728,mannstaedt-demo-002,web,3,dpp-section-view,Documents,,desktop,BE-VLG,synthetic
2026-05-03,session-00728,mannstaedt-demo-002,web,4,dpp-section-view,Materials,,desktop,BE-VLG,synthetic
2026-05-03,session-00728,mannstaedt-demo-002,web,5,dpp-document-open,Documents,Sustainability Certificate.pdf,desktop,BE-VLG,synthetic
2026-08-03,session-00729,mannstaedt-demo-003,qr,1,dpp-section-view,Overview,,tablet,DE-NW,synthetic
2026-08-03,session-00729,mannstaedt-demo-003,qr,2,dpp-section-view,Materials,,tablet,DE-NW,synthetic
2026-05-27,session-00730,gmh-gruppe-sn-00000006-c0a7c1a5,web,1,dpp-section-view,Overview,,desktop,DE-BY,synthetic
2026-06-21,session-00731,mannstaedt-demo-003,qr,1,dpp-section-view,Overview,,mobile,NL-NH,synthetic
2026-06-21,session-00731,mannstaedt-demo-003,qr,2,dpp-section-view,Documents,,mobile,NL-NH,synthetic
2026-08-09,session-00732,gmh-gruppe-sn-00000006-c0a7c1a5,qr,1,dpp-section-view,Overview,,desktop,DE-NW,synthetic
2026-08-09,session-00732,gmh-gruppe-sn-00000006-c0a7c1a5,qr,2,dpp-section-view,Product Information,,desktop,DE-NW,synthetic
2026-05-04,session-00733,gmh-gruppe-sn-00000006-c0a7c1a5,qr,1,dpp-section-view,Product Information,,desktop,BE-VLG,synthetic
2026-05-04,session-00733,gmh-gruppe-sn-00000006-c0a7c1a5,qr,2,dpp-section-view,Overview,,desktop,BE-VLG,synthetic
2026-05-04,session-00733,gmh-gruppe-sn-00000006-c0a7c1a5,qr,3,dpp-section-view,Sustainability,,desktop,BE-VLG,synthetic
2026-05-04,session-00733,gmh-gruppe-sn-00000006-c0a7c1a5,qr,4,dpp-section-view,Traceability,,desktop,BE-VLG,synthetic
2026-05-04,session-00733,gmh-gruppe-sn-00000006-c0a7c1a5,qr,5,dpp-section-view,Materials,,desktop,BE-VLG,synthetic
2026-05-04,session-00733,gmh-gruppe-sn-00000006-c0a7c1a5,qr,6,dpp-document-open,Documents,Technical Datasheet.pdf,desktop,BE-VLG,synthetic
2026-05-04,session-00733,gmh-gruppe-sn-00000006-c0a7c1a5,qr,7,dpp-document-open,Documents,Declaration of Conformity.pdf,desktop,BE-VLG,synthetic
2026-06-25,session-00734,gmh-gruppe-sn-00000006-c0a7c1a5,qr,1,dpp-section-view,Overview,,mobile,DE-BE,synthetic
2026-06-25,session-00734,gmh-gruppe-sn-00000006-c0a7c1a5,qr,2,dpp-section-view,Documents,,mobile,DE-BE,synthetic
2026-06-25,session-00734,gmh-gruppe-sn-00000006-c0a7c1a5,qr,3,dpp-section-view,Sustainability,,mobile,DE-BE,synthetic
2026-06-16,session-00735,gmh-gruppe-sn-00000006-c0a7c1a5,qr,1,dpp-section-view,Overview,,desktop,NL-NH,synthetic
2026-06-16,session-00735,gmh-gruppe-sn-00000006-c0a7c1a5,qr,2,dpp-section-view,Traceability,,desktop,NL-NH,synthetic
2026-06-16,session-00735,gmh-gruppe-sn-00000006-c0a7c1a5,qr,3,dpp-section-view,Documents,,desktop,NL-NH,synthetic
2026-06-16,session-00735,gmh-gruppe-sn-00000006-c0a7c1a5,qr,4,dpp-document-open,Documents,Material Certificate.pdf,desktop,NL-NH,synthetic
2026-06-16,session-00735,gmh-gruppe-sn-00000006-c0a7c1a5,qr,5,dpp-document-open,Documents,Material Certificate.pdf,desktop,NL-NH,synthetic
2026-06-16,session-00735,gmh-gruppe-sn-00000006-c0a7c1a5,qr,6,dpp-document-open,Documents,Material Certificate.pdf,desktop,NL-NH,synthetic
2026-05-11,session-00736,gmh-gruppe-sn-00000006-c0a7c1a5,qr,1,dpp-section-view,Overview,,tablet,DE-NW,synthetic
2026-05-11,session-00736,gmh-gruppe-sn-00000006-c0a7c1a5,qr,2,dpp-section-view,Sustainability,,tablet,DE-NW,synthetic
2026-05-11,session-00736,gmh-gruppe-sn-00000006-c0a7c1a5,qr,3,dpp-document-open,Documents,Declaration of Conformity.pdf,tablet,DE-NW,synthetic
2026-07-25,session-00737,mannstaedt-demo-002,qr,1,dpp-section-view,Overview,,mobile,NL-NH,synthetic
2026-08-25,session-00738,mannstaedt-demo-002,web,1,dpp-section-view,Overview,,mobile,DE-BE,synthetic
2026-08-25,session-00738,mannstaedt-demo-002,web,2,dpp-section-view,Traceability,,mobile,DE-BE,synthetic
2026-08-25,session-00738,mannstaedt-demo-002,web,3,dpp-document-open,Documents,Technical Datasheet.pdf,mobile,DE-BE,synthetic
2026-09-02,session-00739,gmh-gruppe-sn-00000006-c0a7c1a5,qr,1,dpp-section-view,Overview,,desktop,BE-VLG,synthetic
2026-09-02,session-00739,gmh-gruppe-sn-00000006-c0a7c1a5,qr,2,dpp-section-view,Documents,,desktop,BE-VLG,synthetic
2026-06-24,session-00740,gmh-gruppe-sn-00000006-c0a7c1a5,qr,1,dpp-section-view,Overview,,desktop,DE-BE,synthetic
2026-06-24,session-00740,gmh-gruppe-sn-00000006-c0a7c1a5,qr,2,dpp-document-open,Documents,Material Certificate.pdf,desktop,DE-BE,synthetic
2026-08-04,session-00741,gmh-gruppe-sn-00000006-c0a7c1a5,web,1,dpp-section-view,Overview,,mobile,DE-BE,synthetic
2026-06-20,session-00742,gmh-gruppe-sn-00000006-c0a7c1a5,qr,1,dpp-section-view,Product Information,,desktop,DE-NW,synthetic
2026-06-20,session-00742,gmh-gruppe-sn-00000006-c0a7c1a5,qr,2,dpp-section-view,Overview,,desktop,DE-NW,synthetic
2026-06-20,session-00742,gmh-gruppe-sn-00000006-c0a7c1a5,qr,3,dpp-section-view,Materials,,desktop,DE-NW,synthetic
2026-09-02,session-00743,mannstaedt-demo-003,web,1,dpp-section-view,Overview,,mobile,DE-BE,synthetic
2026-09-02,session-00743,mannstaedt-demo-003,web,2,dpp-document-open,Documents,Sustainability Certificate.pdf,mobile,DE-BE,synthetic
2026-07-08,session-00744,mannstaedt-demo-002,qr,1,dpp-section-view,Product Information,,mobile,DE-NW,synthetic
2026-07-08,session-00744,mannstaedt-demo-002,qr,2,dpp-section-view,Materials,,mobile,DE-NW,synthetic
2026-07-08,session-00744,mannstaedt-demo-002,qr,3,dpp-section-view,Overview,,mobile,DE-NW,synthetic
2026-07-08,session-00744,mannstaedt-demo-002,qr,4,dpp-section-view,Sustainability,,mobile,DE-NW,synthetic
2026-07-08,session-00744,mannstaedt-demo-002,qr,5,dpp-section-view,Documents,,mobile,DE-NW,synthetic
2026-07-08,session-00744,mannstaedt-demo-002,qr,6,dpp-section-view,Traceability,,mobile,DE-NW,synthetic
2026-07-08,session-00744,mannstaedt-demo-002,qr,7,dpp-document-open,Documents,Sustainability Certificate.pdf,mobile,DE-NW,synthetic
2026-07-08,session-00744,mannstaedt-demo-002,qr,8,dpp-document-open,Documents,Declaration of Conformity.pdf,mobile,DE-NW,synthetic
2026-07-08,session-00744,mannstaedt-demo-002,qr,9,dpp-document-open,Documents,Declaration of Conformity.pdf,mobile,DE-NW,synthetic
2026-05-02,session-00745,gmh-gruppe-sn-00000006-c0a7c1a5,qr,1,dpp-section-view,Overview,,desktop,DE-BE,synthetic
2026-05-02,session-00745,gmh-gruppe-sn-00000006-c0a7c1a5,qr,2,dpp-section-view,Materials,,desktop,DE-BE,synthetic
2026-05-02,session-00745,gmh-gruppe-sn-00000006-c0a7c1a5,qr,3,dpp-section-view,Documents,,desktop,DE-BE,synthetic
2026-05-02,session-00745,gmh-gruppe-sn-00000006-c0a7c1a5,qr,4,dpp-section-view,Traceability,,desktop,DE-BE,synthetic
2026-06-16,session-00746,gmh-gruppe-sn-00000006-c0a7c1a5,web,1,dpp-section-view,Overview,,desktop,DE-BE,synthetic
2026-06-16,session-00746,gmh-gruppe-sn-00000006-c0a7c1a5,web,2,dpp-section-view,Documents,,desktop,DE-BE,synthetic
2026-07-01,session-00747,gmh-gruppe-sn-00000006-c0a7c1a5,qr,1,dpp-section-view,Overview,,mobile,NL-NH,synthetic
2026-07-01,session-00747,gmh-gruppe-sn-00000006-c0a7c1a5,qr,2,dpp-section-view,Product Information,,mobile,NL-NH,synthetic
2026-08-13,session-00748,gmh-gruppe-sn-00000006-c0a7c1a5,web,1,dpp-section-view,Overview,,desktop,NL-NH,synthetic
2026-08-13,session-00748,gmh-gruppe-sn-00000006-c0a7c1a5,web,2,dpp-section-view,Documents,,desktop,NL-NH,synthetic
2026-05-28,session-00749,gmh-gruppe-sn-00000006-c0a7c1a5,qr,1,dpp-section-view,Overview,,desktop,DE-BE,synthetic
2026-05-28,session-00749,gmh-gruppe-sn-00000006-c0a7c1a5,qr,2,dpp-section-view,Materials,,desktop,DE-BE,synthetic
2026-05-28,session-00749,gmh-gruppe-sn-00000006-c0a7c1a5,qr,3,dpp-section-view,Traceability,,desktop,DE-BE,synthetic
2026-05-28,session-00749,gmh-gruppe-sn-00000006-c0a7c1a5,qr,4,dpp-section-view,Sustainability,,desktop,DE-BE,synthetic
2026-05-28,session-00749,gmh-gruppe-sn-00000006-c0a7c1a5,qr,5,dpp-section-view,Documents,,desktop,DE-BE,synthetic
2026-05-28,session-00749,gmh-gruppe-sn-00000006-c0a7c1a5,qr,6,dpp-section-view,Product Information,,desktop,DE-BE,synthetic
2026-07-07,session-00750,gmh-gruppe-sn-00000006-c0a7c1a5,qr,1,dpp-section-view,Overview,,desktop,DE-BE,synthetic
2026-07-07,session-00750,gmh-gruppe-sn-00000006-c0a7c1a5,qr,2,dpp-section-view,Documents,,desktop,DE-BE,synthetic
2026-07-07,session-00750,gmh-gruppe-sn-00000006-c0a7c1a5,qr,3,dpp-section-view,Materials,,desktop,DE-BE,synthetic
2026-07-07,session-00750,gmh-gruppe-sn-00000006-c0a7c1a5,qr,4,dpp-section-view,Traceability,,desktop,DE-BE,synthetic
2026-07-07,session-00750,gmh-gruppe-sn-00000006-c0a7c1a5,qr,5,dpp-section-view,Product Information,,desktop,DE-BE,synthetic
2026-05-21,session-00751,mannstaedt-demo-002,web,1,dpp-section-view,Documents,,desktop,DE-NW,synthetic
2026-05-21,session-00751,mannstaedt-demo-002,web,2,dpp-section-view,Traceability,,desktop,DE-NW,synthetic
2026-05-21,session-00751,mannstaedt-demo-002,web,3,dpp-section-view,Sustainability,,desktop,DE-NW,synthetic
2026-05-21,session-00751,mannstaedt-demo-002,web,4,dpp-section-view,Overview,,desktop,DE-NW,synthetic
2026-05-21,session-00751,mannstaedt-demo-002,web,5,dpp-section-view,Materials,,desktop,DE-NW,synthetic
2026-07-05,session-00752,gmh-gruppe-sn-00000006-c0a7c1a5,qr,1,dpp-section-view,Overview,,mobile,DE-BY,synthetic
2026-07-05,session-00752,gmh-gruppe-sn-00000006-c0a7c1a5,qr,2,dpp-section-view,Product Information,,mobile,DE-BY,synthetic
2026-07-05,session-00752,gmh-gruppe-sn-00000006-c0a7c1a5,qr,3,dpp-section-view,Sustainability,,mobile,DE-BY,synthetic
2026-07-05,session-00752,gmh-gruppe-sn-00000006-c0a7c1a5,qr,4,dpp-section-view,Materials,,mobile,DE-BY,synthetic
2026-07-05,session-00752,gmh-gruppe-sn-00000006-c0a7c1a5,qr,5,dpp-document-open,Documents,Technical Datasheet.pdf,mobile,DE-BY,synthetic
2026-07-10,session-00753,gmh-gruppe-sn-00000006-c0a7c1a5,qr,1,dpp-section-view,Overview,,desktop,DE-BY,synthetic
2026-07-10,session-00753,gmh-gruppe-sn-00000006-c0a7c1a5,qr,2,dpp-section-view,Product Information,,desktop,DE-BY,synthetic
2026-07-10,session-00753,gmh-gruppe-sn-00000006-c0a7c1a5,qr,3,dpp-section-view,Materials,,desktop,DE-BY,synthetic
2026-07-10,session-00753,gmh-gruppe-sn-00000006-c0a7c1a5,qr,4,dpp-document-open,Documents,Technical Datasheet.pdf,desktop,DE-BY,synthetic
2026-07-10,session-00753,gmh-gruppe-sn-00000006-c0a7c1a5,qr,5,dpp-document-open,Documents,Technical Datasheet.pdf,desktop,DE-BY,synthetic
2026-07-10,session-00753,gmh-gruppe-sn-00000006-c0a7c1a5,qr,6,dpp-document-open,Documents,Technical Datasheet.pdf,desktop,DE-BY,synthetic
2026-05-12,session-00754,mannstaedt-demo-003,qr,1,dpp-section-view,Overview,,desktop,DE-BY,synthetic
2026-05-12,session-00754,mannstaedt-demo-003,qr,2,dpp-section-view,Materials,,desktop,DE-BY,synthetic
2026-06-13,session-00755,gmh-gruppe-sn-00000006-c0a7c1a5,qr,1,dpp-section-view,Overview,,mobile,DE-BY,synthetic
2026-06-13,session-00755,gmh-gruppe-sn-00000006-c0a7c1a5,qr,2,dpp-document-open,Documents,Sustainability Certificate.pdf,mobile,DE-BY,synthetic
2026-06-13,session-00755,gmh-gruppe-sn-00000006-c0a7c1a5,qr,3,dpp-document-open,Documents,Declaration of Conformity.pdf,mobile,DE-BY,synthetic
2026-06-13,session-00755,gmh-gruppe-sn-00000006-c0a7c1a5,qr,4,dpp-document-open,Documents,Material Certificate.pdf,mobile,DE-BY,synthetic
2026-07-27,session-00756,gmh-gruppe-sn-00000006-c0a7c1a5,web,1,dpp-section-view,Overview,,mobile,DE-NW,synthetic
2026-07-27,session-00756,gmh-gruppe-sn-00000006-c0a7c1a5,web,2,dpp-section-view,Documents,,mobile,DE-NW,synthetic
2026-07-27,session-00756,gmh-gruppe-sn-00000006-c0a7c1a5,web,3,dpp-section-view,Materials,,mobile,DE-NW,synthetic
2026-06-03,session-00757,gmh-gruppe-sn-00000006-c0a7c1a5,web,1,dpp-section-view,Overview,,desktop,BE-VLG,synthetic
2026-06-03,session-00757,gmh-gruppe-sn-00000006-c0a7c1a5,web,2,dpp-section-view,Product Information,,desktop,BE-VLG,synthetic
2026-05-18,session-00758,mannstaedt-demo-003,web,1,dpp-section-view,Overview,,mobile,BE-VLG,synthetic
2026-07-09,session-00759,gmh-gruppe-sn-00000006-c0a7c1a5,qr,1,dpp-section-view,Overview,,desktop,BE-VLG,synthetic
2026-07-09,session-00759,gmh-gruppe-sn-00000006-c0a7c1a5,qr,2,dpp-section-view,Documents,,desktop,BE-VLG,synthetic
2026-07-09,session-00759,gmh-gruppe-sn-00000006-c0a7c1a5,qr,3,dpp-section-view,Traceability,,desktop,BE-VLG,synthetic
2026-07-09,session-00759,gmh-gruppe-sn-00000006-c0a7c1a5,qr,4,dpp-document-open,Documents,Declaration of Conformity.pdf,desktop,BE-VLG,synthetic
2026-07-09,session-00759,gmh-gruppe-sn-00000006-c0a7c1a5,qr,5,dpp-document-open,Documents,Declaration of Conformity.pdf,desktop,BE-VLG,synthetic
2026-09-07,session-00760,mannstaedt-demo-003,qr,1,dpp-section-view,Sustainability,,desktop,DE-NW,synthetic
2026-09-07,session-00760,mannstaedt-demo-003,qr,2,dpp-section-view,Overview,,desktop,DE-NW,synthetic
2026-09-07,session-00760,mannstaedt-demo-003,qr,3,dpp-section-view,Materials,,desktop,DE-NW,synthetic
2026-09-07,session-00760,mannstaedt-demo-003,qr,4,dpp-section-view,Product Information,,desktop,DE-NW,synthetic
2026-09-07,session-00760,mannstaedt-demo-003,qr,5,dpp-section-view,Documents,,desktop,DE-NW,synthetic
2026-06-18,session-00761,gmh-gruppe-sn-00000006-c0a7c1a5,web,1,dpp-section-view,Overview,,tablet,DE-NW,synthetic
2026-06-18,session-00761,gmh-gruppe-sn-00000006-c0a7c1a5,web,2,dpp-section-view,Sustainability,,tablet,DE-NW,synthetic
2026-07-06,session-00762,gmh-gruppe-sn-00000006-c0a7c1a5,web,1,dpp-section-view,Materials,,mobile,DE-NW,synthetic
2026-07-06,session-00762,gmh-gruppe-sn-00000006-c0a7c1a5,web,2,dpp-section-view,Overview,,mobile,DE-NW,synthetic
2026-08-05,session-00763,mannstaedt-demo-002,web,1,dpp-section-view,Overview,,mobile,DE-BE,synthetic
2026-08-05,session-00763,mannstaedt-demo-002,web,2,dpp-document-open,Documents,Material Certificate.pdf,mobile,DE-BE,synthetic
2026-05-22,session-00764,mannstaedt-demo-002,web,1,dpp-section-view,Overview,,desktop,BE-VLG,synthetic
2026-05-22,session-00764,mannstaedt-demo-002,web,2,dpp-section-view,Product Information,,desktop,BE-VLG,synthetic
2026-05-22,session-00764,mannstaedt-demo-002,web,3,dpp-section-view,Materials,,desktop,BE-VLG,synthetic
2026-05-22,session-00764,mannstaedt-demo-002,web,4,dpp-document-open,Documents,Sustainability Certificate.pdf,desktop,BE-VLG,synthetic
2026-05-22,session-00764,mannstaedt-demo-002,web,5,dpp-document-open,Documents,Sustainability Certificate.pdf,desktop,BE-VLG,synthetic
2026-05-22,session-00764,mannstaedt-demo-002,web,6,dpp-document-open,Documents,Technical Datasheet.pdf,desktop,BE-VLG,synthetic
2026-07-04,session-00765,gmh-gruppe-sn-00000006-c0a7c1a5,web,1,dpp-section-view,Sustainability,,mobile,DE-BE,synthetic
2026-07-04,session-00765,gmh-gruppe-sn-00000006-c0a7c1a5,web,2,dpp-section-view,Materials,,mobile,DE-BE,synthetic
2026-07-04,session-00765,gmh-gruppe-sn-00000006-c0a7c1a5,web,3,dpp-section-view,Overview,,mobile,DE-BE,synthetic
2026-07-04,session-00765,gmh-gruppe-sn-00000006-c0a7c1a5,web,4,dpp-document-open,Documents,Sustainability Certificate.pdf,mobile,DE-BE,synthetic
2026-07-04,session-00765,gmh-gruppe-sn-00000006-c0a7c1a5,web,5,dpp-document-open,Documents,Material Certificate.pdf,mobile,DE-BE,synthetic
2026-06-14,session-00766,mannstaedt-demo-002,qr,1,dpp-section-view,Overview,,mobile,DE-BY,synthetic
2026-05-27,session-00767,gmh-gruppe-sn-00000006-c0a7c1a5,web,1,dpp-section-view,Overview,,mobile,NL-NH,synthetic
2026-05-27,session-00767,gmh-gruppe-sn-00000006-c0a7c1a5,web,2,dpp-section-view,Traceability,,mobile,NL-NH,synthetic
2026-05-27,session-00767,gmh-gruppe-sn-00000006-c0a7c1a5,web,3,dpp-section-view,Materials,,mobile,NL-NH,synthetic
2026-05-27,session-00767,gmh-gruppe-sn-00000006-c0a7c1a5,web,4,dpp-section-view,Documents,,mobile,NL-NH,synthetic
2026-08-12,session-00768,gmh-gruppe-sn-00000006-c0a7c1a5,qr,1,dpp-section-view,Overview,,mobile,NL-NH,synthetic
2026-08-12,session-00768,gmh-gruppe-sn-00000006-c0a7c1a5,qr,2,dpp-section-view,Documents,,mobile,NL-NH,synthetic
2026-08-12,session-00768,gmh-gruppe-sn-00000006-c0a7c1a5,qr,3,dpp-section-view,Materials,,mobile,NL-NH,synthetic
2026-06-05,session-00769,mannstaedt-demo-003,web,1,dpp-section-view,Overview,,mobile,DE-BY,synthetic
2026-06-05,session-00769,mannstaedt-demo-003,web,2,dpp-section-view,Product Information,,mobile,DE-BY,synthetic
2026-06-05,session-00769,mannstaedt-demo-003,web,3,dpp-section-view,Materials,,mobile,DE-BY,synthetic
2026-08-05,session-00770,gmh-gruppe-sn-00000006-c0a7c1a5,web,1,dpp-section-view,Overview,,desktop,DE-BE,synthetic
2026-06-08,session-00771,gmh-gruppe-sn-00000006-c0a7c1a5,qr,1,dpp-section-view,Overview,,mobile,DE-BE,synthetic
2026-06-08,session-00771,gmh-gruppe-sn-00000006-c0a7c1a5,qr,2,dpp-section-view,Materials,,mobile,DE-BE,synthetic
2026-06-08,session-00771,gmh-gruppe-sn-00000006-c0a7c1a5,qr,3,dpp-section-view,Product Information,,mobile,DE-BE,synthetic
2026-08-09,session-00772,gmh-gruppe-sn-00000006-c0a7c1a5,qr,1,dpp-section-view,Overview,,desktop,DE-BE,synthetic
2026-08-09,session-00772,gmh-gruppe-sn-00000006-c0a7c1a5,qr,2,dpp-section-view,Documents,,desktop,DE-BE,synthetic
2026-08-09,session-00772,gmh-gruppe-sn-00000006-c0a7c1a5,qr,3,dpp-section-view,Materials,,desktop,DE-BE,synthetic
2026-08-09,session-00772,gmh-gruppe-sn-00000006-c0a7c1a5,qr,4,dpp-document-open,Documents,Technical Datasheet.pdf,desktop,DE-BE,synthetic
2026-08-09,session-00772,gmh-gruppe-sn-00000006-c0a7c1a5,qr,5,dpp-document-open,Documents,Declaration of Conformity.pdf,desktop,DE-BE,synthetic
2026-08-09,session-00772,gmh-gruppe-sn-00000006-c0a7c1a5,qr,6,dpp-document-open,Documents,Declaration of Conformity.pdf,desktop,DE-BE,synthetic
2026-05-06,session-00773,gmh-gruppe-sn-00000006-c0a7c1a5,qr,1,dpp-section-view,Overview,,mobile,NL-NH,synthetic
2026-05-06,session-00773,gmh-gruppe-sn-00000006-c0a7c1a5,qr,2,dpp-section-view,Product Information,,mobile,NL-NH,synthetic
2026-08-08,session-00774,gmh-gruppe-sn-00000006-c0a7c1a5,qr,1,dpp-section-view,Overview,,desktop,DE-BY,synthetic
2026-08-08,session-00774,gmh-gruppe-sn-00000006-c0a7c1a5,qr,2,dpp-section-view,Traceability,,desktop,DE-BY,synthetic
2026-08-08,session-00774,gmh-gruppe-sn-00000006-c0a7c1a5,qr,3,dpp-section-view,Sustainability,,desktop,DE-BY,synthetic
2026-06-04,session-00775,gmh-gruppe-sn-00000006-c0a7c1a5,qr,1,dpp-section-view,Product Information,,mobile,DE-NW,synthetic
2026-06-04,session-00775,gmh-gruppe-sn-00000006-c0a7c1a5,qr,2,dpp-section-view,Traceability,,mobile,DE-NW,synthetic
2026-06-04,session-00775,gmh-gruppe-sn-00000006-c0a7c1a5,qr,3,dpp-section-view,Sustainability,,mobile,DE-NW,synthetic
2026-06-04,session-00775,gmh-gruppe-sn-00000006-c0a7c1a5,qr,4,dpp-section-view,Overview,,mobile,DE-NW,synthetic
2026-06-04,session-00775,gmh-gruppe-sn-00000006-c0a7c1a5,qr,5,dpp-section-view,Materials,,mobile,DE-NW,synthetic
2026-06-04,session-00775,gmh-gruppe-sn-00000006-c0a7c1a5,qr,6,dpp-section-view,Documents,,mobile,DE-NW,synthetic
2026-06-04,session-00775,gmh-gruppe-sn-00000006-c0a7c1a5,qr,7,dpp-document-open,Documents,Declaration of Conformity.pdf,mobile,DE-NW,synthetic
2026-06-04,session-00775,gmh-gruppe-sn-00000006-c0a7c1a5,qr,8,dpp-document-open,Documents,Declaration of Conformity.pdf,mobile,DE-NW,synthetic
2026-07-14,session-00776,mannstaedt-demo-003,web,1,dpp-section-view,Overview,,desktop,BE-VLG,synthetic
2026-07-14,session-00776,mannstaedt-demo-003,web,2,dpp-section-view,Product Information,,desktop,BE-VLG,synthetic
2026-07-14,session-00776,mannstaedt-demo-003,web,3,dpp-document-open,Documents,Declaration of Conformity.pdf,desktop,BE-VLG,synthetic
2026-06-15,session-00777,gmh-gruppe-sn-00000006-c0a7c1a5,qr,1,dpp-section-view,Overview,,desktop,NL-NH,synthetic
2026-08-31,session-00778,gmh-gruppe-sn-00000006-c0a7c1a5,qr,1,dpp-section-view,Overview,,tablet,BE-VLG,synthetic
2026-08-31,session-00778,gmh-gruppe-sn-00000006-c0a7c1a5,qr,2,dpp-section-view,Sustainability,,tablet,BE-VLG,synthetic
2026-08-31,session-00778,gmh-gruppe-sn-00000006-c0a7c1a5,qr,3,dpp-section-view,Product Information,,tablet,BE-VLG,synthetic
2026-08-31,session-00778,gmh-gruppe-sn-00000006-c0a7c1a5,qr,4,dpp-document-open,Documents,Sustainability Certificate.pdf,tablet,BE-VLG,synthetic
2026-08-31,session-00778,gmh-gruppe-sn-00000006-c0a7c1a5,qr,5,dpp-document-open,Documents,Declaration of Conformity.pdf,tablet,BE-VLG,synthetic
2026-08-31,session-00778,gmh-gruppe-sn-00000006-c0a7c1a5,qr,6,dpp-document-open,Documents,Declaration of Conformity.pdf,tablet,BE-VLG,synthetic
2026-06-25,session-00779,mannstaedt-demo-002,qr,1,dpp-section-view,Documents,,mobile,BE-VLG,synthetic
2026-06-25,session-00779,mannstaedt-demo-002,qr,2,dpp-section-view,Sustainability,,mobile,BE-VLG,synthetic
2026-06-25,session-00779,mannstaedt-demo-002,qr,3,dpp-section-view,Overview,,mobile,BE-VLG,synthetic
2026-06-25,session-00779,mannstaedt-demo-002,qr,4,dpp-section-view,Product Information,,mobile,BE-VLG,synthetic
2026-07-28,session-00780,gmh-gruppe-sn-00000006-c0a7c1a5,qr,1,dpp-section-view,Product Information,,mobile,DE-BE,synthetic
2026-07-28,session-00780,gmh-gruppe-sn-00000006-c0a7c1a5,qr,2,dpp-section-view,Sustainability,,mobile,DE-BE,synthetic
2026-07-28,session-00780,gmh-gruppe-sn-00000006-c0a7c1a5,qr,3,dpp-section-view,Overview,,mobile,DE-BE,synthetic
2026-07-28,session-00780,gmh-gruppe-sn-00000006-c0a7c1a5,qr,4,dpp-section-view,Documents,,mobile,DE-BE,synthetic
2026-07-28,session-00780,gmh-gruppe-sn-00000006-c0a7c1a5,qr,5,dpp-section-view,Materials,,mobile,DE-BE,synthetic
2026-07-28,session-00780,gmh-gruppe-sn-00000006-c0a7c1a5,qr,6,dpp-document-open,Documents,Material Certificate.pdf,mobile,DE-BE,synthetic
2026-07-28,session-00780,gmh-gruppe-sn-00000006-c0a7c1a5,qr,7,dpp-document-open,Documents,Declaration of Conformity.pdf,mobile,DE-BE,synthetic
2026-07-28,session-00780,gmh-gruppe-sn-00000006-c0a7c1a5,qr,8,dpp-document-open,Documents,Sustainability Certificate.pdf,mobile,DE-BE,synthetic
2026-05-26,session-00781,gmh-gruppe-sn-00000006-c0a7c1a5,web,1,dpp-section-view,Overview,,desktop,NL-NH,synthetic
2026-05-26,session-00781,gmh-gruppe-sn-00000006-c0a7c1a5,web,2,dpp-section-view,Documents,,desktop,NL-NH,synthetic
2026-05-26,session-00781,gmh-gruppe-sn-00000006-c0a7c1a5,web,3,dpp-section-view,Sustainability,,desktop,NL-NH,synthetic
2026-05-26,session-00781,gmh-gruppe-sn-00000006-c0a7c1a5,web,4,dpp-document-open,Documents,Sustainability Certificate.pdf,desktop,NL-NH,synthetic
2026-05-26,session-00781,gmh-gruppe-sn-00000006-c0a7c1a5,web,5,dpp-document-open,Documents,Technical Datasheet.pdf,desktop,NL-NH,synthetic
2026-08-20,session-00782,gmh-gruppe-sn-00000006-c0a7c1a5,web,1,dpp-section-view,Product Information,,desktop,DE-BE,synthetic
2026-08-20,session-00782,gmh-gruppe-sn-00000006-c0a7c1a5,web,2,dpp-section-view,Traceability,,desktop,DE-BE,synthetic
2026-08-20,session-00782,gmh-gruppe-sn-00000006-c0a7c1a5,web,3,dpp-section-view,Materials,,desktop,DE-BE,synthetic
2026-08-20,session-00782,gmh-gruppe-sn-00000006-c0a7c1a5,web,4,dpp-section-view,Overview,,desktop,DE-BE,synthetic
2026-08-20,session-00782,gmh-gruppe-sn-00000006-c0a7c1a5,web,5,dpp-section-view,Documents,,desktop,DE-BE,synthetic
2026-08-20,session-00782,gmh-gruppe-sn-00000006-c0a7c1a5,web,6,dpp-document-open,Documents,Sustainability Certificate.pdf,desktop,DE-BE,synthetic
2026-08-20,session-00782,gmh-gruppe-sn-00000006-c0a7c1a5,web,7,dpp-document-open,Documents,Sustainability Certificate.pdf,desktop,DE-BE,synthetic
2026-06-02,session-00783,gmh-gruppe-sn-00000006-c0a7c1a5,web,1,dpp-section-view,Traceability,,desktop,BE-VLG,synthetic
2026-06-02,session-00783,gmh-gruppe-sn-00000006-c0a7c1a5,web,2,dpp-section-view,Materials,,desktop,BE-VLG,synthetic
2026-06-02,session-00783,gmh-gruppe-sn-00000006-c0a7c1a5,web,3,dpp-section-view,Overview,,desktop,BE-VLG,synthetic
2026-08-11,session-00784,mannstaedt-demo-002,qr,1,dpp-section-view,Overview,,desktop,DE-BY,synthetic
2026-08-11,session-00784,mannstaedt-demo-002,qr,2,dpp-section-view,Materials,,desktop,DE-BY,synthetic
2026-08-11,session-00784,mannstaedt-demo-002,qr,3,dpp-section-view,Documents,,desktop,DE-BY,synthetic
2026-06-03,session-00785,gmh-gruppe-sn-00000006-c0a7c1a5,qr,1,dpp-section-view,Overview,,desktop,DE-NW,synthetic
2026-06-03,session-00785,gmh-gruppe-sn-00000006-c0a7c1a5,qr,2,dpp-section-view,Materials,,desktop,DE-NW,synthetic
2026-06-03,session-00785,gmh-gruppe-sn-00000006-c0a7c1a5,qr,3,dpp-section-view,Sustainability,,desktop,DE-NW,synthetic
2026-06-03,session-00785,gmh-gruppe-sn-00000006-c0a7c1a5,qr,4,dpp-section-view,Traceability,,desktop,DE-NW,synthetic
2026-06-03,session-00785,gmh-gruppe-sn-00000006-c0a7c1a5,qr,5,dpp-section-view,Product Information,,desktop,DE-NW,synthetic
2026-07-05,session-00786,mannstaedt-demo-002,qr,1,dpp-section-view,Overview,,desktop,NL-NH,synthetic
2026-07-05,session-00786,mannstaedt-demo-002,qr,2,dpp-document-open,Documents,Technical Datasheet.pdf,desktop,NL-NH,synthetic
2026-07-05,session-00786,mannstaedt-demo-002,qr,3,dpp-document-open,Documents,Sustainability Certificate.pdf,desktop,NL-NH,synthetic
2026-07-05,session-00786,mannstaedt-demo-002,qr,4,dpp-document-open,Documents,Sustainability Certificate.pdf,desktop,NL-NH,synthetic
2026-08-25,session-00787,gmh-gruppe-sn-00000006-c0a7c1a5,web,1,dpp-section-view,Overview,,desktop,DE-BE,synthetic
2026-08-25,session-00787,gmh-gruppe-sn-00000006-c0a7c1a5,web,2,dpp-section-view,Materials,,desktop,DE-BE,synthetic
2026-08-25,session-00787,gmh-gruppe-sn-00000006-c0a7c1a5,web,3,dpp-document-open,Documents,Technical Datasheet.pdf,desktop,DE-BE,synthetic
2026-08-25,session-00787,gmh-gruppe-sn-00000006-c0a7c1a5,web,4,dpp-document-open,Documents,Technical Datasheet.pdf,desktop,DE-BE,synthetic
2026-08-25,session-00787,gmh-gruppe-sn-00000006-c0a7c1a5,web,5,dpp-document-open,Documents,Sustainability Certificate.pdf,desktop,DE-BE,synthetic
2026-06-03,session-00788,gmh-gruppe-sn-00000006-c0a7c1a5,qr,1,dpp-section-view,Overview,,mobile,BE-VLG,synthetic
2026-06-03,session-00788,gmh-gruppe-sn-00000006-c0a7c1a5,qr,2,dpp-section-view,Sustainability,,mobile,BE-VLG,synthetic
2026-06-03,session-00788,gmh-gruppe-sn-00000006-c0a7c1a5,qr,3,dpp-section-view,Materials,,mobile,BE-VLG,synthetic
2026-06-03,session-00788,gmh-gruppe-sn-00000006-c0a7c1a5,qr,4,dpp-document-open,Documents,Declaration of Conformity.pdf,mobile,BE-VLG,synthetic
2026-08-04,session-00789,gmh-gruppe-sn-00000006-c0a7c1a5,qr,1,dpp-section-view,Overview,,desktop,NL-NH,synthetic
2026-08-04,session-00789,gmh-gruppe-sn-00000006-c0a7c1a5,qr,2,dpp-section-view,Traceability,,desktop,NL-NH,synthetic
2026-08-04,session-00789,gmh-gruppe-sn-00000006-c0a7c1a5,qr,3,dpp-section-view,Sustainability,,desktop,NL-NH,synthetic
2026-08-04,session-00789,gmh-gruppe-sn-00000006-c0a7c1a5,qr,4,dpp-section-view,Materials,,desktop,NL-NH,synthetic
2026-08-04,session-00789,gmh-gruppe-sn-00000006-c0a7c1a5,qr,5,dpp-document-open,Documents,Sustainability Certificate.pdf,desktop,NL-NH,synthetic
2026-08-04,session-00789,gmh-gruppe-sn-00000006-c0a7c1a5,qr,6,dpp-document-open,Documents,Material Certificate.pdf,desktop,NL-NH,synthetic
2026-08-04,session-00789,gmh-gruppe-sn-00000006-c0a7c1a5,qr,7,dpp-document-open,Documents,Sustainability Certificate.pdf,desktop,NL-NH,synthetic
2026-06-19,session-00790,mannstaedt-demo-003,web,1,dpp-section-view,Materials,,mobile,DE-NW,synthetic
2026-06-19,session-00790,mannstaedt-demo-003,web,2,dpp-section-view,Documents,,mobile,DE-NW,synthetic
2026-06-19,session-00790,mannstaedt-demo-003,web,3,dpp-section-view,Overview,,mobile,DE-NW,synthetic
2026-06-19,session-00790,mannstaedt-demo-003,web,4,dpp-section-view,Traceability,,mobile,DE-NW,synthetic
2026-06-19,session-00790,mannstaedt-demo-003,web,5,dpp-section-view,Sustainability,,mobile,DE-NW,synthetic
2026-05-10,session-00791,mannstaedt-demo-003,web,1,dpp-section-view,Sustainability,,mobile,DE-NW,synthetic
2026-05-10,session-00791,mannstaedt-demo-003,web,2,dpp-section-view,Overview,,mobile,DE-NW,synthetic
2026-05-10,session-00791,mannstaedt-demo-003,web,3,dpp-section-view,Traceability,,mobile,DE-NW,synthetic
2026-05-10,session-00791,mannstaedt-demo-003,web,4,dpp-section-view,Materials,,mobile,DE-NW,synthetic
2026-05-10,session-00791,mannstaedt-demo-003,web,5,dpp-section-view,Documents,,mobile,DE-NW,synthetic
2026-06-17,session-00792,mannstaedt-demo-002,qr,1,dpp-section-view,Overview,,mobile,NL-NH,synthetic
2026-06-17,session-00792,mannstaedt-demo-002,qr,2,dpp-section-view,Materials,,mobile,NL-NH,synthetic
2026-06-21,session-00793,gmh-gruppe-sn-00000006-c0a7c1a5,qr,1,dpp-section-view,Overview,,mobile,NL-NH,synthetic
2026-06-21,session-00793,gmh-gruppe-sn-00000006-c0a7c1a5,qr,2,dpp-section-view,Materials,,mobile,NL-NH,synthetic
2026-06-08,session-00794,gmh-gruppe-sn-00000006-c0a7c1a5,qr,1,dpp-section-view,Product Information,,desktop,DE-NW,synthetic
2026-06-08,session-00794,gmh-gruppe-sn-00000006-c0a7c1a5,qr,2,dpp-section-view,Documents,,desktop,DE-NW,synthetic
2026-06-08,session-00794,gmh-gruppe-sn-00000006-c0a7c1a5,qr,3,dpp-section-view,Materials,,desktop,DE-NW,synthetic
2026-06-08,session-00794,gmh-gruppe-sn-00000006-c0a7c1a5,qr,4,dpp-section-view,Overview,,desktop,DE-NW,synthetic
2026-07-20,session-00795,gmh-gruppe-sn-00000006-c0a7c1a5,web,1,dpp-section-view,Overview,,mobile,DE-BY,synthetic
2026-07-20,session-00795,gmh-gruppe-sn-00000006-c0a7c1a5,web,2,dpp-section-view,Product Information,,mobile,DE-BY,synthetic
2026-07-20,session-00795,gmh-gruppe-sn-00000006-c0a7c1a5,web,3,dpp-document-open,Documents,Sustainability Certificate.pdf,mobile,DE-BY,synthetic
2026-07-20,session-00795,gmh-gruppe-sn-00000006-c0a7c1a5,web,4,dpp-document-open,Documents,Technical Datasheet.pdf,mobile,DE-BY,synthetic
2026-07-20,session-00795,gmh-gruppe-sn-00000006-c0a7c1a5,web,5,dpp-document-open,Documents,Sustainability Certificate.pdf,mobile,DE-BY,synthetic
2026-06-11,session-00796,gmh-gruppe-sn-00000006-c0a7c1a5,qr,1,dpp-section-view,Materials,,desktop,BE-VLG,synthetic
2026-06-11,session-00796,gmh-gruppe-sn-00000006-c0a7c1a5,qr,2,dpp-section-view,Overview,,desktop,BE-VLG,synthetic
2026-06-11,session-00796,gmh-gruppe-sn-00000006-c0a7c1a5,qr,3,dpp-section-view,Product Information,,desktop,BE-VLG,synthetic
2026-06-11,session-00796,gmh-gruppe-sn-00000006-c0a7c1a5,qr,4,dpp-section-view,Documents,,desktop,BE-VLG,synthetic
2026-06-11,session-00796,gmh-gruppe-sn-00000006-c0a7c1a5,qr,5,dpp-document-open,Documents,Declaration of Conformity.pdf,desktop,BE-VLG,synthetic
2026-06-11,session-00796,gmh-gruppe-sn-00000006-c0a7c1a5,qr,6,dpp-document-open,Documents,Sustainability Certificate.pdf,desktop,BE-VLG,synthetic
2026-07-22,session-00797,mannstaedt-demo-002,qr,1,dpp-section-view,Materials,,mobile,NL-NH,synthetic
2026-07-22,session-00797,mannstaedt-demo-002,qr,2,dpp-section-view,Sustainability,,mobile,NL-NH,synthetic
2026-07-22,session-00797,mannstaedt-demo-002,qr,3,dpp-section-view,Overview,,mobile,NL-NH,synthetic
2026-07-22,session-00797,mannstaedt-demo-002,qr,4,dpp-section-view,Traceability,,mobile,NL-NH,synthetic
2026-07-22,session-00797,mannstaedt-demo-002,qr,5,dpp-section-view,Documents,,mobile,NL-NH,synthetic
2026-07-22,session-00797,mannstaedt-demo-002,qr,6,dpp-section-view,Product Information,,mobile,NL-NH,synthetic
2026-05-02,session-00798,gmh-gruppe-sn-00000006-c0a7c1a5,web,1,dpp-section-view,Overview,,mobile,DE-BE,synthetic
2026-08-20,session-00799,gmh-gruppe-sn-00000006-c0a7c1a5,qr,1,dpp-section-view,Overview,,desktop,DE-BY,synthetic
2026-08-20,session-00799,gmh-gruppe-sn-00000006-c0a7c1a5,qr,2,dpp-section-view,Materials,,desktop,DE-BY,synthetic
2026-08-20,session-00799,gmh-gruppe-sn-00000006-c0a7c1a5,qr,3,dpp-section-view,Traceability,,desktop,DE-BY,synthetic
2026-08-20,session-00799,gmh-gruppe-sn-00000006-c0a7c1a5,qr,4,dpp-section-view,Sustainability,,desktop,DE-BY,synthetic
2026-05-18,session-00800,mannstaedt-demo-002,web,1,dpp-section-view,Overview,,mobile,DE-BY,synthetic
2026-05-18,session-00800,mannstaedt-demo-002,web,2,dpp-section-view,Materials,,mobile,DE-BY,synthetic
2026-05-18,session-00800,mannstaedt-demo-002,web,3,dpp-section-view,Documents,,mobile,DE-BY,synthetic
2026-05-18,session-00800,mannstaedt-demo-002,web,4,dpp-section-view,Product Information,,mobile,DE-BY,synthetic
2026-05-18,session-00800,mannstaedt-demo-002,web,5,dpp-document-open,Documents,Sustainability Certificate.pdf,mobile,DE-BY,synthetic
2026-05-18,session-00800,mannstaedt-demo-002,web,6,dpp-document-open,Documents,Material Certificate.pdf,mobile,DE-BY,synthetic
2026-05-18,session-00800,mannstaedt-demo-002,web,7,dpp-document-open,Documents,Sustainability Certificate.pdf,mobile,DE-BY,synthetic
2026-07-06,session-00801,gmh-gruppe-sn-00000006-c0a7c1a5,web,1,dpp-section-view,Traceability,,desktop,NL-NH,synthetic
2026-07-06,session-00801,gmh-gruppe-sn-00000006-c0a7c1a5,web,2,dpp-section-view,Documents,,desktop,NL-NH,synthetic
2026-07-06,session-00801,gmh-gruppe-sn-00000006-c0a7c1a5,web,3,dpp-section-view,Overview,,desktop,NL-NH,synthetic
2026-08-02,session-00802,gmh-gruppe-sn-00000006-c0a7c1a5,web,1,dpp-section-view,Overview,,tablet,DE-BY,synthetic
2026-08-02,session-00802,gmh-gruppe-sn-00000006-c0a7c1a5,web,2,dpp-section-view,Documents,,tablet,DE-BY,synthetic
2026-08-02,session-00802,gmh-gruppe-sn-00000006-c0a7c1a5,web,3,dpp-document-open,Documents,Sustainability Certificate.pdf,tablet,DE-BY,synthetic
2026-08-02,session-00802,gmh-gruppe-sn-00000006-c0a7c1a5,web,4,dpp-document-open,Documents,Material Certificate.pdf,tablet,DE-BY,synthetic
2026-08-02,session-00802,gmh-gruppe-sn-00000006-c0a7c1a5,web,5,dpp-document-open,Documents,Sustainability Certificate.pdf,tablet,DE-BY,synthetic
2026-08-21,session-00803,mannstaedt-demo-002,qr,1,dpp-section-view,Overview,,mobile,BE-VLG,synthetic
2026-08-21,session-00803,mannstaedt-demo-002,qr,2,dpp-section-view,Product Information,,mobile,BE-VLG,synthetic
2026-08-21,session-00803,mannstaedt-demo-002,qr,3,dpp-section-view,Documents,,mobile,BE-VLG,synthetic
2026-08-21,session-00803,mannstaedt-demo-002,qr,4,dpp-section-view,Materials,,mobile,BE-VLG,synthetic
2026-05-11,session-00804,gmh-gruppe-sn-00000006-c0a7c1a5,web,1,dpp-section-view,Documents,,mobile,DE-BE,synthetic
2026-05-11,session-00804,gmh-gruppe-sn-00000006-c0a7c1a5,web,2,dpp-section-view,Sustainability,,mobile,DE-BE,synthetic
2026-05-11,session-00804,gmh-gruppe-sn-00000006-c0a7c1a5,web,3,dpp-section-view,Traceability,,mobile,DE-BE,synthetic
2026-05-11,session-00804,gmh-gruppe-sn-00000006-c0a7c1a5,web,4,dpp-section-view,Product Information,,mobile,DE-BE,synthetic
2026-05-11,session-00804,gmh-gruppe-sn-00000006-c0a7c1a5,web,5,dpp-section-view,Overview,,mobile,DE-BE,synthetic
2026-07-29,session-00805,gmh-gruppe-sn-00000006-c0a7c1a5,web,1,dpp-section-view,Overview,,mobile,DE-NW,synthetic
2026-07-29,session-00805,gmh-gruppe-sn-00000006-c0a7c1a5,web,2,dpp-section-view,Documents,,mobile,DE-NW,synthetic
2026-05-31,session-00806,gmh-gruppe-sn-00000006-c0a7c1a5,qr,1,dpp-section-view,Overview,,tablet,DE-NW,synthetic
2026-05-31,session-00806,gmh-gruppe-sn-00000006-c0a7c1a5,qr,2,dpp-section-view,Documents,,tablet,DE-NW,synthetic
2026-05-31,session-00806,gmh-gruppe-sn-00000006-c0a7c1a5,qr,3,dpp-section-view,Traceability,,tablet,DE-NW,synthetic
2026-05-31,session-00806,gmh-gruppe-sn-00000006-c0a7c1a5,qr,4,dpp-document-open,Documents,Sustainability Certificate.pdf,tablet,DE-NW,synthetic
2026-05-31,session-00806,gmh-gruppe-sn-00000006-c0a7c1a5,qr,5,dpp-document-open,Documents,Sustainability Certificate.pdf,tablet,DE-NW,synthetic
2026-07-07,session-00807,gmh-gruppe-sn-00000006-c0a7c1a5,web,1,dpp-section-view,Overview,,desktop,BE-VLG,synthetic
2026-08-24,session-00808,gmh-gruppe-sn-00000006-c0a7c1a5,qr,1,dpp-section-view,Overview,,desktop,BE-VLG,synthetic
2026-06-27,session-00809,gmh-gruppe-sn-00000006-c0a7c1a5,web,1,dpp-section-view,Overview,,desktop,DE-NW,synthetic
2026-06-27,session-00809,gmh-gruppe-sn-00000006-c0a7c1a5,web,2,dpp-section-view,Documents,,desktop,DE-NW,synthetic
2026-05-05,session-00810,gmh-gruppe-sn-00000006-c0a7c1a5,web,1,dpp-section-view,Overview,,desktop,NL-NH,synthetic
2026-05-05,session-00810,gmh-gruppe-sn-00000006-c0a7c1a5,web,2,dpp-section-view,Product Information,,desktop,NL-NH,synthetic
2026-05-05,session-00810,gmh-gruppe-sn-00000006-c0a7c1a5,web,3,dpp-section-view,Traceability,,desktop,NL-NH,synthetic
2026-05-22,session-00811,gmh-gruppe-sn-00000006-c0a7c1a5,qr,1,dpp-section-view,Sustainability,,tablet,NL-NH,synthetic
2026-05-22,session-00811,gmh-gruppe-sn-00000006-c0a7c1a5,qr,2,dpp-section-view,Materials,,tablet,NL-NH,synthetic
2026-05-22,session-00811,gmh-gruppe-sn-00000006-c0a7c1a5,qr,3,dpp-section-view,Documents,,tablet,NL-NH,synthetic
2026-05-22,session-00811,gmh-gruppe-sn-00000006-c0a7c1a5,qr,4,dpp-section-view,Overview,,tablet,NL-NH,synthetic
2026-05-22,session-00811,gmh-gruppe-sn-00000006-c0a7c1a5,qr,5,dpp-section-view,Product Information,,tablet,NL-NH,synthetic
2026-05-06,session-00812,gmh-gruppe-sn-00000006-c0a7c1a5,qr,1,dpp-section-view,Materials,,mobile,DE-BY,synthetic
2026-05-06,session-00812,gmh-gruppe-sn-00000006-c0a7c1a5,qr,2,dpp-section-view,Documents,,mobile,DE-BY,synthetic
2026-05-06,session-00812,gmh-gruppe-sn-00000006-c0a7c1a5,qr,3,dpp-section-view,Product Information,,mobile,DE-BY,synthetic
2026-05-06,session-00812,gmh-gruppe-sn-00000006-c0a7c1a5,qr,4,dpp-section-view,Overview,,mobile,DE-BY,synthetic
2026-05-06,session-00812,gmh-gruppe-sn-00000006-c0a7c1a5,qr,5,dpp-section-view,Traceability,,mobile,DE-BY,synthetic
2026-05-06,session-00812,gmh-gruppe-sn-00000006-c0a7c1a5,qr,6,dpp-section-view,Sustainability,,mobile,DE-BY,synthetic
2026-05-06,session-00812,gmh-gruppe-sn-00000006-c0a7c1a5,qr,7,dpp-document-open,Documents,Material Certificate.pdf,mobile,DE-BY,synthetic
2026-05-06,session-00812,gmh-gruppe-sn-00000006-c0a7c1a5,qr,8,dpp-document-open,Documents,Material Certificate.pdf,mobile,DE-BY,synthetic
2026-08-09,session-00813,gmh-gruppe-sn-00000006-c0a7c1a5,qr,1,dpp-section-view,Overview,,desktop,DE-BY,synthetic
2026-08-09,session-00813,gmh-gruppe-sn-00000006-c0a7c1a5,qr,2,dpp-section-view,Traceability,,desktop,DE-BY,synthetic
2026-08-09,session-00813,gmh-gruppe-sn-00000006-c0a7c1a5,qr,3,dpp-section-view,Materials,,desktop,DE-BY,synthetic
2026-06-03,session-00814,gmh-gruppe-sn-00000006-c0a7c1a5,qr,1,dpp-section-view,Product Information,,mobile,DE-BY,synthetic
2026-06-03,session-00814,gmh-gruppe-sn-00000006-c0a7c1a5,qr,2,dpp-section-view,Traceability,,mobile,DE-BY,synthetic
2026-06-03,session-00814,gmh-gruppe-sn-00000006-c0a7c1a5,qr,3,dpp-section-view,Overview,,mobile,DE-BY,synthetic
2026-06-03,session-00814,gmh-gruppe-sn-00000006-c0a7c1a5,qr,4,dpp-section-view,Sustainability,,mobile,DE-BY,synthetic
2026-06-03,session-00814,gmh-gruppe-sn-00000006-c0a7c1a5,qr,5,dpp-document-open,Documents,Declaration of Conformity.pdf,mobile,DE-BY,synthetic
2026-06-03,session-00814,gmh-gruppe-sn-00000006-c0a7c1a5,qr,6,dpp-document-open,Documents,Material Certificate.pdf,mobile,DE-BY,synthetic
2026-07-28,session-00815,gmh-gruppe-sn-00000006-c0a7c1a5,qr,1,dpp-section-view,Traceability,,desktop,DE-BY,synthetic
2026-07-28,session-00815,gmh-gruppe-sn-00000006-c0a7c1a5,qr,2,dpp-section-view,Product Information,,desktop,DE-BY,synthetic
2026-07-28,session-00815,gmh-gruppe-sn-00000006-c0a7c1a5,qr,3,dpp-section-view,Documents,,desktop,DE-BY,synthetic
2026-07-28,session-00815,gmh-gruppe-sn-00000006-c0a7c1a5,qr,4,dpp-section-view,Overview,,desktop,DE-BY,synthetic
2026-07-31,session-00816,gmh-gruppe-sn-00000006-c0a7c1a5,qr,1,dpp-section-view,Materials,,mobile,NL-NH,synthetic
2026-07-31,session-00816,gmh-gruppe-sn-00000006-c0a7c1a5,qr,2,dpp-section-view,Sustainability,,mobile,NL-NH,synthetic
2026-07-31,session-00816,gmh-gruppe-sn-00000006-c0a7c1a5,qr,3,dpp-section-view,Overview,,mobile,NL-NH,synthetic
2026-07-31,session-00816,gmh-gruppe-sn-00000006-c0a7c1a5,qr,4,dpp-section-view,Documents,,mobile,NL-NH,synthetic
2026-08-24,session-00817,mannstaedt-demo-003,qr,1,dpp-section-view,Materials,,desktop,DE-BE,synthetic
2026-08-24,session-00817,mannstaedt-demo-003,qr,2,dpp-section-view,Documents,,desktop,DE-BE,synthetic
2026-08-24,session-00817,mannstaedt-demo-003,qr,3,dpp-section-view,Overview,,desktop,DE-BE,synthetic
2026-08-24,session-00817,mannstaedt-demo-003,qr,4,dpp-section-view,Traceability,,desktop,DE-BE,synthetic
2026-08-18,session-00818,gmh-gruppe-sn-00000006-c0a7c1a5,qr,1,dpp-section-view,Overview,,mobile,BE-VLG,synthetic
2026-08-19,session-00819,gmh-gruppe-sn-00000006-c0a7c1a5,qr,1,dpp-section-view,Traceability,,desktop,DE-BY,synthetic
2026-08-19,session-00819,gmh-gruppe-sn-00000006-c0a7c1a5,qr,2,dpp-section-view,Materials,,desktop,DE-BY,synthetic
2026-08-19,session-00819,gmh-gruppe-sn-00000006-c0a7c1a5,qr,3,dpp-section-view,Documents,,desktop,DE-BY,synthetic
2026-08-19,session-00819,gmh-gruppe-sn-00000006-c0a7c1a5,qr,4,dpp-section-view,Overview,,desktop,DE-BY,synthetic
2026-08-19,session-00819,gmh-gruppe-sn-00000006-c0a7c1a5,qr,5,dpp-section-view,Sustainability,,desktop,DE-BY,synthetic
2026-08-19,session-00819,gmh-gruppe-sn-00000006-c0a7c1a5,qr,6,dpp-section-view,Product Information,,desktop,DE-BY,synthetic
2026-08-19,session-00819,gmh-gruppe-sn-00000006-c0a7c1a5,qr,7,dpp-document-open,Documents,Sustainability Certificate.pdf,desktop,DE-BY,synthetic
2026-05-09,session-00820,mannstaedt-demo-002,web,1,dpp-section-view,Overview,,mobile,DE-NW,synthetic
2026-05-09,session-00820,mannstaedt-demo-002,web,2,dpp-section-view,Traceability,,mobile,DE-NW,synthetic
2026-05-09,session-00820,mannstaedt-demo-002,web,3,dpp-section-view,Materials,,mobile,DE-NW,synthetic
2026-05-09,session-00820,mannstaedt-demo-002,web,4,dpp-document-open,Documents,Declaration of Conformity.pdf,mobile,DE-NW,synthetic
2026-05-09,session-00820,mannstaedt-demo-002,web,5,dpp-document-open,Documents,Technical Datasheet.pdf,mobile,DE-NW,synthetic
2026-08-13,session-00821,gmh-gruppe-sn-00000006-c0a7c1a5,qr,1,dpp-section-view,Overview,,tablet,NL-NH,synthetic
2026-08-13,session-00821,gmh-gruppe-sn-00000006-c0a7c1a5,qr,2,dpp-section-view,Materials,,tablet,NL-NH,synthetic
2026-08-13,session-00821,gmh-gruppe-sn-00000006-c0a7c1a5,qr,3,dpp-section-view,Sustainability,,tablet,NL-NH,synthetic
2026-08-13,session-00821,gmh-gruppe-sn-00000006-c0a7c1a5,qr,4,dpp-section-view,Documents,,tablet,NL-NH,synthetic
2026-06-11,session-00822,gmh-gruppe-sn-00000006-c0a7c1a5,web,1,dpp-section-view,Overview,,desktop,DE-BE,synthetic
2026-06-11,session-00822,gmh-gruppe-sn-00000006-c0a7c1a5,web,2,dpp-section-view,Documents,,desktop,DE-BE,synthetic
2026-06-11,session-00822,gmh-gruppe-sn-00000006-c0a7c1a5,web,3,dpp-section-view,Sustainability,,desktop,DE-BE,synthetic
2026-06-11,session-00822,gmh-gruppe-sn-00000006-c0a7c1a5,web,4,dpp-document-open,Documents,Sustainability Certificate.pdf,desktop,DE-BE,synthetic
2026-06-11,session-00822,gmh-gruppe-sn-00000006-c0a7c1a5,web,5,dpp-document-open,Documents,Technical Datasheet.pdf,desktop,DE-BE,synthetic
2026-06-11,session-00822,gmh-gruppe-sn-00000006-c0a7c1a5,web,6,dpp-document-open,Documents,Sustainability Certificate.pdf,desktop,DE-BE,synthetic
2026-05-10,session-00823,gmh-gruppe-sn-00000006-c0a7c1a5,qr,1,dpp-section-view,Sustainability,,desktop,DE-BE,synthetic
2026-05-10,session-00823,gmh-gruppe-sn-00000006-c0a7c1a5,qr,2,dpp-section-view,Materials,,desktop,DE-BE,synthetic
2026-05-10,session-00823,gmh-gruppe-sn-00000006-c0a7c1a5,qr,3,dpp-section-view,Documents,,desktop,DE-BE,synthetic
2026-05-10,session-00823,gmh-gruppe-sn-00000006-c0a7c1a5,qr,4,dpp-section-view,Overview,,desktop,DE-BE,synthetic
2026-06-21,session-00824,mannstaedt-demo-002,qr,1,dpp-section-view,Documents,,desktop,DE-NW,synthetic
2026-06-21,session-00824,mannstaedt-demo-002,qr,2,dpp-section-view,Materials,,desktop,DE-NW,synthetic
2026-06-21,session-00824,mannstaedt-demo-002,qr,3,dpp-section-view,Overview,,desktop,DE-NW,synthetic
2026-06-21,session-00824,mannstaedt-demo-002,qr,4,dpp-section-view,Product Information,,desktop,DE-NW,synthetic
2026-06-21,session-00824,mannstaedt-demo-002,qr,5,dpp-section-view,Traceability,,desktop,DE-NW,synthetic
2026-06-21,session-00824,mannstaedt-demo-002,qr,6,dpp-document-open,Documents,Technical Datasheet.pdf,desktop,DE-NW,synthetic
2026-06-20,session-00825,gmh-gruppe-sn-00000006-c0a7c1a5,web,1,dpp-section-view,Materials,,mobile,DE-NW,synthetic
2026-06-20,session-00825,gmh-gruppe-sn-00000006-c0a7c1a5,web,2,dpp-section-view,Sustainability,,mobile,DE-NW,synthetic
2026-06-20,session-00825,gmh-gruppe-sn-00000006-c0a7c1a5,web,3,dpp-section-view,Overview,,mobile,DE-NW,synthetic
2026-05-09,session-00826,gmh-gruppe-sn-00000006-c0a7c1a5,qr,1,dpp-section-view,Materials,,mobile,DE-BE,synthetic
2026-05-09,session-00826,gmh-gruppe-sn-00000006-c0a7c1a5,qr,2,dpp-section-view,Documents,,mobile,DE-BE,synthetic
2026-05-09,session-00826,gmh-gruppe-sn-00000006-c0a7c1a5,qr,3,dpp-section-view,Overview,,mobile,DE-BE,synthetic
2026-08-31,session-00827,gmh-gruppe-sn-00000006-c0a7c1a5,qr,1,dpp-section-view,Overview,,desktop,BE-VLG,synthetic
2026-08-31,session-00827,gmh-gruppe-sn-00000006-c0a7c1a5,qr,2,dpp-section-view,Materials,,desktop,BE-VLG,synthetic
2026-09-07,session-00828,gmh-gruppe-sn-00000006-c0a7c1a5,qr,1,dpp-section-view,Overview,,desktop,NL-NH,synthetic
2026-09-07,session-00828,gmh-gruppe-sn-00000006-c0a7c1a5,qr,2,dpp-section-view,Traceability,,desktop,NL-NH,synthetic
2026-09-07,session-00828,gmh-gruppe-sn-00000006-c0a7c1a5,qr,3,dpp-section-view,Product Information,,desktop,NL-NH,synthetic
2026-08-16,session-00829,gmh-gruppe-sn-00000006-c0a7c1a5,qr,1,dpp-section-view,Traceability,,desktop,BE-VLG,synthetic
2026-08-16,session-00829,gmh-gruppe-sn-00000006-c0a7c1a5,qr,2,dpp-section-view,Sustainability,,desktop,BE-VLG,synthetic
2026-08-16,session-00829,gmh-gruppe-sn-00000006-c0a7c1a5,qr,3,dpp-section-view,Product Information,,desktop,BE-VLG,synthetic
2026-08-16,session-00829,gmh-gruppe-sn-00000006-c0a7c1a5,qr,4,dpp-section-view,Materials,,desktop,BE-VLG,synthetic
2026-08-16,session-00829,gmh-gruppe-sn-00000006-c0a7c1a5,qr,5,dpp-section-view,Overview,,desktop,BE-VLG,synthetic
2026-08-16,session-00829,gmh-gruppe-sn-00000006-c0a7c1a5,qr,6,dpp-document-open,Documents,Material Certificate.pdf,desktop,BE-VLG,synthetic
2026-08-16,session-00829,gmh-gruppe-sn-00000006-c0a7c1a5,qr,7,dpp-document-open,Documents,Material Certificate.pdf,desktop,BE-VLG,synthetic
2026-08-16,session-00829,gmh-gruppe-sn-00000006-c0a7c1a5,qr,8,dpp-document-open,Documents,Technical Datasheet.pdf,desktop,BE-VLG,synthetic
2026-05-09,session-00830,gmh-gruppe-sn-00000006-c0a7c1a5,web,1,dpp-section-view,Overview,,mobile,NL-NH,synthetic
2026-05-09,session-00830,gmh-gruppe-sn-00000006-c0a7c1a5,web,2,dpp-section-view,Documents,,mobile,NL-NH,synthetic
2026-05-28,session-00831,gmh-gruppe-sn-00000006-c0a7c1a5,qr,1,dpp-section-view,Overview,,mobile,DE-NW,synthetic
2026-05-28,session-00831,gmh-gruppe-sn-00000006-c0a7c1a5,qr,2,dpp-section-view,Materials,,mobile,DE-NW,synthetic
2026-05-28,session-00831,gmh-gruppe-sn-00000006-c0a7c1a5,qr,3,dpp-document-open,Documents,Technical Datasheet.pdf,mobile,DE-NW,synthetic
2026-05-28,session-00832,mannstaedt-demo-002,web,1,dpp-section-view,Overview,,desktop,DE-BE,synthetic
2026-05-28,session-00832,mannstaedt-demo-002,web,2,dpp-document-open,Documents,Declaration of Conformity.pdf,desktop,DE-BE,synthetic
2026-05-07,session-00833,gmh-gruppe-sn-00000006-c0a7c1a5,web,1,dpp-section-view,Overview,,mobile,NL-NH,synthetic
2026-05-07,session-00833,gmh-gruppe-sn-00000006-c0a7c1a5,web,2,dpp-section-view,Traceability,,mobile,NL-NH,synthetic
2026-08-13,session-00834,gmh-gruppe-sn-00000006-c0a7c1a5,qr,1,dpp-section-view,Overview,,desktop,NL-NH,synthetic
2026-08-13,session-00834,gmh-gruppe-sn-00000006-c0a7c1a5,qr,2,dpp-section-view,Traceability,,desktop,NL-NH,synthetic
2026-08-13,session-00834,gmh-gruppe-sn-00000006-c0a7c1a5,qr,3,dpp-section-view,Product Information,,desktop,NL-NH,synthetic
2026-08-13,session-00834,gmh-gruppe-sn-00000006-c0a7c1a5,qr,4,dpp-section-view,Documents,,desktop,NL-NH,synthetic
2026-08-13,session-00834,gmh-gruppe-sn-00000006-c0a7c1a5,qr,5,dpp-document-open,Documents,Declaration of Conformity.pdf,desktop,NL-NH,synthetic
2026-08-13,session-00834,gmh-gruppe-sn-00000006-c0a7c1a5,qr,6,dpp-document-open,Documents,Technical Datasheet.pdf,desktop,NL-NH,synthetic
2026-08-13,session-00834,gmh-gruppe-sn-00000006-c0a7c1a5,qr,7,dpp-document-open,Documents,Material Certificate.pdf,desktop,NL-NH,synthetic
2026-06-13,session-00835,gmh-gruppe-sn-00000006-c0a7c1a5,qr,1,dpp-section-view,Overview,,desktop,DE-BE,synthetic
2026-06-13,session-00835,gmh-gruppe-sn-00000006-c0a7c1a5,qr,2,dpp-section-view,Product Information,,desktop,DE-BE,synthetic
2026-06-13,session-00835,gmh-gruppe-sn-00000006-c0a7c1a5,qr,3,dpp-section-view,Documents,,desktop,DE-BE,synthetic
2026-06-13,session-00835,gmh-gruppe-sn-00000006-c0a7c1a5,qr,4,dpp-section-view,Traceability,,desktop,DE-BE,synthetic
2026-06-13,session-00835,gmh-gruppe-sn-00000006-c0a7c1a5,qr,5,dpp-section-view,Sustainability,,desktop,DE-BE,synthetic
2026-06-04,session-00836,gmh-gruppe-sn-00000006-c0a7c1a5,qr,1,dpp-section-view,Overview,,desktop,DE-NW,synthetic
2026-06-04,session-00836,gmh-gruppe-sn-00000006-c0a7c1a5,qr,2,dpp-section-view,Product Information,,desktop,DE-NW,synthetic
2026-06-04,session-00836,gmh-gruppe-sn-00000006-c0a7c1a5,qr,3,dpp-section-view,Materials,,desktop,DE-NW,synthetic
2026-06-04,session-00836,gmh-gruppe-sn-00000006-c0a7c1a5,qr,4,dpp-section-view,Sustainability,,desktop,DE-NW,synthetic
2026-06-04,session-00836,gmh-gruppe-sn-00000006-c0a7c1a5,qr,5,dpp-section-view,Traceability,,desktop,DE-NW,synthetic
2026-06-24,session-00837,mannstaedt-demo-002,qr,1,dpp-section-view,Overview,,mobile,DE-NW,synthetic
2026-06-24,session-00837,mannstaedt-demo-002,qr,2,dpp-section-view,Materials,,mobile,DE-NW,synthetic
2026-06-24,session-00837,mannstaedt-demo-002,qr,3,dpp-section-view,Documents,,mobile,DE-NW,synthetic
2026-07-29,session-00838,mannstaedt-demo-002,web,1,dpp-section-view,Overview,,desktop,BE-VLG,synthetic
2026-07-29,session-00838,mannstaedt-demo-002,web,2,dpp-section-view,Documents,,desktop,BE-VLG,synthetic
2026-07-29,session-00838,mannstaedt-demo-002,web,3,dpp-section-view,Traceability,,desktop,BE-VLG,synthetic
2026-07-29,session-00838,mannstaedt-demo-002,web,4,dpp-section-view,Product Information,,desktop,BE-VLG,synthetic
2026-07-29,session-00838,mannstaedt-demo-002,web,5,dpp-document-open,Documents,Material Certificate.pdf,desktop,BE-VLG,synthetic
2026-08-16,session-00839,gmh-gruppe-sn-00000006-c0a7c1a5,web,1,dpp-section-view,Sustainability,,mobile,DE-NW,synthetic
2026-08-16,session-00839,gmh-gruppe-sn-00000006-c0a7c1a5,web,2,dpp-section-view,Traceability,,mobile,DE-NW,synthetic
2026-08-16,session-00839,gmh-gruppe-sn-00000006-c0a7c1a5,web,3,dpp-section-view,Materials,,mobile,DE-NW,synthetic
2026-08-16,session-00839,gmh-gruppe-sn-00000006-c0a7c1a5,web,4,dpp-section-view,Overview,,mobile,DE-NW,synthetic
2026-08-16,session-00839,gmh-gruppe-sn-00000006-c0a7c1a5,web,5,dpp-section-view,Documents,,mobile,DE-NW,synthetic
2026-08-16,session-00839,gmh-gruppe-sn-00000006-c0a7c1a5,web,6,dpp-document-open,Documents,Material Certificate.pdf,mobile,DE-NW,synthetic
2026-08-16,session-00839,gmh-gruppe-sn-00000006-c0a7c1a5,web,7,dpp-document-open,Documents,Technical Datasheet.pdf,mobile,DE-NW,synthetic
2026-07-13,session-00840,gmh-gruppe-sn-00000006-c0a7c1a5,qr,1,dpp-section-view,Traceability,,desktop,BE-VLG,synthetic
2026-07-13,session-00840,gmh-gruppe-sn-00000006-c0a7c1a5,qr,2,dpp-section-view,Sustainability,,desktop,BE-VLG,synthetic
2026-07-13,session-00840,gmh-gruppe-sn-00000006-c0a7c1a5,qr,3,dpp-section-view,Product Information,,desktop,BE-VLG,synthetic
2026-07-13,session-00840,gmh-gruppe-sn-00000006-c0a7c1a5,qr,4,dpp-section-view,Documents,,desktop,BE-VLG,synthetic
2026-07-13,session-00840,gmh-gruppe-sn-00000006-c0a7c1a5,qr,5,dpp-section-view,Materials,,desktop,BE-VLG,synthetic
2026-07-13,session-00840,gmh-gruppe-sn-00000006-c0a7c1a5,qr,6,dpp-section-view,Overview,,desktop,BE-VLG,synthetic
2026-07-28,session-00841,mannstaedt-demo-003,qr,1,dpp-section-view,Overview,,desktop,DE-BY,synthetic
2026-07-28,session-00841,mannstaedt-demo-003,qr,2,dpp-section-view,Traceability,,desktop,DE-BY,synthetic
2026-09-06,session-00842,mannstaedt-demo-003,qr,1,dpp-section-view,Sustainability,,desktop,BE-VLG,synthetic
2026-09-06,session-00842,mannstaedt-demo-003,qr,2,dpp-section-view,Product Information,,desktop,BE-VLG,synthetic
2026-09-06,session-00842,mannstaedt-demo-003,qr,3,dpp-section-view,Overview,,desktop,BE-VLG,synthetic
2026-09-06,session-00842,mannstaedt-demo-003,qr,4,dpp-section-view,Materials,,desktop,BE-VLG,synthetic
2026-07-01,session-00843,gmh-gruppe-sn-00000006-c0a7c1a5,web,1,dpp-section-view,Overview,,mobile,NL-NH,synthetic
2026-07-01,session-00843,gmh-gruppe-sn-00000006-c0a7c1a5,web,2,dpp-section-view,Materials,,mobile,NL-NH,synthetic
2026-07-01,session-00843,gmh-gruppe-sn-00000006-c0a7c1a5,web,3,dpp-section-view,Traceability,,mobile,NL-NH,synthetic
2026-05-30,session-00844,gmh-gruppe-sn-00000006-c0a7c1a5,qr,1,dpp-section-view,Overview,,desktop,BE-VLG,synthetic
2026-05-30,session-00844,gmh-gruppe-sn-00000006-c0a7c1a5,qr,2,dpp-section-view,Sustainability,,desktop,BE-VLG,synthetic
2026-05-30,session-00844,gmh-gruppe-sn-00000006-c0a7c1a5,qr,3,dpp-section-view,Documents,,desktop,BE-VLG,synthetic
2026-05-30,session-00844,gmh-gruppe-sn-00000006-c0a7c1a5,qr,4,dpp-section-view,Product Information,,desktop,BE-VLG,synthetic
2026-05-30,session-00844,gmh-gruppe-sn-00000006-c0a7c1a5,qr,5,dpp-document-open,Documents,Sustainability Certificate.pdf,desktop,BE-VLG,synthetic
2026-05-30,session-00844,gmh-gruppe-sn-00000006-c0a7c1a5,qr,6,dpp-document-open,Documents,Sustainability Certificate.pdf,desktop,BE-VLG,synthetic
2026-08-16,session-00845,mannstaedt-demo-003,qr,1,dpp-section-view,Overview,,mobile,NL-NH,synthetic
2026-08-16,session-00845,mannstaedt-demo-003,qr,2,dpp-section-view,Documents,,mobile,NL-NH,synthetic
2026-08-16,session-00845,mannstaedt-demo-003,qr,3,dpp-section-view,Materials,,mobile,NL-NH,synthetic
2026-08-16,session-00845,mannstaedt-demo-003,qr,4,dpp-section-view,Product Information,,mobile,NL-NH,synthetic
2026-08-16,session-00845,mannstaedt-demo-003,qr,5,dpp-section-view,Traceability,,mobile,NL-NH,synthetic
2026-08-17,session-00846,gmh-gruppe-sn-00000006-c0a7c1a5,qr,1,dpp-section-view,Overview,,desktop,DE-NW,synthetic
2026-08-27,session-00847,gmh-gruppe-sn-00000006-c0a7c1a5,qr,1,dpp-section-view,Documents,,mobile,DE-BE,synthetic
2026-08-27,session-00847,gmh-gruppe-sn-00000006-c0a7c1a5,qr,2,dpp-section-view,Sustainability,,mobile,DE-BE,synthetic
2026-08-27,session-00847,gmh-gruppe-sn-00000006-c0a7c1a5,qr,3,dpp-section-view,Overview,,mobile,DE-BE,synthetic
2026-08-27,session-00847,gmh-gruppe-sn-00000006-c0a7c1a5,qr,4,dpp-section-view,Traceability,,mobile,DE-BE,synthetic
2026-07-28,session-00848,mannstaedt-demo-003,web,1,dpp-section-view,Overview,,desktop,DE-NW,synthetic
2026-07-13,session-00849,gmh-gruppe-sn-00000006-c0a7c1a5,qr,1,dpp-section-view,Materials,,tablet,DE-BE,synthetic
2026-07-13,session-00849,gmh-gruppe-sn-00000006-c0a7c1a5,qr,2,dpp-section-view,Product Information,,tablet,DE-BE,synthetic
2026-07-13,session-00849,gmh-gruppe-sn-00000006-c0a7c1a5,qr,3,dpp-section-view,Sustainability,,tablet,DE-BE,synthetic
2026-07-13,session-00849,gmh-gruppe-sn-00000006-c0a7c1a5,qr,4,dpp-section-view,Traceability,,tablet,DE-BE,synthetic
2026-07-13,session-00849,gmh-gruppe-sn-00000006-c0a7c1a5,qr,5,dpp-section-view,Overview,,tablet,DE-BE,synthetic
2026-07-13,session-00849,gmh-gruppe-sn-00000006-c0a7c1a5,qr,6,dpp-document-open,Documents,Sustainability Certificate.pdf,tablet,DE-BE,synthetic
2026-07-13,session-00849,gmh-gruppe-sn-00000006-c0a7c1a5,qr,7,dpp-document-open,Documents,Declaration of Conformity.pdf,tablet,DE-BE,synthetic
2026-09-04,session-00850,gmh-gruppe-sn-00000006-c0a7c1a5,web,1,dpp-section-view,Overview,,desktop,BE-VLG,synthetic
2026-09-04,session-00850,gmh-gruppe-sn-00000006-c0a7c1a5,web,2,dpp-document-open,Documents,Declaration of Conformity.pdf,desktop,BE-VLG,synthetic
2026-09-04,session-00850,gmh-gruppe-sn-00000006-c0a7c1a5,web,3,dpp-document-open,Documents,Declaration of Conformity.pdf,desktop,BE-VLG,synthetic
2026-05-01,session-00851,gmh-gruppe-sn-00000006-c0a7c1a5,qr,1,dpp-section-view,Overview,,tablet,BE-VLG,synthetic
2026-05-01,session-00851,gmh-gruppe-sn-00000006-c0a7c1a5,qr,2,dpp-section-view,Materials,,tablet,BE-VLG,synthetic
2026-05-01,session-00851,gmh-gruppe-sn-00000006-c0a7c1a5,qr,3,dpp-section-view,Product Information,,tablet,BE-VLG,synthetic
2026-05-01,session-00851,gmh-gruppe-sn-00000006-c0a7c1a5,qr,4,dpp-section-view,Sustainability,,tablet,BE-VLG,synthetic
2026-05-01,session-00851,gmh-gruppe-sn-00000006-c0a7c1a5,qr,5,dpp-section-view,Traceability,,tablet,BE-VLG,synthetic
2026-05-01,session-00851,gmh-gruppe-sn-00000006-c0a7c1a5,qr,6,dpp-section-view,Documents,,tablet,BE-VLG,synthetic
2026-06-14,session-00852,gmh-gruppe-sn-00000006-c0a7c1a5,web,1,dpp-section-view,Overview,,desktop,BE-VLG,synthetic
2026-06-14,session-00852,gmh-gruppe-sn-00000006-c0a7c1a5,web,2,dpp-section-view,Sustainability,,desktop,BE-VLG,synthetic
2026-08-22,session-00853,mannstaedt-demo-002,web,1,dpp-section-view,Sustainability,,desktop,BE-VLG,synthetic
2026-08-22,session-00853,mannstaedt-demo-002,web,2,dpp-section-view,Traceability,,desktop,BE-VLG,synthetic
2026-08-22,session-00853,mannstaedt-demo-002,web,3,dpp-section-view,Documents,,desktop,BE-VLG,synthetic
2026-08-22,session-00853,mannstaedt-demo-002,web,4,dpp-section-view,Overview,,desktop,BE-VLG,synthetic
2026-08-22,session-00853,mannstaedt-demo-002,web,5,dpp-section-view,Materials,,desktop,BE-VLG,synthetic
2026-08-22,session-00853,mannstaedt-demo-002,web,6,dpp-document-open,Documents,Sustainability Certificate.pdf,desktop,BE-VLG,synthetic
2026-08-22,session-00853,mannstaedt-demo-002,web,7,dpp-document-open,Documents,Declaration of Conformity.pdf,desktop,BE-VLG,synthetic
2026-08-22,session-00853,mannstaedt-demo-002,web,8,dpp-document-open,Documents,Material Certificate.pdf,desktop,BE-VLG,synthetic
2026-06-06,session-00854,gmh-gruppe-sn-00000006-c0a7c1a5,qr,1,dpp-section-view,Overview,,mobile,NL-NH,synthetic
2026-07-16,session-00855,gmh-gruppe-sn-00000006-c0a7c1a5,qr,1,dpp-section-view,Overview,,desktop,DE-BY,synthetic
2026-06-16,session-00856,gmh-gruppe-sn-00000006-c0a7c1a5,qr,1,dpp-section-view,Sustainability,,mobile,DE-BE,synthetic
2026-06-16,session-00856,gmh-gruppe-sn-00000006-c0a7c1a5,qr,2,dpp-section-view,Overview,,mobile,DE-BE,synthetic
2026-06-16,session-00856,gmh-gruppe-sn-00000006-c0a7c1a5,qr,3,dpp-section-view,Materials,,mobile,DE-BE,synthetic
2026-06-16,session-00856,gmh-gruppe-sn-00000006-c0a7c1a5,qr,4,dpp-document-open,Documents,Sustainability Certificate.pdf,mobile,DE-BE,synthetic
2026-06-16,session-00856,gmh-gruppe-sn-00000006-c0a7c1a5,qr,5,dpp-document-open,Documents,Declaration of Conformity.pdf,mobile,DE-BE,synthetic
2026-09-06,session-00857,mannstaedt-demo-002,web,1,dpp-section-view,Overview,,desktop,BE-VLG,synthetic
2026-05-29,session-00858,gmh-gruppe-sn-00000006-c0a7c1a5,web,1,dpp-section-view,Overview,,desktop,NL-NH,synthetic
2026-05-29,session-00858,gmh-gruppe-sn-00000006-c0a7c1a5,web,2,dpp-section-view,Sustainability,,desktop,NL-NH,synthetic
2026-05-15,session-00859,gmh-gruppe-sn-00000006-c0a7c1a5,qr,1,dpp-section-view,Product Information,,desktop,NL-NH,synthetic
2026-05-15,session-00859,gmh-gruppe-sn-00000006-c0a7c1a5,qr,2,dpp-section-view,Documents,,desktop,NL-NH,synthetic
2026-05-15,session-00859,gmh-gruppe-sn-00000006-c0a7c1a5,qr,3,dpp-section-view,Traceability,,desktop,NL-NH,synthetic
2026-05-15,session-00859,gmh-gruppe-sn-00000006-c0a7c1a5,qr,4,dpp-section-view,Overview,,desktop,NL-NH,synthetic
2026-05-15,session-00859,gmh-gruppe-sn-00000006-c0a7c1a5,qr,5,dpp-section-view,Sustainability,,desktop,NL-NH,synthetic
2026-05-15,session-00859,gmh-gruppe-sn-00000006-c0a7c1a5,qr,6,dpp-document-open,Documents,Declaration of Conformity.pdf,desktop,NL-NH,synthetic
2026-05-15,session-00859,gmh-gruppe-sn-00000006-c0a7c1a5,qr,7,dpp-document-open,Documents,Sustainability Certificate.pdf,desktop,NL-NH,synthetic
2026-05-15,session-00859,gmh-gruppe-sn-00000006-c0a7c1a5,qr,8,dpp-document-open,Documents,Material Certificate.pdf,desktop,NL-NH,synthetic
2026-08-29,session-00860,gmh-gruppe-sn-00000006-c0a7c1a5,qr,1,dpp-section-view,Overview,,desktop,NL-NH,synthetic
2026-07-06,session-00861,gmh-gruppe-sn-00000006-c0a7c1a5,qr,1,dpp-section-view,Overview,,desktop,BE-VLG,synthetic
2026-07-06,session-00861,gmh-gruppe-sn-00000006-c0a7c1a5,qr,2,dpp-section-view,Traceability,,desktop,BE-VLG,synthetic
2026-07-06,session-00861,gmh-gruppe-sn-00000006-c0a7c1a5,qr,3,dpp-section-view,Documents,,desktop,BE-VLG,synthetic
2026-07-06,session-00861,gmh-gruppe-sn-00000006-c0a7c1a5,qr,4,dpp-section-view,Sustainability,,desktop,BE-VLG,synthetic
2026-08-21,session-00862,gmh-gruppe-sn-00000006-c0a7c1a5,qr,1,dpp-section-view,Overview,,desktop,BE-VLG,synthetic
2026-08-21,session-00862,gmh-gruppe-sn-00000006-c0a7c1a5,qr,2,dpp-section-view,Sustainability,,desktop,BE-VLG,synthetic
2026-08-21,session-00862,gmh-gruppe-sn-00000006-c0a7c1a5,qr,3,dpp-section-view,Materials,,desktop,BE-VLG,synthetic
2026-08-21,session-00862,gmh-gruppe-sn-00000006-c0a7c1a5,qr,4,dpp-document-open,Documents,Technical Datasheet.pdf,desktop,BE-VLG,synthetic
2026-08-21,session-00862,gmh-gruppe-sn-00000006-c0a7c1a5,qr,5,dpp-document-open,Documents,Technical Datasheet.pdf,desktop,BE-VLG,synthetic
2026-08-21,session-00862,gmh-gruppe-sn-00000006-c0a7c1a5,qr,6,dpp-document-open,Documents,Material Certificate.pdf,desktop,BE-VLG,synthetic
2026-09-06,session-00863,gmh-gruppe-sn-00000006-c0a7c1a5,web,1,dpp-section-view,Overview,,desktop,DE-BE,synthetic
2026-09-06,session-00863,gmh-gruppe-sn-00000006-c0a7c1a5,web,2,dpp-section-view,Sustainability,,desktop,DE-BE,synthetic
2026-07-25,session-00864,mannstaedt-demo-002,web,1,dpp-section-view,Product Information,,desktop,DE-BY,synthetic
2026-07-25,session-00864,mannstaedt-demo-002,web,2,dpp-section-view,Materials,,desktop,DE-BY,synthetic
2026-07-25,session-00864,mannstaedt-demo-002,web,3,dpp-section-view,Overview,,desktop,DE-BY,synthetic
2026-05-17,session-00865,gmh-gruppe-sn-00000006-c0a7c1a5,web,1,dpp-section-view,Overview,,mobile,DE-BE,synthetic
2026-06-02,session-00866,gmh-gruppe-sn-00000006-c0a7c1a5,qr,1,dpp-section-view,Overview,,desktop,DE-NW,synthetic
2026-06-02,session-00866,gmh-gruppe-sn-00000006-c0a7c1a5,qr,2,dpp-section-view,Materials,,desktop,DE-NW,synthetic
2026-06-02,session-00866,gmh-gruppe-sn-00000006-c0a7c1a5,qr,3,dpp-document-open,Documents,Material Certificate.pdf,desktop,DE-NW,synthetic
2026-05-31,session-00867,gmh-gruppe-sn-00000006-c0a7c1a5,qr,1,dpp-section-view,Overview,,mobile,DE-NW,synthetic
2026-05-31,session-00867,gmh-gruppe-sn-00000006-c0a7c1a5,qr,2,dpp-section-view,Product Information,,mobile,DE-NW,synthetic
2026-05-31,session-00867,gmh-gruppe-sn-00000006-c0a7c1a5,qr,3,dpp-document-open,Documents,Sustainability Certificate.pdf,mobile,DE-NW,synthetic
2026-05-31,session-00867,gmh-gruppe-sn-00000006-c0a7c1a5,qr,4,dpp-document-open,Documents,Declaration of Conformity.pdf,mobile,DE-NW,synthetic
2026-05-05,session-00868,mannstaedt-demo-002,qr,1,dpp-section-view,Overview,,mobile,DE-BE,synthetic
2026-05-05,session-00868,mannstaedt-demo-002,qr,2,dpp-document-open,Documents,Technical Datasheet.pdf,mobile,DE-BE,synthetic
2026-06-18,session-00869,gmh-gruppe-sn-00000006-c0a7c1a5,qr,1,dpp-section-view,Product Information,,mobile,DE-NW,synthetic
2026-06-18,session-00869,gmh-gruppe-sn-00000006-c0a7c1a5,qr,2,dpp-section-view,Documents,,mobile,DE-NW,synthetic
2026-06-18,session-00869,gmh-gruppe-sn-00000006-c0a7c1a5,qr,3,dpp-section-view,Sustainability,,mobile,DE-NW,synthetic
2026-06-18,session-00869,gmh-gruppe-sn-00000006-c0a7c1a5,qr,4,dpp-section-view,Traceability,,mobile,DE-NW,synthetic
2026-06-18,session-00869,gmh-gruppe-sn-00000006-c0a7c1a5,qr,5,dpp-section-view,Overview,,mobile,DE-NW,synthetic
2026-06-18,session-00869,gmh-gruppe-sn-00000006-c0a7c1a5,qr,6,dpp-section-view,Materials,,mobile,DE-NW,synthetic
2026-06-18,session-00869,gmh-gruppe-sn-00000006-c0a7c1a5,qr,7,dpp-document-open,Documents,Sustainability Certificate.pdf,mobile,DE-NW,synthetic
2026-05-30,session-00870,mannstaedt-demo-002,qr,1,dpp-section-view,Materials,,desktop,NL-NH,synthetic
2026-05-30,session-00870,mannstaedt-demo-002,qr,2,dpp-section-view,Sustainability,,desktop,NL-NH,synthetic
2026-05-30,session-00870,mannstaedt-demo-002,qr,3,dpp-section-view,Documents,,desktop,NL-NH,synthetic
2026-05-30,session-00870,mannstaedt-demo-002,qr,4,dpp-section-view,Overview,,desktop,NL-NH,synthetic
2026-07-02,session-00871,gmh-gruppe-sn-00000006-c0a7c1a5,qr,1,dpp-section-view,Traceability,,mobile,BE-VLG,synthetic
2026-07-02,session-00871,gmh-gruppe-sn-00000006-c0a7c1a5,qr,2,dpp-section-view,Documents,,mobile,BE-VLG,synthetic
2026-07-02,session-00871,gmh-gruppe-sn-00000006-c0a7c1a5,qr,3,dpp-section-view,Materials,,mobile,BE-VLG,synthetic
2026-07-02,session-00871,gmh-gruppe-sn-00000006-c0a7c1a5,qr,4,dpp-section-view,Sustainability,,mobile,BE-VLG,synthetic
2026-07-02,session-00871,gmh-gruppe-sn-00000006-c0a7c1a5,qr,5,dpp-section-view,Overview,,mobile,BE-VLG,synthetic
2026-07-02,session-00871,gmh-gruppe-sn-00000006-c0a7c1a5,qr,6,dpp-section-view,Product Information,,mobile,BE-VLG,synthetic
2026-07-02,session-00871,gmh-gruppe-sn-00000006-c0a7c1a5,qr,7,dpp-document-open,Documents,Technical Datasheet.pdf,mobile,BE-VLG,synthetic
2026-07-02,session-00871,gmh-gruppe-sn-00000006-c0a7c1a5,qr,8,dpp-document-open,Documents,Declaration of Conformity.pdf,mobile,BE-VLG,synthetic
2026-05-27,session-00872,gmh-gruppe-sn-00000006-c0a7c1a5,qr,1,dpp-section-view,Overview,,desktop,DE-BY,synthetic
2026-08-17,session-00873,mannstaedt-demo-003,qr,1,dpp-section-view,Overview,,mobile,DE-BY,synthetic
2026-07-12,session-00874,gmh-gruppe-sn-00000006-c0a7c1a5,web,1,dpp-section-view,Overview,,mobile,NL-NH,synthetic
2026-07-12,session-00874,gmh-gruppe-sn-00000006-c0a7c1a5,web,2,dpp-section-view,Traceability,,mobile,NL-NH,synthetic
2026-07-12,session-00874,gmh-gruppe-sn-00000006-c0a7c1a5,web,3,dpp-section-view,Product Information,,mobile,NL-NH,synthetic
2026-07-12,session-00874,gmh-gruppe-sn-00000006-c0a7c1a5,web,4,dpp-document-open,Documents,Material Certificate.pdf,mobile,NL-NH,synthetic
2026-07-12,session-00874,gmh-gruppe-sn-00000006-c0a7c1a5,web,5,dpp-document-open,Documents,Declaration of Conformity.pdf,mobile,NL-NH,synthetic
2026-09-02,session-00875,gmh-gruppe-sn-00000006-c0a7c1a5,qr,1,dpp-section-view,Traceability,,mobile,DE-NW,synthetic
2026-09-02,session-00875,gmh-gruppe-sn-00000006-c0a7c1a5,qr,2,dpp-section-view,Overview,,mobile,DE-NW,synthetic
2026-09-02,session-00875,gmh-gruppe-sn-00000006-c0a7c1a5,qr,3,dpp-section-view,Sustainability,,mobile,DE-NW,synthetic
2026-09-02,session-00875,gmh-gruppe-sn-00000006-c0a7c1a5,qr,4,dpp-section-view,Materials,,mobile,DE-NW,synthetic
2026-09-02,session-00875,gmh-gruppe-sn-00000006-c0a7c1a5,qr,5,dpp-section-view,Product Information,,mobile,DE-NW,synthetic
2026-09-02,session-00875,gmh-gruppe-sn-00000006-c0a7c1a5,qr,6,dpp-section-view,Documents,,mobile,DE-NW,synthetic
2026-09-02,session-00875,gmh-gruppe-sn-00000006-c0a7c1a5,qr,7,dpp-document-open,Documents,Sustainability Certificate.pdf,mobile,DE-NW,synthetic
2026-07-01,session-00876,gmh-gruppe-sn-00000006-c0a7c1a5,qr,1,dpp-section-view,Overview,,desktop,DE-BE,synthetic
2026-07-01,session-00876,gmh-gruppe-sn-00000006-c0a7c1a5,qr,2,dpp-document-open,Documents,Sustainability Certificate.pdf,desktop,DE-BE,synthetic
2026-07-01,session-00876,gmh-gruppe-sn-00000006-c0a7c1a5,qr,3,dpp-document-open,Documents,Declaration of Conformity.pdf,desktop,DE-BE,synthetic
2026-08-10,session-00877,mannstaedt-demo-003,qr,1,dpp-section-view,Overview,,desktop,DE-NW,synthetic
2026-08-10,session-00877,mannstaedt-demo-003,qr,2,dpp-section-view,Materials,,desktop,DE-NW,synthetic
2026-08-10,session-00877,mannstaedt-demo-003,qr,3,dpp-section-view,Product Information,,desktop,DE-NW,synthetic
2026-08-10,session-00877,mannstaedt-demo-003,qr,4,dpp-section-view,Documents,,desktop,DE-NW,synthetic
2026-08-10,session-00877,mannstaedt-demo-003,qr,5,dpp-section-view,Sustainability,,desktop,DE-NW,synthetic
2026-08-10,session-00877,mannstaedt-demo-003,qr,6,dpp-section-view,Traceability,,desktop,DE-NW,synthetic
2026-08-10,session-00877,mannstaedt-demo-003,qr,7,dpp-document-open,Documents,Technical Datasheet.pdf,desktop,DE-NW,synthetic
2026-08-10,session-00877,mannstaedt-demo-003,qr,8,dpp-document-open,Documents,Declaration of Conformity.pdf,desktop,DE-NW,synthetic
2026-08-10,session-00877,mannstaedt-demo-003,qr,9,dpp-document-open,Documents,Material Certificate.pdf,desktop,DE-NW,synthetic
2026-08-07,session-00878,mannstaedt-demo-003,web,1,dpp-section-view,Overview,,mobile,NL-NH,synthetic
2026-08-07,session-00878,mannstaedt-demo-003,web,2,dpp-section-view,Traceability,,mobile,NL-NH,synthetic
2026-08-07,session-00878,mannstaedt-demo-003,web,3,dpp-section-view,Sustainability,,mobile,NL-NH,synthetic
2026-07-11,session-00879,gmh-gruppe-sn-00000006-c0a7c1a5,qr,1,dpp-section-view,Product Information,,desktop,DE-NW,synthetic
2026-07-11,session-00879,gmh-gruppe-sn-00000006-c0a7c1a5,qr,2,dpp-section-view,Overview,,desktop,DE-NW,synthetic
2026-07-11,session-00879,gmh-gruppe-sn-00000006-c0a7c1a5,qr,3,dpp-section-view,Sustainability,,desktop,DE-NW,synthetic
2026-07-11,session-00879,gmh-gruppe-sn-00000006-c0a7c1a5,qr,4,dpp-document-open,Documents,Technical Datasheet.pdf,desktop,DE-NW,synthetic
2026-07-11,session-00879,gmh-gruppe-sn-00000006-c0a7c1a5,qr,5,dpp-document-open,Documents,Technical Datasheet.pdf,desktop,DE-NW,synthetic
2026-05-20,session-00880,mannstaedt-demo-002,qr,1,dpp-section-view,Overview,,mobile,DE-NW,synthetic
2026-05-20,session-00880,mannstaedt-demo-002,qr,2,dpp-section-view,Materials,,mobile,DE-NW,synthetic
2026-05-20,session-00880,mannstaedt-demo-002,qr,3,dpp-section-view,Traceability,,mobile,DE-NW,synthetic
2026-05-20,session-00880,mannstaedt-demo-002,qr,4,dpp-section-view,Product Information,,mobile,DE-NW,synthetic
2026-07-17,session-00881,mannstaedt-demo-003,qr,1,dpp-section-view,Sustainability,,desktop,DE-BY,synthetic
2026-07-17,session-00881,mannstaedt-demo-003,qr,2,dpp-section-view,Overview,,desktop,DE-BY,synthetic
2026-08-23,session-00882,gmh-gruppe-sn-00000006-c0a7c1a5,qr,1,dpp-section-view,Product Information,,desktop,DE-BE,synthetic
2026-08-23,session-00882,gmh-gruppe-sn-00000006-c0a7c1a5,qr,2,dpp-section-view,Sustainability,,desktop,DE-BE,synthetic
2026-08-23,session-00882,gmh-gruppe-sn-00000006-c0a7c1a5,qr,3,dpp-section-view,Materials,,desktop,DE-BE,synthetic
2026-08-23,session-00882,gmh-gruppe-sn-00000006-c0a7c1a5,qr,4,dpp-section-view,Overview,,desktop,DE-BE,synthetic
2026-07-01,session-00883,gmh-gruppe-sn-00000006-c0a7c1a5,qr,1,dpp-section-view,Sustainability,,desktop,BE-VLG,synthetic
2026-07-01,session-00883,gmh-gruppe-sn-00000006-c0a7c1a5,qr,2,dpp-section-view,Product Information,,desktop,BE-VLG,synthetic
2026-07-01,session-00883,gmh-gruppe-sn-00000006-c0a7c1a5,qr,3,dpp-section-view,Overview,,desktop,BE-VLG,synthetic
2026-08-23,session-00884,mannstaedt-demo-002,qr,1,dpp-section-view,Overview,,desktop,DE-BY,synthetic
2026-08-23,session-00884,mannstaedt-demo-002,qr,2,dpp-section-view,Product Information,,desktop,DE-BY,synthetic
2026-08-23,session-00884,mannstaedt-demo-002,qr,3,dpp-section-view,Sustainability,,desktop,DE-BY,synthetic
2026-08-23,session-00884,mannstaedt-demo-002,qr,4,dpp-section-view,Documents,,desktop,DE-BY,synthetic
2026-08-23,session-00884,mannstaedt-demo-002,qr,5,dpp-document-open,Documents,Technical Datasheet.pdf,desktop,DE-BY,synthetic
2026-08-23,session-00884,mannstaedt-demo-002,qr,6,dpp-document-open,Documents,Sustainability Certificate.pdf,desktop,DE-BY,synthetic
2026-07-13,session-00885,gmh-gruppe-sn-00000006-c0a7c1a5,qr,1,dpp-section-view,Overview,,desktop,DE-BY,synthetic
2026-07-13,session-00885,gmh-gruppe-sn-00000006-c0a7c1a5,qr,2,dpp-section-view,Product Information,,desktop,DE-BY,synthetic
2026-07-13,session-00885,gmh-gruppe-sn-00000006-c0a7c1a5,qr,3,dpp-section-view,Materials,,desktop,DE-BY,synthetic
2026-07-13,session-00885,gmh-gruppe-sn-00000006-c0a7c1a5,qr,4,dpp-section-view,Sustainability,,desktop,DE-BY,synthetic
2026-07-13,session-00885,gmh-gruppe-sn-00000006-c0a7c1a5,qr,5,dpp-section-view,Traceability,,desktop,DE-BY,synthetic
2026-08-21,session-00886,gmh-gruppe-sn-00000006-c0a7c1a5,qr,1,dpp-section-view,Overview,,desktop,DE-BE,synthetic
2026-08-21,session-00886,gmh-gruppe-sn-00000006-c0a7c1a5,qr,2,dpp-section-view,Product Information,,desktop,DE-BE,synthetic
2026-08-21,session-00886,gmh-gruppe-sn-00000006-c0a7c1a5,qr,3,dpp-section-view,Materials,,desktop,DE-BE,synthetic
2026-08-21,session-00886,gmh-gruppe-sn-00000006-c0a7c1a5,qr,4,dpp-document-open,Documents,Sustainability Certificate.pdf,desktop,DE-BE,synthetic
2026-08-21,session-00887,gmh-gruppe-sn-00000006-c0a7c1a5,web,1,dpp-section-view,Product Information,,desktop,NL-NH,synthetic
2026-08-21,session-00887,gmh-gruppe-sn-00000006-c0a7c1a5,web,2,dpp-section-view,Documents,,desktop,NL-NH,synthetic
2026-08-21,session-00887,gmh-gruppe-sn-00000006-c0a7c1a5,web,3,dpp-section-view,Overview,,desktop,NL-NH,synthetic
2026-08-21,session-00887,gmh-gruppe-sn-00000006-c0a7c1a5,web,4,dpp-section-view,Traceability,,desktop,NL-NH,synthetic
2026-08-21,session-00887,gmh-gruppe-sn-00000006-c0a7c1a5,web,5,dpp-document-open,Documents,Material Certificate.pdf,desktop,NL-NH,synthetic
2026-08-21,session-00887,gmh-gruppe-sn-00000006-c0a7c1a5,web,6,dpp-document-open,Documents,Material Certificate.pdf,desktop,NL-NH,synthetic
2026-08-21,session-00887,gmh-gruppe-sn-00000006-c0a7c1a5,web,7,dpp-document-open,Documents,Declaration of Conformity.pdf,desktop,NL-NH,synthetic
2026-08-22,session-00888,mannstaedt-demo-003,qr,1,dpp-section-view,Overview,,desktop,NL-NH,synthetic
2026-08-22,session-00888,mannstaedt-demo-003,qr,2,dpp-section-view,Traceability,,desktop,NL-NH,synthetic
2026-06-09,session-00889,gmh-gruppe-sn-00000006-c0a7c1a5,qr,1,dpp-section-view,Overview,,desktop,BE-VLG,synthetic
2026-06-09,session-00889,gmh-gruppe-sn-00000006-c0a7c1a5,qr,2,dpp-section-view,Documents,,desktop,BE-VLG,synthetic
2026-06-20,session-00890,gmh-gruppe-sn-00000006-c0a7c1a5,qr,1,dpp-section-view,Overview,,desktop,DE-BE,synthetic
2026-06-20,session-00890,gmh-gruppe-sn-00000006-c0a7c1a5,qr,2,dpp-section-view,Product Information,,desktop,DE-BE,synthetic
2026-06-20,session-00890,gmh-gruppe-sn-00000006-c0a7c1a5,qr,3,dpp-section-view,Documents,,desktop,DE-BE,synthetic
2026-06-20,session-00890,gmh-gruppe-sn-00000006-c0a7c1a5,qr,4,dpp-section-view,Materials,,desktop,DE-BE,synthetic
2026-06-20,session-00890,gmh-gruppe-sn-00000006-c0a7c1a5,qr,5,dpp-section-view,Traceability,,desktop,DE-BE,synthetic
2026-06-23,session-00891,gmh-gruppe-sn-00000006-c0a7c1a5,qr,1,dpp-section-view,Overview,,mobile,DE-BY,synthetic
2026-06-23,session-00891,gmh-gruppe-sn-00000006-c0a7c1a5,qr,2,dpp-section-view,Traceability,,mobile,DE-BY,synthetic
2026-08-08,session-00892,mannstaedt-demo-002,web,1,dpp-section-view,Overview,,desktop,DE-BE,synthetic
2026-08-08,session-00892,mannstaedt-demo-002,web,2,dpp-document-open,Documents,Technical Datasheet.pdf,desktop,DE-BE,synthetic
2026-08-28,session-00893,gmh-gruppe-sn-00000006-c0a7c1a5,web,1,dpp-section-view,Product Information,,mobile,NL-NH,synthetic
2026-08-28,session-00893,gmh-gruppe-sn-00000006-c0a7c1a5,web,2,dpp-section-view,Materials,,mobile,NL-NH,synthetic
2026-08-28,session-00893,gmh-gruppe-sn-00000006-c0a7c1a5,web,3,dpp-section-view,Overview,,mobile,NL-NH,synthetic
2026-08-28,session-00893,gmh-gruppe-sn-00000006-c0a7c1a5,web,4,dpp-section-view,Traceability,,mobile,NL-NH,synthetic
2026-08-28,session-00893,gmh-gruppe-sn-00000006-c0a7c1a5,web,5,dpp-section-view,Documents,,mobile,NL-NH,synthetic
2026-08-28,session-00893,gmh-gruppe-sn-00000006-c0a7c1a5,web,6,dpp-document-open,Documents,Material Certificate.pdf,mobile,NL-NH,synthetic
2026-08-28,session-00893,gmh-gruppe-sn-00000006-c0a7c1a5,web,7,dpp-document-open,Documents,Sustainability Certificate.pdf,mobile,NL-NH,synthetic
2026-05-21,session-00894,gmh-gruppe-sn-00000006-c0a7c1a5,qr,1,dpp-section-view,Documents,,desktop,BE-VLG,synthetic
2026-05-21,session-00894,gmh-gruppe-sn-00000006-c0a7c1a5,qr,2,dpp-section-view,Materials,,desktop,BE-VLG,synthetic
2026-05-21,session-00894,gmh-gruppe-sn-00000006-c0a7c1a5,qr,3,dpp-section-view,Overview,,desktop,BE-VLG,synthetic
2026-05-21,session-00894,gmh-gruppe-sn-00000006-c0a7c1a5,qr,4,dpp-section-view,Sustainability,,desktop,BE-VLG,synthetic
2026-05-21,session-00894,gmh-gruppe-sn-00000006-c0a7c1a5,qr,5,dpp-section-view,Traceability,,desktop,BE-VLG,synthetic
2026-05-21,session-00894,gmh-gruppe-sn-00000006-c0a7c1a5,qr,6,dpp-section-view,Product Information,,desktop,BE-VLG,synthetic
2026-05-21,session-00894,gmh-gruppe-sn-00000006-c0a7c1a5,qr,7,dpp-document-open,Documents,Technical Datasheet.pdf,desktop,BE-VLG,synthetic
2026-05-21,session-00894,gmh-gruppe-sn-00000006-c0a7c1a5,qr,8,dpp-document-open,Documents,Material Certificate.pdf,desktop,BE-VLG,synthetic
2026-05-02,session-00895,gmh-gruppe-sn-00000006-c0a7c1a5,web,1,dpp-section-view,Product Information,,desktop,BE-VLG,synthetic
2026-05-02,session-00895,gmh-gruppe-sn-00000006-c0a7c1a5,web,2,dpp-section-view,Sustainability,,desktop,BE-VLG,synthetic
2026-05-02,session-00895,gmh-gruppe-sn-00000006-c0a7c1a5,web,3,dpp-section-view,Overview,,desktop,BE-VLG,synthetic
2026-07-11,session-00896,mannstaedt-demo-002,web,1,dpp-section-view,Sustainability,,mobile,DE-NW,synthetic
2026-07-11,session-00896,mannstaedt-demo-002,web,2,dpp-section-view,Overview,,mobile,DE-NW,synthetic
2026-07-11,session-00896,mannstaedt-demo-002,web,3,dpp-section-view,Documents,,mobile,DE-NW,synthetic
2026-07-11,session-00896,mannstaedt-demo-002,web,4,dpp-section-view,Product Information,,mobile,DE-NW,synthetic
2026-06-20,session-00897,gmh-gruppe-sn-00000006-c0a7c1a5,web,1,dpp-section-view,Overview,,mobile,BE-VLG,synthetic
2026-06-20,session-00897,gmh-gruppe-sn-00000006-c0a7c1a5,web,2,dpp-section-view,Sustainability,,mobile,BE-VLG,synthetic
2026-06-20,session-00897,gmh-gruppe-sn-00000006-c0a7c1a5,web,3,dpp-section-view,Documents,,mobile,BE-VLG,synthetic
2026-06-20,session-00897,gmh-gruppe-sn-00000006-c0a7c1a5,web,4,dpp-section-view,Traceability,,mobile,BE-VLG,synthetic
2026-05-04,session-00898,gmh-gruppe-sn-00000006-c0a7c1a5,qr,1,dpp-section-view,Overview,,desktop,DE-BY,synthetic
2026-05-04,session-00898,gmh-gruppe-sn-00000006-c0a7c1a5,qr,2,dpp-section-view,Sustainability,,desktop,DE-BY,synthetic
2026-05-04,session-00898,gmh-gruppe-sn-00000006-c0a7c1a5,qr,3,dpp-section-view,Materials,,desktop,DE-BY,synthetic
2026-05-04,session-00898,gmh-gruppe-sn-00000006-c0a7c1a5,qr,4,dpp-document-open,Documents,Technical Datasheet.pdf,desktop,DE-BY,synthetic
2026-05-12,session-00899,gmh-gruppe-sn-00000006-c0a7c1a5,web,1,dpp-section-view,Traceability,,desktop,DE-BE,synthetic
2026-05-12,session-00899,gmh-gruppe-sn-00000006-c0a7c1a5,web,2,dpp-section-view,Product Information,,desktop,DE-BE,synthetic
2026-05-12,session-00899,gmh-gruppe-sn-00000006-c0a7c1a5,web,3,dpp-section-view,Sustainability,,desktop,DE-BE,synthetic
2026-05-12,session-00899,gmh-gruppe-sn-00000006-c0a7c1a5,web,4,dpp-section-view,Materials,,desktop,DE-BE,synthetic
2026-05-12,session-00899,gmh-gruppe-sn-00000006-c0a7c1a5,web,5,dpp-section-view,Overview,,desktop,DE-BE,synthetic
2026-05-12,session-00899,gmh-gruppe-sn-00000006-c0a7c1a5,web,6,dpp-section-view,Documents,,desktop,DE-BE,synthetic
2026-08-28,session-00900,mannstaedt-demo-002,web,1,dpp-section-view,Overview,,desktop,BE-VLG,synthetic
2026-08-28,session-00900,mannstaedt-demo-002,web,2,dpp-section-view,Sustainability,,desktop,BE-VLG,synthetic
2026-08-28,session-00900,mannstaedt-demo-002,web,3,dpp-section-view,Materials,,desktop,BE-VLG,synthetic
2026-08-28,session-00900,mannstaedt-demo-002,web,4,dpp-document-open,Documents,Technical Datasheet.pdf,desktop,BE-VLG,synthetic
2026-08-28,session-00900,mannstaedt-demo-002,web,5,dpp-document-open,Documents,Declaration of Conformity.pdf,desktop,BE-VLG,synthetic
2026-05-29,session-00901,mannstaedt-demo-002,qr,1,dpp-section-view,Sustainability,,mobile,DE-NW,synthetic
2026-05-29,session-00901,mannstaedt-demo-002,qr,2,dpp-section-view,Overview,,mobile,DE-NW,synthetic
2026-07-27,session-00902,gmh-gruppe-sn-00000006-c0a7c1a5,qr,1,dpp-section-view,Overview,,desktop,BE-VLG,synthetic
2026-05-16,session-00903,gmh-gruppe-sn-00000006-c0a7c1a5,qr,1,dpp-section-view,Overview,,desktop,BE-VLG,synthetic
2026-05-16,session-00903,gmh-gruppe-sn-00000006-c0a7c1a5,qr,2,dpp-section-view,Sustainability,,desktop,BE-VLG,synthetic
2026-07-26,session-00904,gmh-gruppe-sn-00000006-c0a7c1a5,qr,1,dpp-section-view,Product Information,,mobile,DE-BY,synthetic
2026-07-26,session-00904,gmh-gruppe-sn-00000006-c0a7c1a5,qr,2,dpp-section-view,Overview,,mobile,DE-BY,synthetic
2026-07-26,session-00904,gmh-gruppe-sn-00000006-c0a7c1a5,qr,3,dpp-section-view,Documents,,mobile,DE-BY,synthetic
2026-07-26,session-00904,gmh-gruppe-sn-00000006-c0a7c1a5,qr,4,dpp-section-view,Materials,,mobile,DE-BY,synthetic
2026-09-04,session-00905,gmh-gruppe-sn-00000006-c0a7c1a5,web,1,dpp-section-view,Overview,,desktop,NL-NH,synthetic
2026-09-04,session-00905,gmh-gruppe-sn-00000006-c0a7c1a5,web,2,dpp-section-view,Documents,,desktop,NL-NH,synthetic
2026-09-04,session-00905,gmh-gruppe-sn-00000006-c0a7c1a5,web,3,dpp-section-view,Materials,,desktop,NL-NH,synthetic
2026-09-05,session-00906,mannstaedt-demo-003,qr,1,dpp-section-view,Overview,,mobile,NL-NH,synthetic
2026-09-05,session-00906,mannstaedt-demo-003,qr,2,dpp-section-view,Sustainability,,mobile,NL-NH,synthetic
2026-09-05,session-00906,mannstaedt-demo-003,qr,3,dpp-section-view,Traceability,,mobile,NL-NH,synthetic
2026-09-05,session-00906,mannstaedt-demo-003,qr,4,dpp-section-view,Documents,,mobile,NL-NH,synthetic
2026-09-05,session-00906,mannstaedt-demo-003,qr,5,dpp-section-view,Product Information,,mobile,NL-NH,synthetic
2026-07-19,session-00907,gmh-gruppe-sn-00000006-c0a7c1a5,qr,1,dpp-section-view,Overview,,mobile,DE-NW,synthetic
2026-07-19,session-00907,gmh-gruppe-sn-00000006-c0a7c1a5,qr,2,dpp-section-view,Product Information,,mobile,DE-NW,synthetic
2026-07-19,session-00907,gmh-gruppe-sn-00000006-c0a7c1a5,qr,3,dpp-section-view,Traceability,,mobile,DE-NW,synthetic
2026-07-19,session-00907,gmh-gruppe-sn-00000006-c0a7c1a5,qr,4,dpp-section-view,Materials,,mobile,DE-NW,synthetic
2026-07-19,session-00907,gmh-gruppe-sn-00000006-c0a7c1a5,qr,5,dpp-document-open,Documents,Material Certificate.pdf,mobile,DE-NW,synthetic
2026-07-19,session-00907,gmh-gruppe-sn-00000006-c0a7c1a5,qr,6,dpp-document-open,Documents,Technical Datasheet.pdf,mobile,DE-NW,synthetic
2026-05-05,session-00908,gmh-gruppe-sn-00000006-c0a7c1a5,qr,1,dpp-section-view,Overview,,mobile,BE-VLG,synthetic
2026-05-05,session-00908,gmh-gruppe-sn-00000006-c0a7c1a5,qr,2,dpp-section-view,Materials,,mobile,BE-VLG,synthetic
2026-05-05,session-00908,gmh-gruppe-sn-00000006-c0a7c1a5,qr,3,dpp-document-open,Documents,Sustainability Certificate.pdf,mobile,BE-VLG,synthetic
2026-06-14,session-00909,gmh-gruppe-sn-00000006-c0a7c1a5,qr,1,dpp-section-view,Overview,,mobile,DE-NW,synthetic
2026-06-14,session-00909,gmh-gruppe-sn-00000006-c0a7c1a5,qr,2,dpp-section-view,Documents,,mobile,DE-NW,synthetic
2026-09-04,session-00910,gmh-gruppe-sn-00000006-c0a7c1a5,qr,1,dpp-section-view,Overview,,mobile,DE-NW,synthetic
2026-09-04,session-00910,gmh-gruppe-sn-00000006-c0a7c1a5,qr,2,dpp-section-view,Traceability,,mobile,DE-NW,synthetic
2026-09-04,session-00910,gmh-gruppe-sn-00000006-c0a7c1a5,qr,3,dpp-document-open,Documents,Declaration of Conformity.pdf,mobile,DE-NW,synthetic
2026-09-04,session-00910,gmh-gruppe-sn-00000006-c0a7c1a5,qr,4,dpp-document-open,Documents,Sustainability Certificate.pdf,mobile,DE-NW,synthetic
2026-09-04,session-00910,gmh-gruppe-sn-00000006-c0a7c1a5,qr,5,dpp-document-open,Documents,Sustainability Certificate.pdf,mobile,DE-NW,synthetic
2026-08-02,session-00911,gmh-gruppe-sn-00000006-c0a7c1a5,qr,1,dpp-section-view,Product Information,,mobile,DE-BY,synthetic
2026-08-02,session-00911,gmh-gruppe-sn-00000006-c0a7c1a5,qr,2,dpp-section-view,Materials,,mobile,DE-BY,synthetic
2026-08-02,session-00911,gmh-gruppe-sn-00000006-c0a7c1a5,qr,3,dpp-section-view,Overview,,mobile,DE-BY,synthetic
2026-08-02,session-00911,gmh-gruppe-sn-00000006-c0a7c1a5,qr,4,dpp-section-view,Sustainability,,mobile,DE-BY,synthetic
2026-08-02,session-00911,gmh-gruppe-sn-00000006-c0a7c1a5,qr,5,dpp-section-view,Documents,,mobile,DE-BY,synthetic
2026-08-02,session-00911,gmh-gruppe-sn-00000006-c0a7c1a5,qr,6,dpp-document-open,Documents,Technical Datasheet.pdf,mobile,DE-BY,synthetic
2026-08-02,session-00911,gmh-gruppe-sn-00000006-c0a7c1a5,qr,7,dpp-document-open,Documents,Material Certificate.pdf,mobile,DE-BY,synthetic
2026-05-13,session-00912,mannstaedt-demo-003,qr,1,dpp-section-view,Documents,,tablet,DE-BY,synthetic
2026-05-13,session-00912,mannstaedt-demo-003,qr,2,dpp-section-view,Traceability,,tablet,DE-BY,synthetic
2026-05-13,session-00912,mannstaedt-demo-003,qr,3,dpp-section-view,Overview,,tablet,DE-BY,synthetic
2026-05-13,session-00912,mannstaedt-demo-003,qr,4,dpp-section-view,Product Information,,tablet,DE-BY,synthetic
2026-05-13,session-00912,mannstaedt-demo-003,qr,5,dpp-section-view,Materials,,tablet,DE-BY,synthetic
2026-05-13,session-00912,mannstaedt-demo-003,qr,6,dpp-document-open,Documents,Declaration of Conformity.pdf,tablet,DE-BY,synthetic
2026-05-13,session-00912,mannstaedt-demo-003,qr,7,dpp-document-open,Documents,Sustainability Certificate.pdf,tablet,DE-BY,synthetic
2026-05-13,session-00912,mannstaedt-demo-003,qr,8,dpp-document-open,Documents,Sustainability Certificate.pdf,tablet,DE-BY,synthetic
2026-07-31,session-00913,gmh-gruppe-sn-00000006-c0a7c1a5,qr,1,dpp-section-view,Overview,,mobile,DE-BE,synthetic
2026-07-31,session-00913,gmh-gruppe-sn-00000006-c0a7c1a5,qr,2,dpp-section-view,Sustainability,,mobile,DE-BE,synthetic
2026-07-31,session-00913,gmh-gruppe-sn-00000006-c0a7c1a5,qr,3,dpp-section-view,Traceability,,mobile,DE-BE,synthetic
2026-05-04,session-00914,gmh-gruppe-sn-00000006-c0a7c1a5,web,1,dpp-section-view,Documents,,mobile,DE-NW,synthetic
2026-05-04,session-00914,gmh-gruppe-sn-00000006-c0a7c1a5,web,2,dpp-section-view,Overview,,mobile,DE-NW,synthetic
2026-05-04,session-00914,gmh-gruppe-sn-00000006-c0a7c1a5,web,3,dpp-section-view,Materials,,mobile,DE-NW,synthetic
2026-05-04,session-00914,gmh-gruppe-sn-00000006-c0a7c1a5,web,4,dpp-document-open,Documents,Technical Datasheet.pdf,mobile,DE-NW,synthetic
2026-05-01,session-00915,mannstaedt-demo-002,web,1,dpp-section-view,Overview,,tablet,BE-VLG,synthetic
2026-05-01,session-00915,mannstaedt-demo-002,web,2,dpp-section-view,Materials,,tablet,BE-VLG,synthetic
2026-05-01,session-00915,mannstaedt-demo-002,web,3,dpp-section-view,Sustainability,,tablet,BE-VLG,synthetic
2026-05-01,session-00915,mannstaedt-demo-002,web,4,dpp-document-open,Documents,Technical Datasheet.pdf,tablet,BE-VLG,synthetic
2026-05-01,session-00915,mannstaedt-demo-002,web,5,dpp-document-open,Documents,Sustainability Certificate.pdf,tablet,BE-VLG,synthetic
2026-05-01,session-00915,mannstaedt-demo-002,web,6,dpp-document-open,Documents,Material Certificate.pdf,tablet,BE-VLG,synthetic
2026-09-05,session-00916,mannstaedt-demo-002,web,1,dpp-section-view,Overview,,mobile,BE-VLG,synthetic
2026-08-12,session-00917,gmh-gruppe-sn-00000006-c0a7c1a5,web,1,dpp-section-view,Overview,,desktop,DE-BE,synthetic
2026-08-12,session-00917,gmh-gruppe-sn-00000006-c0a7c1a5,web,2,dpp-section-view,Sustainability,,desktop,DE-BE,synthetic
2026-08-12,session-00917,gmh-gruppe-sn-00000006-c0a7c1a5,web,3,dpp-section-view,Materials,,desktop,DE-BE,synthetic
2026-08-12,session-00917,gmh-gruppe-sn-00000006-c0a7c1a5,web,4,dpp-section-view,Product Information,,desktop,DE-BE,synthetic
2026-08-12,session-00917,gmh-gruppe-sn-00000006-c0a7c1a5,web,5,dpp-document-open,Documents,Material Certificate.pdf,desktop,DE-BE,synthetic
2026-08-12,session-00917,gmh-gruppe-sn-00000006-c0a7c1a5,web,6,dpp-document-open,Documents,Material Certificate.pdf,desktop,DE-BE,synthetic
2026-08-12,session-00917,gmh-gruppe-sn-00000006-c0a7c1a5,web,7,dpp-document-open,Documents,Declaration of Conformity.pdf,desktop,DE-BE,synthetic
2026-06-02,session-00918,gmh-gruppe-sn-00000006-c0a7c1a5,qr,1,dpp-section-view,Documents,,mobile,DE-BE,synthetic
2026-06-02,session-00918,gmh-gruppe-sn-00000006-c0a7c1a5,qr,2,dpp-section-view,Sustainability,,mobile,DE-BE,synthetic
2026-06-02,session-00918,gmh-gruppe-sn-00000006-c0a7c1a5,qr,3,dpp-section-view,Materials,,mobile,DE-BE,synthetic
2026-06-02,session-00918,gmh-gruppe-sn-00000006-c0a7c1a5,qr,4,dpp-section-view,Overview,,mobile,DE-BE,synthetic
2026-07-01,session-00919,gmh-gruppe-sn-00000006-c0a7c1a5,qr,1,dpp-section-view,Documents,,mobile,DE-BY,synthetic
2026-07-01,session-00919,gmh-gruppe-sn-00000006-c0a7c1a5,qr,2,dpp-section-view,Product Information,,mobile,DE-BY,synthetic
2026-07-01,session-00919,gmh-gruppe-sn-00000006-c0a7c1a5,qr,3,dpp-section-view,Overview,,mobile,DE-BY,synthetic
2026-07-01,session-00919,gmh-gruppe-sn-00000006-c0a7c1a5,qr,4,dpp-section-view,Sustainability,,mobile,DE-BY,synthetic
2026-08-26,session-00920,mannstaedt-demo-003,qr,1,dpp-section-view,Overview,,mobile,DE-BE,synthetic
2026-08-26,session-00920,mannstaedt-demo-003,qr,2,dpp-section-view,Materials,,mobile,DE-BE,synthetic
2026-08-26,session-00920,mannstaedt-demo-003,qr,3,dpp-section-view,Product Information,,mobile,DE-BE,synthetic
2026-08-26,session-00920,mannstaedt-demo-003,qr,4,dpp-section-view,Traceability,,mobile,DE-BE,synthetic
2026-08-26,session-00921,mannstaedt-demo-003,qr,1,dpp-section-view,Overview,,desktop,BE-VLG,synthetic
2026-08-26,session-00921,mannstaedt-demo-003,qr,2,dpp-section-view,Documents,,desktop,BE-VLG,synthetic
2026-08-26,session-00921,mannstaedt-demo-003,qr,3,dpp-section-view,Product Information,,desktop,BE-VLG,synthetic
2026-08-29,session-00922,gmh-gruppe-sn-00000006-c0a7c1a5,qr,1,dpp-section-view,Overview,,desktop,DE-NW,synthetic
2026-08-29,session-00922,gmh-gruppe-sn-00000006-c0a7c1a5,qr,2,dpp-section-view,Product Information,,desktop,DE-NW,synthetic
2026-05-11,session-00923,gmh-gruppe-sn-00000006-c0a7c1a5,qr,1,dpp-section-view,Overview,,tablet,DE-NW,synthetic
2026-05-11,session-00923,gmh-gruppe-sn-00000006-c0a7c1a5,qr,2,dpp-section-view,Materials,,tablet,DE-NW,synthetic
2026-05-11,session-00923,gmh-gruppe-sn-00000006-c0a7c1a5,qr,3,dpp-section-view,Traceability,,tablet,DE-NW,synthetic
2026-07-24,session-00924,gmh-gruppe-sn-00000006-c0a7c1a5,web,1,dpp-section-view,Overview,,mobile,DE-BE,synthetic
2026-07-24,session-00924,gmh-gruppe-sn-00000006-c0a7c1a5,web,2,dpp-section-view,Product Information,,mobile,DE-BE,synthetic
2026-07-24,session-00924,gmh-gruppe-sn-00000006-c0a7c1a5,web,3,dpp-document-open,Documents,Declaration of Conformity.pdf,mobile,DE-BE,synthetic
2026-07-24,session-00924,gmh-gruppe-sn-00000006-c0a7c1a5,web,4,dpp-document-open,Documents,Declaration of Conformity.pdf,mobile,DE-BE,synthetic
2026-05-29,session-00925,mannstaedt-demo-002,web,1,dpp-section-view,Overview,,desktop,BE-VLG,synthetic
2026-05-29,session-00925,mannstaedt-demo-002,web,2,dpp-section-view,Sustainability,,desktop,BE-VLG,synthetic
2026-09-04,session-00926,gmh-gruppe-sn-00000006-c0a7c1a5,qr,1,dpp-section-view,Overview,,mobile,DE-BE,synthetic
2026-09-04,session-00926,gmh-gruppe-sn-00000006-c0a7c1a5,qr,2,dpp-section-view,Sustainability,,mobile,DE-BE,synthetic
2026-05-04,session-00927,gmh-gruppe-sn-00000006-c0a7c1a5,web,1,dpp-section-view,Overview,,mobile,NL-NH,synthetic
2026-05-04,session-00927,gmh-gruppe-sn-00000006-c0a7c1a5,web,2,dpp-section-view,Sustainability,,mobile,NL-NH,synthetic
2026-05-04,session-00927,gmh-gruppe-sn-00000006-c0a7c1a5,web,3,dpp-document-open,Documents,Material Certificate.pdf,mobile,NL-NH,synthetic
2026-05-04,session-00927,gmh-gruppe-sn-00000006-c0a7c1a5,web,4,dpp-document-open,Documents,Sustainability Certificate.pdf,mobile,NL-NH,synthetic
2026-08-17,session-00928,gmh-gruppe-sn-00000006-c0a7c1a5,qr,1,dpp-section-view,Overview,,mobile,DE-NW,synthetic
2026-07-15,session-00929,gmh-gruppe-sn-00000006-c0a7c1a5,qr,1,dpp-section-view,Sustainability,,desktop,NL-NH,synthetic
2026-07-15,session-00929,gmh-gruppe-sn-00000006-c0a7c1a5,qr,2,dpp-section-view,Overview,,desktop,NL-NH,synthetic
2026-07-15,session-00929,gmh-gruppe-sn-00000006-c0a7c1a5,qr,3,dpp-section-view,Traceability,,desktop,NL-NH,synthetic
2026-07-15,session-00929,gmh-gruppe-sn-00000006-c0a7c1a5,qr,4,dpp-document-open,Documents,Sustainability Certificate.pdf,desktop,NL-NH,synthetic
2026-07-15,session-00929,gmh-gruppe-sn-00000006-c0a7c1a5,qr,5,dpp-document-open,Documents,Declaration of Conformity.pdf,desktop,NL-NH,synthetic
2026-07-15,session-00929,gmh-gruppe-sn-00000006-c0a7c1a5,qr,6,dpp-document-open,Documents,Technical Datasheet.pdf,desktop,NL-NH,synthetic
2026-05-21,session-00930,mannstaedt-demo-002,web,1,dpp-section-view,Overview,,mobile,DE-BE,synthetic
2026-05-21,session-00930,mannstaedt-demo-002,web,2,dpp-section-view,Sustainability,,mobile,DE-BE,synthetic
2026-05-21,session-00930,mannstaedt-demo-002,web,3,dpp-section-view,Materials,,mobile,DE-BE,synthetic
2026-05-21,session-00930,mannstaedt-demo-002,web,4,dpp-section-view,Traceability,,mobile,DE-BE,synthetic
2026-05-21,session-00930,mannstaedt-demo-002,web,5,dpp-section-view,Documents,,mobile,DE-BE,synthetic
2026-05-19,session-00931,mannstaedt-demo-003,qr,1,dpp-section-view,Overview,,desktop,BE-VLG,synthetic
2026-05-19,session-00931,mannstaedt-demo-003,qr,2,dpp-section-view,Documents,,desktop,BE-VLG,synthetic
2026-09-04,session-00932,gmh-gruppe-sn-00000006-c0a7c1a5,web,1,dpp-section-view,Overview,,desktop,DE-BE,synthetic
2026-09-04,session-00932,gmh-gruppe-sn-00000006-c0a7c1a5,web,2,dpp-section-view,Documents,,desktop,DE-BE,synthetic
2026-06-23,session-00933,mannstaedt-demo-002,qr,1,dpp-section-view,Product Information,,desktop,BE-VLG,synthetic
2026-06-23,session-00933,mannstaedt-demo-002,qr,2,dpp-section-view,Overview,,desktop,BE-VLG,synthetic
2026-06-23,session-00933,mannstaedt-demo-002,qr,3,dpp-section-view,Materials,,desktop,BE-VLG,synthetic
2026-06-23,session-00933,mannstaedt-demo-002,qr,4,dpp-section-view,Documents,,desktop,BE-VLG,synthetic
2026-06-23,session-00933,mannstaedt-demo-002,qr,5,dpp-section-view,Sustainability,,desktop,BE-VLG,synthetic
2026-06-23,session-00933,mannstaedt-demo-002,qr,6,dpp-section-view,Traceability,,desktop,BE-VLG,synthetic
2026-06-09,session-00934,mannstaedt-demo-002,qr,1,dpp-section-view,Overview,,desktop,NL-NH,synthetic
2026-06-09,session-00934,mannstaedt-demo-002,qr,2,dpp-section-view,Documents,,desktop,NL-NH,synthetic
2026-07-04,session-00935,mannstaedt-demo-002,qr,1,dpp-section-view,Overview,,desktop,BE-VLG,synthetic
2026-07-04,session-00935,mannstaedt-demo-002,qr,2,dpp-section-view,Product Information,,desktop,BE-VLG,synthetic
2026-06-22,session-00936,gmh-gruppe-sn-00000006-c0a7c1a5,qr,1,dpp-section-view,Product Information,,mobile,DE-BY,synthetic
2026-06-22,session-00936,gmh-gruppe-sn-00000006-c0a7c1a5,qr,2,dpp-section-view,Traceability,,mobile,DE-BY,synthetic
2026-06-22,session-00936,gmh-gruppe-sn-00000006-c0a7c1a5,qr,3,dpp-section-view,Overview,,mobile,DE-BY,synthetic
2026-06-22,session-00936,gmh-gruppe-sn-00000006-c0a7c1a5,qr,4,dpp-section-view,Sustainability,,mobile,DE-BY,synthetic
2026-08-30,session-00937,mannstaedt-demo-002,qr,1,dpp-section-view,Overview,,desktop,NL-NH,synthetic
2026-08-30,session-00937,mannstaedt-demo-002,qr,2,dpp-section-view,Sustainability,,desktop,NL-NH,synthetic
2026-08-30,session-00937,mannstaedt-demo-002,qr,3,dpp-section-view,Documents,,desktop,NL-NH,synthetic
2026-08-30,session-00937,mannstaedt-demo-002,qr,4,dpp-section-view,Materials,,desktop,NL-NH,synthetic
2026-06-21,session-00938,gmh-gruppe-sn-00000006-c0a7c1a5,qr,1,dpp-section-view,Materials,,mobile,DE-BY,synthetic
2026-06-21,session-00938,gmh-gruppe-sn-00000006-c0a7c1a5,qr,2,dpp-section-view,Product Information,,mobile,DE-BY,synthetic
2026-06-21,session-00938,gmh-gruppe-sn-00000006-c0a7c1a5,qr,3,dpp-section-view,Overview,,mobile,DE-BY,synthetic
2026-06-21,session-00938,gmh-gruppe-sn-00000006-c0a7c1a5,qr,4,dpp-section-view,Documents,,mobile,DE-BY,synthetic
2026-06-21,session-00938,gmh-gruppe-sn-00000006-c0a7c1a5,qr,5,dpp-section-view,Traceability,,mobile,DE-BY,synthetic
2026-06-21,session-00938,gmh-gruppe-sn-00000006-c0a7c1a5,qr,6,dpp-document-open,Documents,Material Certificate.pdf,mobile,DE-BY,synthetic
2026-05-24,session-00939,gmh-gruppe-sn-00000006-c0a7c1a5,qr,1,dpp-section-view,Overview,,tablet,DE-BY,synthetic
2026-05-24,session-00939,gmh-gruppe-sn-00000006-c0a7c1a5,qr,2,dpp-section-view,Traceability,,tablet,DE-BY,synthetic
2026-05-24,session-00939,gmh-gruppe-sn-00000006-c0a7c1a5,qr,3,dpp-document-open,Documents,Technical Datasheet.pdf,tablet,DE-BY,synthetic
2026-05-24,session-00939,gmh-gruppe-sn-00000006-c0a7c1a5,qr,4,dpp-document-open,Documents,Material Certificate.pdf,tablet,DE-BY,synthetic
2026-05-24,session-00939,gmh-gruppe-sn-00000006-c0a7c1a5,qr,5,dpp-document-open,Documents,Technical Datasheet.pdf,tablet,DE-BY,synthetic
2026-08-16,session-00940,gmh-gruppe-sn-00000006-c0a7c1a5,qr,1,dpp-section-view,Overview,,desktop,NL-NH,synthetic
2026-08-16,session-00940,gmh-gruppe-sn-00000006-c0a7c1a5,qr,2,dpp-document-open,Documents,Declaration of Conformity.pdf,desktop,NL-NH,synthetic
2026-08-16,session-00940,gmh-gruppe-sn-00000006-c0a7c1a5,qr,3,dpp-document-open,Documents,Technical Datasheet.pdf,desktop,NL-NH,synthetic
2026-08-16,session-00940,gmh-gruppe-sn-00000006-c0a7c1a5,qr,4,dpp-document-open,Documents,Material Certificate.pdf,desktop,NL-NH,synthetic
2026-06-17,session-00941,gmh-gruppe-sn-00000006-c0a7c1a5,web,1,dpp-section-view,Sustainability,,mobile,BE-VLG,synthetic
2026-06-17,session-00941,gmh-gruppe-sn-00000006-c0a7c1a5,web,2,dpp-section-view,Overview,,mobile,BE-VLG,synthetic
2026-06-17,session-00941,gmh-gruppe-sn-00000006-c0a7c1a5,web,3,dpp-section-view,Product Information,,mobile,BE-VLG,synthetic
2026-06-17,session-00941,gmh-gruppe-sn-00000006-c0a7c1a5,web,4,dpp-section-view,Traceability,,mobile,BE-VLG,synthetic
2026-06-17,session-00941,gmh-gruppe-sn-00000006-c0a7c1a5,web,5,dpp-section-view,Documents,,mobile,BE-VLG,synthetic
2026-08-07,session-00942,gmh-gruppe-sn-00000006-c0a7c1a5,qr,1,dpp-section-view,Overview,,tablet,NL-NH,synthetic
2026-08-07,session-00942,gmh-gruppe-sn-00000006-c0a7c1a5,qr,2,dpp-section-view,Documents,,tablet,NL-NH,synthetic
2026-08-07,session-00942,gmh-gruppe-sn-00000006-c0a7c1a5,qr,3,dpp-section-view,Traceability,,tablet,NL-NH,synthetic
2026-08-07,session-00942,gmh-gruppe-sn-00000006-c0a7c1a5,qr,4,dpp-document-open,Documents,Material Certificate.pdf,tablet,NL-NH,synthetic
2026-08-07,session-00942,gmh-gruppe-sn-00000006-c0a7c1a5,qr,5,dpp-document-open,Documents,Declaration of Conformity.pdf,tablet,NL-NH,synthetic
2026-08-07,session-00942,gmh-gruppe-sn-00000006-c0a7c1a5,qr,6,dpp-document-open,Documents,Declaration of Conformity.pdf,tablet,NL-NH,synthetic
2026-07-19,session-00943,gmh-gruppe-sn-00000006-c0a7c1a5,web,1,dpp-section-view,Overview,,desktop,DE-NW,synthetic
2026-07-19,session-00943,gmh-gruppe-sn-00000006-c0a7c1a5,web,2,dpp-section-view,Documents,,desktop,DE-NW,synthetic
2026-06-29,session-00944,gmh-gruppe-sn-00000006-c0a7c1a5,qr,1,dpp-section-view,Materials,,mobile,DE-BE,synthetic
2026-06-29,session-00944,gmh-gruppe-sn-00000006-c0a7c1a5,qr,2,dpp-section-view,Overview,,mobile,DE-BE,synthetic
2026-06-29,session-00944,gmh-gruppe-sn-00000006-c0a7c1a5,qr,3,dpp-section-view,Sustainability,,mobile,DE-BE,synthetic
2026-08-16,session-00945,gmh-gruppe-sn-00000006-c0a7c1a5,qr,1,dpp-section-view,Overview,,desktop,BE-VLG,synthetic
2026-09-02,session-00946,gmh-gruppe-sn-00000006-c0a7c1a5,qr,1,dpp-section-view,Traceability,,mobile,DE-NW,synthetic
2026-09-02,session-00946,gmh-gruppe-sn-00000006-c0a7c1a5,qr,2,dpp-section-view,Overview,,mobile,DE-NW,synthetic
2026-09-02,session-00946,gmh-gruppe-sn-00000006-c0a7c1a5,qr,3,dpp-section-view,Sustainability,,mobile,DE-NW,synthetic
2026-09-02,session-00946,gmh-gruppe-sn-00000006-c0a7c1a5,qr,4,dpp-section-view,Documents,,mobile,DE-NW,synthetic
2026-09-02,session-00946,gmh-gruppe-sn-00000006-c0a7c1a5,qr,5,dpp-section-view,Materials,,mobile,DE-NW,synthetic
2026-09-02,session-00946,gmh-gruppe-sn-00000006-c0a7c1a5,qr,6,dpp-document-open,Documents,Sustainability Certificate.pdf,mobile,DE-NW,synthetic
2026-09-02,session-00946,gmh-gruppe-sn-00000006-c0a7c1a5,qr,7,dpp-document-open,Documents,Sustainability Certificate.pdf,mobile,DE-NW,synthetic
2026-08-20,session-00947,mannstaedt-demo-003,qr,1,dpp-section-view,Overview,,mobile,DE-BY,synthetic
2026-08-20,session-00947,mannstaedt-demo-003,qr,2,dpp-section-view,Materials,,mobile,DE-BY,synthetic
2026-08-20,session-00947,mannstaedt-demo-003,qr,3,dpp-section-view,Sustainability,,mobile,DE-BY,synthetic
2026-05-12,session-00948,mannstaedt-demo-003,web,1,dpp-section-view,Overview,,mobile,DE-BE,synthetic
2026-05-20,session-00949,gmh-gruppe-sn-00000006-c0a7c1a5,qr,1,dpp-section-view,Overview,,desktop,DE-BY,synthetic
2026-05-20,session-00949,gmh-gruppe-sn-00000006-c0a7c1a5,qr,2,dpp-section-view,Documents,,desktop,DE-BY,synthetic
2026-07-23,session-00950,mannstaedt-demo-002,web,1,dpp-section-view,Overview,,mobile,DE-BE,synthetic
2026-06-01,session-00951,gmh-gruppe-sn-00000006-c0a7c1a5,qr,1,dpp-section-view,Documents,,mobile,NL-NH,synthetic
2026-06-01,session-00951,gmh-gruppe-sn-00000006-c0a7c1a5,qr,2,dpp-section-view,Overview,,mobile,NL-NH,synthetic
2026-05-07,session-00952,mannstaedt-demo-002,qr,1,dpp-section-view,Overview,,desktop,DE-BE,synthetic
2026-05-07,session-00952,mannstaedt-demo-002,qr,2,dpp-section-view,Documents,,desktop,DE-BE,synthetic
2026-05-07,session-00952,mannstaedt-demo-002,qr,3,dpp-section-view,Sustainability,,desktop,DE-BE,synthetic
2026-08-16,session-00953,gmh-gruppe-sn-00000006-c0a7c1a5,qr,1,dpp-section-view,Overview,,mobile,DE-BY,synthetic
2026-08-16,session-00953,gmh-gruppe-sn-00000006-c0a7c1a5,qr,2,dpp-section-view,Product Information,,mobile,DE-BY,synthetic
2026-08-16,session-00953,gmh-gruppe-sn-00000006-c0a7c1a5,qr,3,dpp-section-view,Sustainability,,mobile,DE-BY,synthetic
2026-08-16,session-00953,gmh-gruppe-sn-00000006-c0a7c1a5,qr,4,dpp-section-view,Traceability,,mobile,DE-BY,synthetic
2026-07-22,session-00954,gmh-gruppe-sn-00000006-c0a7c1a5,qr,1,dpp-section-view,Traceability,,desktop,DE-BE,synthetic
2026-07-22,session-00954,gmh-gruppe-sn-00000006-c0a7c1a5,qr,2,dpp-section-view,Documents,,desktop,DE-BE,synthetic
2026-07-22,session-00954,gmh-gruppe-sn-00000006-c0a7c1a5,qr,3,dpp-section-view,Materials,,desktop,DE-BE,synthetic
2026-07-22,session-00954,gmh-gruppe-sn-00000006-c0a7c1a5,qr,4,dpp-section-view,Overview,,desktop,DE-BE,synthetic
2026-07-22,session-00954,gmh-gruppe-sn-00000006-c0a7c1a5,qr,5,dpp-section-view,Product Information,,desktop,DE-BE,synthetic
2026-07-22,session-00954,gmh-gruppe-sn-00000006-c0a7c1a5,qr,6,dpp-document-open,Documents,Material Certificate.pdf,desktop,DE-BE,synthetic
2026-07-22,session-00954,gmh-gruppe-sn-00000006-c0a7c1a5,qr,7,dpp-document-open,Documents,Sustainability Certificate.pdf,desktop,DE-BE,synthetic
2026-07-22,session-00954,gmh-gruppe-sn-00000006-c0a7c1a5,qr,8,dpp-document-open,Documents,Sustainability Certificate.pdf,desktop,DE-BE,synthetic
2026-05-20,session-00955,gmh-gruppe-sn-00000006-c0a7c1a5,qr,1,dpp-section-view,Traceability,,desktop,DE-BE,synthetic
2026-05-20,session-00955,gmh-gruppe-sn-00000006-c0a7c1a5,qr,2,dpp-section-view,Documents,,desktop,DE-BE,synthetic
2026-05-20,session-00955,gmh-gruppe-sn-00000006-c0a7c1a5,qr,3,dpp-section-view,Product Information,,desktop,DE-BE,synthetic
2026-05-20,session-00955,gmh-gruppe-sn-00000006-c0a7c1a5,qr,4,dpp-section-view,Overview,,desktop,DE-BE,synthetic
2026-05-20,session-00955,gmh-gruppe-sn-00000006-c0a7c1a5,qr,5,dpp-section-view,Sustainability,,desktop,DE-BE,synthetic
2026-05-20,session-00955,gmh-gruppe-sn-00000006-c0a7c1a5,qr,6,dpp-section-view,Materials,,desktop,DE-BE,synthetic
2026-05-20,session-00955,gmh-gruppe-sn-00000006-c0a7c1a5,qr,7,dpp-document-open,Documents,Declaration of Conformity.pdf,desktop,DE-BE,synthetic
2026-09-01,session-00956,gmh-gruppe-sn-00000006-c0a7c1a5,web,1,dpp-section-view,Overview,,mobile,NL-NH,synthetic
2026-09-03,session-00957,mannstaedt-demo-002,web,1,dpp-section-view,Overview,,mobile,NL-NH,synthetic
2026-06-08,session-00958,gmh-gruppe-sn-00000006-c0a7c1a5,qr,1,dpp-section-view,Documents,,desktop,DE-NW,synthetic
2026-06-08,session-00958,gmh-gruppe-sn-00000006-c0a7c1a5,qr,2,dpp-section-view,Product Information,,desktop,DE-NW,synthetic
2026-06-08,session-00958,gmh-gruppe-sn-00000006-c0a7c1a5,qr,3,dpp-section-view,Overview,,desktop,DE-NW,synthetic
2026-06-08,session-00958,gmh-gruppe-sn-00000006-c0a7c1a5,qr,4,dpp-section-view,Traceability,,desktop,DE-NW,synthetic
2026-06-08,session-00958,gmh-gruppe-sn-00000006-c0a7c1a5,qr,5,dpp-section-view,Sustainability,,desktop,DE-NW,synthetic
2026-06-08,session-00958,gmh-gruppe-sn-00000006-c0a7c1a5,qr,6,dpp-section-view,Materials,,desktop,DE-NW,synthetic
2026-06-08,session-00958,gmh-gruppe-sn-00000006-c0a7c1a5,qr,7,dpp-document-open,Documents,Technical Datasheet.pdf,desktop,DE-NW,synthetic
2026-06-08,session-00958,gmh-gruppe-sn-00000006-c0a7c1a5,qr,8,dpp-document-open,Documents,Technical Datasheet.pdf,desktop,DE-NW,synthetic
2026-07-31,session-00959,mannstaedt-demo-002,qr,1,dpp-section-view,Documents,,desktop,BE-VLG,synthetic
2026-07-31,session-00959,mannstaedt-demo-002,qr,2,dpp-section-view,Overview,,desktop,BE-VLG,synthetic
2026-07-31,session-00959,mannstaedt-demo-002,qr,3,dpp-section-view,Traceability,,desktop,BE-VLG,synthetic
2026-07-31,session-00959,mannstaedt-demo-002,qr,4,dpp-section-view,Product Information,,desktop,BE-VLG,synthetic
2026-07-31,session-00959,mannstaedt-demo-002,qr,5,dpp-section-view,Sustainability,,desktop,BE-VLG,synthetic
2026-07-31,session-00959,mannstaedt-demo-002,qr,6,dpp-section-view,Materials,,desktop,BE-VLG,synthetic
2026-07-31,session-00959,mannstaedt-demo-002,qr,7,dpp-document-open,Documents,Sustainability Certificate.pdf,desktop,BE-VLG,synthetic
2026-09-03,session-00960,gmh-gruppe-sn-00000006-c0a7c1a5,web,1,dpp-section-view,Overview,,mobile,DE-NW,synthetic
2026-09-03,session-00960,gmh-gruppe-sn-00000006-c0a7c1a5,web,2,dpp-section-view,Sustainability,,mobile,DE-NW,synthetic
2026-09-03,session-00960,gmh-gruppe-sn-00000006-c0a7c1a5,web,3,dpp-section-view,Product Information,,mobile,DE-NW,synthetic
2026-09-03,session-00960,gmh-gruppe-sn-00000006-c0a7c1a5,web,4,dpp-document-open,Documents,Sustainability Certificate.pdf,mobile,DE-NW,synthetic
2026-09-03,session-00960,gmh-gruppe-sn-00000006-c0a7c1a5,web,5,dpp-document-open,Documents,Material Certificate.pdf,mobile,DE-NW,synthetic
2026-08-30,session-00961,gmh-gruppe-sn-00000006-c0a7c1a5,qr,1,dpp-section-view,Overview,,desktop,BE-VLG,synthetic
2026-08-30,session-00961,gmh-gruppe-sn-00000006-c0a7c1a5,qr,2,dpp-section-view,Materials,,desktop,BE-VLG,synthetic
2026-05-07,session-00962,gmh-gruppe-sn-00000006-c0a7c1a5,web,1,dpp-section-view,Materials,,desktop,DE-NW,synthetic
2026-05-07,session-00962,gmh-gruppe-sn-00000006-c0a7c1a5,web,2,dpp-section-view,Overview,,desktop,DE-NW,synthetic
2026-05-07,session-00962,gmh-gruppe-sn-00000006-c0a7c1a5,web,3,dpp-document-open,Documents,Technical Datasheet.pdf,desktop,DE-NW,synthetic
2026-05-07,session-00962,gmh-gruppe-sn-00000006-c0a7c1a5,web,4,dpp-document-open,Documents,Declaration of Conformity.pdf,desktop,DE-NW,synthetic
2026-05-09,session-00963,gmh-gruppe-sn-00000006-c0a7c1a5,qr,1,dpp-section-view,Traceability,,tablet,DE-NW,synthetic
2026-05-09,session-00963,gmh-gruppe-sn-00000006-c0a7c1a5,qr,2,dpp-section-view,Documents,,tablet,DE-NW,synthetic
2026-05-09,session-00963,gmh-gruppe-sn-00000006-c0a7c1a5,qr,3,dpp-section-view,Sustainability,,tablet,DE-NW,synthetic
2026-05-09,session-00963,gmh-gruppe-sn-00000006-c0a7c1a5,qr,4,dpp-section-view,Materials,,tablet,DE-NW,synthetic
2026-05-09,session-00963,gmh-gruppe-sn-00000006-c0a7c1a5,qr,5,dpp-section-view,Overview,,tablet,DE-NW,synthetic
2026-05-09,session-00963,gmh-gruppe-sn-00000006-c0a7c1a5,qr,6,dpp-section-view,Product Information,,tablet,DE-NW,synthetic
2026-05-09,session-00963,gmh-gruppe-sn-00000006-c0a7c1a5,qr,7,dpp-document-open,Documents,Declaration of Conformity.pdf,tablet,DE-NW,synthetic
2026-06-01,session-00964,gmh-gruppe-sn-00000006-c0a7c1a5,qr,1,dpp-section-view,Documents,,mobile,DE-BY,synthetic
2026-06-01,session-00964,gmh-gruppe-sn-00000006-c0a7c1a5,qr,2,dpp-section-view,Overview,,mobile,DE-BY,synthetic
2026-06-01,session-00964,gmh-gruppe-sn-00000006-c0a7c1a5,qr,3,dpp-section-view,Product Information,,mobile,DE-BY,synthetic
2026-06-01,session-00964,gmh-gruppe-sn-00000006-c0a7c1a5,qr,4,dpp-section-view,Materials,,mobile,DE-BY,synthetic
2026-06-01,session-00964,gmh-gruppe-sn-00000006-c0a7c1a5,qr,5,dpp-section-view,Traceability,,mobile,DE-BY,synthetic
2026-06-01,session-00964,gmh-gruppe-sn-00000006-c0a7c1a5,qr,6,dpp-document-open,Documents,Material Certificate.pdf,mobile,DE-BY,synthetic
2026-06-01,session-00964,gmh-gruppe-sn-00000006-c0a7c1a5,qr,7,dpp-document-open,Documents,Technical Datasheet.pdf,mobile,DE-BY,synthetic
2026-07-18,session-00965,mannstaedt-demo-003,web,1,dpp-section-view,Overview,,desktop,DE-NW,synthetic
2026-06-18,session-00966,gmh-gruppe-sn-00000006-c0a7c1a5,qr,1,dpp-section-view,Overview,,desktop,DE-BY,synthetic
2026-06-18,session-00966,gmh-gruppe-sn-00000006-c0a7c1a5,qr,2,dpp-section-view,Sustainability,,desktop,DE-BY,synthetic
2026-06-18,session-00966,gmh-gruppe-sn-00000006-c0a7c1a5,qr,3,dpp-section-view,Product Information,,desktop,DE-BY,synthetic
2026-06-18,session-00966,gmh-gruppe-sn-00000006-c0a7c1a5,qr,4,dpp-section-view,Traceability,,desktop,DE-BY,synthetic
2026-06-18,session-00966,gmh-gruppe-sn-00000006-c0a7c1a5,qr,5,dpp-section-view,Documents,,desktop,DE-BY,synthetic
2026-06-18,session-00966,gmh-gruppe-sn-00000006-c0a7c1a5,qr,6,dpp-section-view,Materials,,desktop,DE-BY,synthetic
2026-07-20,session-00967,gmh-gruppe-sn-00000006-c0a7c1a5,web,1,dpp-section-view,Overview,,desktop,BE-VLG,synthetic
2026-07-20,session-00967,gmh-gruppe-sn-00000006-c0a7c1a5,web,2,dpp-section-view,Product Information,,desktop,BE-VLG,synthetic
2026-05-03,session-00968,gmh-gruppe-sn-00000006-c0a7c1a5,web,1,dpp-section-view,Overview,,desktop,DE-NW,synthetic
2026-05-03,session-00968,gmh-gruppe-sn-00000006-c0a7c1a5,web,2,dpp-section-view,Product Information,,desktop,DE-NW,synthetic
2026-08-04,session-00969,mannstaedt-demo-002,qr,1,dpp-section-view,Overview,,desktop,DE-BE,synthetic
2026-08-04,session-00969,mannstaedt-demo-002,qr,2,dpp-section-view,Sustainability,,desktop,DE-BE,synthetic
2026-08-05,session-00970,gmh-gruppe-sn-00000006-c0a7c1a5,web,1,dpp-section-view,Overview,,mobile,DE-BE,synthetic
2026-08-05,session-00970,gmh-gruppe-sn-00000006-c0a7c1a5,web,2,dpp-section-view,Sustainability,,mobile,DE-BE,synthetic
2026-08-05,session-00970,gmh-gruppe-sn-00000006-c0a7c1a5,web,3,dpp-document-open,Documents,Technical Datasheet.pdf,mobile,DE-BE,synthetic
2026-07-17,session-00971,gmh-gruppe-sn-00000006-c0a7c1a5,qr,1,dpp-section-view,Overview,,mobile,DE-BY,synthetic
2026-07-17,session-00971,gmh-gruppe-sn-00000006-c0a7c1a5,qr,2,dpp-document-open,Documents,Sustainability Certificate.pdf,mobile,DE-BY,synthetic
2026-07-17,session-00971,gmh-gruppe-sn-00000006-c0a7c1a5,qr,3,dpp-document-open,Documents,Technical Datasheet.pdf,mobile,DE-BY,synthetic
2026-05-25,session-00972,gmh-gruppe-sn-00000006-c0a7c1a5,qr,1,dpp-section-view,Overview,,desktop,DE-NW,synthetic
2026-06-07,session-00973,gmh-gruppe-sn-00000006-c0a7c1a5,web,1,dpp-section-view,Overview,,desktop,DE-NW,synthetic
2026-06-07,session-00973,gmh-gruppe-sn-00000006-c0a7c1a5,web,2,dpp-section-view,Materials,,desktop,DE-NW,synthetic
2026-06-07,session-00973,gmh-gruppe-sn-00000006-c0a7c1a5,web,3,dpp-section-view,Sustainability,,desktop,DE-NW,synthetic
2026-08-21,session-00974,gmh-gruppe-sn-00000006-c0a7c1a5,qr,1,dpp-section-view,Documents,,tablet,DE-BY,synthetic
2026-08-21,session-00974,gmh-gruppe-sn-00000006-c0a7c1a5,qr,2,dpp-section-view,Product Information,,tablet,DE-BY,synthetic
2026-08-21,session-00974,gmh-gruppe-sn-00000006-c0a7c1a5,qr,3,dpp-section-view,Materials,,tablet,DE-BY,synthetic
2026-08-21,session-00974,gmh-gruppe-sn-00000006-c0a7c1a5,qr,4,dpp-section-view,Traceability,,tablet,DE-BY,synthetic
2026-08-21,session-00974,gmh-gruppe-sn-00000006-c0a7c1a5,qr,5,dpp-section-view,Overview,,tablet,DE-BY,synthetic
2026-08-21,session-00974,gmh-gruppe-sn-00000006-c0a7c1a5,qr,6,dpp-section-view,Sustainability,,tablet,DE-BY,synthetic
2026-08-21,session-00974,gmh-gruppe-sn-00000006-c0a7c1a5,qr,7,dpp-document-open,Documents,Sustainability Certificate.pdf,tablet,DE-BY,synthetic
2026-08-19,session-00975,gmh-gruppe-sn-00000006-c0a7c1a5,qr,1,dpp-section-view,Sustainability,,desktop,BE-VLG,synthetic
2026-08-19,session-00975,gmh-gruppe-sn-00000006-c0a7c1a5,qr,2,dpp-section-view,Overview,,desktop,BE-VLG,synthetic
2026-08-19,session-00975,gmh-gruppe-sn-00000006-c0a7c1a5,qr,3,dpp-section-view,Product Information,,desktop,BE-VLG,synthetic
2026-08-19,session-00975,gmh-gruppe-sn-00000006-c0a7c1a5,qr,4,dpp-section-view,Traceability,,desktop,BE-VLG,synthetic
2026-08-19,session-00975,gmh-gruppe-sn-00000006-c0a7c1a5,qr,5,dpp-document-open,Documents,Declaration of Conformity.pdf,desktop,BE-VLG,synthetic
2026-08-19,session-00975,gmh-gruppe-sn-00000006-c0a7c1a5,qr,6,dpp-document-open,Documents,Technical Datasheet.pdf,desktop,BE-VLG,synthetic
2026-07-01,session-00976,gmh-gruppe-sn-00000006-c0a7c1a5,web,1,dpp-section-view,Overview,,tablet,DE-BE,synthetic
2026-07-01,session-00976,gmh-gruppe-sn-00000006-c0a7c1a5,web,2,dpp-section-view,Product Information,,tablet,DE-BE,synthetic
2026-07-17,session-00977,gmh-gruppe-sn-00000006-c0a7c1a5,qr,1,dpp-section-view,Overview,,desktop,DE-NW,synthetic
2026-07-17,session-00977,gmh-gruppe-sn-00000006-c0a7c1a5,qr,2,dpp-section-view,Traceability,,desktop,DE-NW,synthetic
2026-07-17,session-00977,gmh-gruppe-sn-00000006-c0a7c1a5,qr,3,dpp-document-open,Documents,Material Certificate.pdf,desktop,DE-NW,synthetic
2026-08-31,session-00978,gmh-gruppe-sn-00000006-c0a7c1a5,qr,1,dpp-section-view,Overview,,mobile,NL-NH,synthetic
2026-08-01,session-00979,mannstaedt-demo-002,qr,1,dpp-section-view,Product Information,,desktop,DE-NW,synthetic
2026-08-01,session-00979,mannstaedt-demo-002,qr,2,dpp-section-view,Traceability,,desktop,DE-NW,synthetic
2026-08-01,session-00979,mannstaedt-demo-002,qr,3,dpp-section-view,Overview,,desktop,DE-NW,synthetic
2026-05-20,session-00980,gmh-gruppe-sn-00000006-c0a7c1a5,web,1,dpp-section-view,Overview,,desktop,BE-VLG,synthetic
2026-06-16,session-00981,mannstaedt-demo-002,web,1,dpp-section-view,Overview,,mobile,DE-BY,synthetic
2026-06-16,session-00981,mannstaedt-demo-002,web,2,dpp-section-view,Sustainability,,mobile,DE-BY,synthetic
2026-06-16,session-00981,mannstaedt-demo-002,web,3,dpp-section-view,Documents,,mobile,DE-BY,synthetic
2026-06-14,session-00982,mannstaedt-demo-002,web,1,dpp-section-view,Sustainability,,mobile,DE-BE,synthetic
2026-06-14,session-00982,mannstaedt-demo-002,web,2,dpp-section-view,Overview,,mobile,DE-BE,synthetic
2026-08-24,session-00983,gmh-gruppe-sn-00000006-c0a7c1a5,qr,1,dpp-section-view,Overview,,mobile,DE-BE,synthetic
2026-08-24,session-00983,gmh-gruppe-sn-00000006-c0a7c1a5,qr,2,dpp-section-view,Traceability,,mobile,DE-BE,synthetic
2026-08-30,session-00984,gmh-gruppe-sn-00000006-c0a7c1a5,qr,1,dpp-section-view,Overview,,desktop,BE-VLG,synthetic
2026-08-30,session-00984,gmh-gruppe-sn-00000006-c0a7c1a5,qr,2,dpp-section-view,Sustainability,,desktop,BE-VLG,synthetic
2026-08-30,session-00984,gmh-gruppe-sn-00000006-c0a7c1a5,qr,3,dpp-document-open,Documents,Sustainability Certificate.pdf,desktop,BE-VLG,synthetic
2026-08-30,session-00984,gmh-gruppe-sn-00000006-c0a7c1a5,qr,4,dpp-document-open,Documents,Sustainability Certificate.pdf,desktop,BE-VLG,synthetic
2026-07-09,session-00985,mannstaedt-demo-003,qr,1,dpp-section-view,Overview,,desktop,DE-NW,synthetic
2026-05-13,session-00986,gmh-gruppe-sn-00000006-c0a7c1a5,qr,1,dpp-section-view,Overview,,desktop,NL-NH,synthetic
2026-05-13,session-00986,gmh-gruppe-sn-00000006-c0a7c1a5,qr,2,dpp-section-view,Materials,,desktop,NL-NH,synthetic
2026-05-13,session-00986,gmh-gruppe-sn-00000006-c0a7c1a5,qr,3,dpp-section-view,Traceability,,desktop,NL-NH,synthetic
2026-07-28,session-00987,mannstaedt-demo-002,web,1,dpp-section-view,Overview,,mobile,BE-VLG,synthetic
2026-05-30,session-00988,gmh-gruppe-sn-00000006-c0a7c1a5,qr,1,dpp-section-view,Product Information,,mobile,DE-NW,synthetic
2026-05-30,session-00988,gmh-gruppe-sn-00000006-c0a7c1a5,qr,2,dpp-section-view,Overview,,mobile,DE-NW,synthetic
2026-05-30,session-00988,gmh-gruppe-sn-00000006-c0a7c1a5,qr,3,dpp-section-view,Documents,,mobile,DE-NW,synthetic
2026-05-30,session-00988,gmh-gruppe-sn-00000006-c0a7c1a5,qr,4,dpp-section-view,Materials,,mobile,DE-NW,synthetic
2026-05-30,session-00988,gmh-gruppe-sn-00000006-c0a7c1a5,qr,5,dpp-section-view,Traceability,,mobile,DE-NW,synthetic
2026-05-30,session-00988,gmh-gruppe-sn-00000006-c0a7c1a5,qr,6,dpp-document-open,Documents,Declaration of Conformity.pdf,mobile,DE-NW,synthetic
2026-05-30,session-00988,gmh-gruppe-sn-00000006-c0a7c1a5,qr,7,dpp-document-open,Documents,Sustainability Certificate.pdf,mobile,DE-NW,synthetic
2026-05-16,session-00989,gmh-gruppe-sn-00000006-c0a7c1a5,qr,1,dpp-section-view,Overview,,desktop,DE-BY,synthetic
2026-05-16,session-00989,gmh-gruppe-sn-00000006-c0a7c1a5,qr,2,dpp-document-open,Documents,Sustainability Certificate.pdf,desktop,DE-BY,synthetic
2026-06-18,session-00990,mannstaedt-demo-002,web,1,dpp-section-view,Overview,,desktop,DE-NW,synthetic
2026-06-18,session-00990,mannstaedt-demo-002,web,2,dpp-section-view,Product Information,,desktop,DE-NW,synthetic
2026-06-18,session-00990,mannstaedt-demo-002,web,3,dpp-section-view,Documents,,desktop,DE-NW,synthetic
2026-07-09,session-00991,gmh-gruppe-sn-00000006-c0a7c1a5,web,1,dpp-section-view,Traceability,,desktop,NL-NH,synthetic
2026-07-09,session-00991,gmh-gruppe-sn-00000006-c0a7c1a5,web,2,dpp-section-view,Sustainability,,desktop,NL-NH,synthetic
2026-07-09,session-00991,gmh-gruppe-sn-00000006-c0a7c1a5,web,3,dpp-section-view,Product Information,,desktop,NL-NH,synthetic
2026-07-09,session-00991,gmh-gruppe-sn-00000006-c0a7c1a5,web,4,dpp-section-view,Overview,,desktop,NL-NH,synthetic
2026-07-09,session-00991,gmh-gruppe-sn-00000006-c0a7c1a5,web,5,dpp-section-view,Materials,,desktop,NL-NH,synthetic
2026-07-09,session-00991,gmh-gruppe-sn-00000006-c0a7c1a5,web,6,dpp-section-view,Documents,,desktop,NL-NH,synthetic
2026-07-09,session-00991,gmh-gruppe-sn-00000006-c0a7c1a5,web,7,dpp-document-open,Documents,Material Certificate.pdf,desktop,NL-NH,synthetic
2026-06-21,session-00992,gmh-gruppe-sn-00000006-c0a7c1a5,qr,1,dpp-section-view,Overview,,desktop,DE-BY,synthetic
2026-06-21,session-00992,gmh-gruppe-sn-00000006-c0a7c1a5,qr,2,dpp-section-view,Product Information,,desktop,DE-BY,synthetic
2026-06-21,session-00992,gmh-gruppe-sn-00000006-c0a7c1a5,qr,3,dpp-document-open,Documents,Sustainability Certificate.pdf,desktop,DE-BY,synthetic
2026-06-21,session-00992,gmh-gruppe-sn-00000006-c0a7c1a5,qr,4,dpp-document-open,Documents,Sustainability Certificate.pdf,desktop,DE-BY,synthetic
2026-07-02,session-00993,gmh-gruppe-sn-00000006-c0a7c1a5,web,1,dpp-section-view,Overview,,mobile,DE-BE,synthetic
2026-05-27,session-00994,gmh-gruppe-sn-00000006-c0a7c1a5,qr,1,dpp-section-view,Overview,,desktop,DE-BE,synthetic
2026-05-27,session-00994,gmh-gruppe-sn-00000006-c0a7c1a5,qr,2,dpp-section-view,Materials,,desktop,DE-BE,synthetic
2026-08-03,session-00995,gmh-gruppe-sn-00000006-c0a7c1a5,web,1,dpp-section-view,Traceability,,desktop,DE-BE,synthetic
2026-08-03,session-00995,gmh-gruppe-sn-00000006-c0a7c1a5,web,2,dpp-section-view,Overview,,desktop,DE-BE,synthetic
2026-08-03,session-00995,gmh-gruppe-sn-00000006-c0a7c1a5,web,3,dpp-document-open,Documents,Technical Datasheet.pdf,desktop,DE-BE,synthetic
2026-08-03,session-00995,gmh-gruppe-sn-00000006-c0a7c1a5,web,4,dpp-document-open,Documents,Declaration of Conformity.pdf,desktop,DE-BE,synthetic
2026-08-03,session-00995,gmh-gruppe-sn-00000006-c0a7c1a5,web,5,dpp-document-open,Documents,Sustainability Certificate.pdf,desktop,DE-BE,synthetic
2026-05-23,session-00996,gmh-gruppe-sn-00000006-c0a7c1a5,qr,1,dpp-section-view,Product Information,,mobile,BE-VLG,synthetic
2026-05-23,session-00996,gmh-gruppe-sn-00000006-c0a7c1a5,qr,2,dpp-section-view,Materials,,mobile,BE-VLG,synthetic
2026-05-23,session-00996,gmh-gruppe-sn-00000006-c0a7c1a5,qr,3,dpp-section-view,Overview,,mobile,BE-VLG,synthetic
2026-05-23,session-00996,gmh-gruppe-sn-00000006-c0a7c1a5,qr,4,dpp-section-view,Sustainability,,mobile,BE-VLG,synthetic
2026-05-23,session-00996,gmh-gruppe-sn-00000006-c0a7c1a5,qr,5,dpp-section-view,Documents,,mobile,BE-VLG,synthetic
2026-05-23,session-00996,gmh-gruppe-sn-00000006-c0a7c1a5,qr,6,dpp-section-view,Traceability,,mobile,BE-VLG,synthetic
2026-05-23,session-00996,gmh-gruppe-sn-00000006-c0a7c1a5,qr,7,dpp-document-open,Documents,Sustainability Certificate.pdf,mobile,BE-VLG,synthetic
2026-07-09,session-00997,gmh-gruppe-sn-00000006-c0a7c1a5,qr,1,dpp-section-view,Documents,,mobile,DE-BY,synthetic
2026-07-09,session-00997,gmh-gruppe-sn-00000006-c0a7c1a5,qr,2,dpp-section-view,Product Information,,mobile,DE-BY,synthetic
2026-07-09,session-00997,gmh-gruppe-sn-00000006-c0a7c1a5,qr,3,dpp-section-view,Materials,,mobile,DE-BY,synthetic
2026-07-09,session-00997,gmh-gruppe-sn-00000006-c0a7c1a5,qr,4,dpp-section-view,Traceability,,mobile,DE-BY,synthetic
2026-07-09,session-00997,gmh-gruppe-sn-00000006-c0a7c1a5,qr,5,dpp-section-view,Overview,,mobile,DE-BY,synthetic
2026-07-09,session-00997,gmh-gruppe-sn-00000006-c0a7c1a5,qr,6,dpp-document-open,Documents,Technical Datasheet.pdf,mobile,DE-BY,synthetic
2026-07-09,session-00997,gmh-gruppe-sn-00000006-c0a7c1a5,qr,7,dpp-document-open,Documents,Technical Datasheet.pdf,mobile,DE-BY,synthetic
2026-06-11,session-00998,gmh-gruppe-sn-00000006-c0a7c1a5,qr,1,dpp-section-view,Sustainability,,mobile,NL-NH,synthetic
2026-06-11,session-00998,gmh-gruppe-sn-00000006-c0a7c1a5,qr,2,dpp-section-view,Documents,,mobile,NL-NH,synthetic
2026-06-11,session-00998,gmh-gruppe-sn-00000006-c0a7c1a5,qr,3,dpp-section-view,Traceability,,mobile,NL-NH,synthetic
2026-06-11,session-00998,gmh-gruppe-sn-00000006-c0a7c1a5,qr,4,dpp-section-view,Product Information,,mobile,NL-NH,synthetic
2026-06-11,session-00998,gmh-gruppe-sn-00000006-c0a7c1a5,qr,5,dpp-section-view,Materials,,mobile,NL-NH,synthetic
2026-06-11,session-00998,gmh-gruppe-sn-00000006-c0a7c1a5,qr,6,dpp-section-view,Overview,,mobile,NL-NH,synthetic
2026-06-11,session-00998,gmh-gruppe-sn-00000006-c0a7c1a5,qr,7,dpp-document-open,Documents,Sustainability Certificate.pdf,mobile,NL-NH,synthetic
2026-06-11,session-00998,gmh-gruppe-sn-00000006-c0a7c1a5,qr,8,dpp-document-open,Documents,Material Certificate.pdf,mobile,NL-NH,synthetic
2026-08-29,session-00999,gmh-gruppe-sn-00000006-c0a7c1a5,qr,1,dpp-section-view,Overview,,tablet,DE-NW,synthetic
2026-08-29,session-00999,gmh-gruppe-sn-00000006-c0a7c1a5,qr,2,dpp-section-view,Materials,,tablet,DE-NW,synthetic
2026-08-29,session-00999,gmh-gruppe-sn-00000006-c0a7c1a5,qr,3,dpp-section-view,Product Information,,tablet,DE-NW,synthetic
2026-05-29,session-01000,mannstaedt-demo-002,qr,1,dpp-section-view,Overview,,desktop,DE-NW,synthetic
2026-08-02,session-01001,mannstaedt-demo-002,web,1,dpp-section-view,Overview,,mobile,DE-BE,synthetic
2026-08-02,session-01001,mannstaedt-demo-002,web,2,dpp-section-view,Documents,,mobile,DE-BE,synthetic
2026-08-02,session-01001,mannstaedt-demo-002,web,3,dpp-document-open,Documents,Sustainability Certificate.pdf,mobile,DE-BE,synthetic
2026-08-02,session-01001,mannstaedt-demo-002,web,4,dpp-document-open,Documents,Sustainability Certificate.pdf,mobile,DE-BE,synthetic
2026-08-02,session-01001,mannstaedt-demo-002,web,5,dpp-document-open,Documents,Declaration of Conformity.pdf,mobile,DE-BE,synthetic
2026-07-10,session-01002,gmh-gruppe-sn-00000006-c0a7c1a5,web,1,dpp-section-view,Overview,,mobile,NL-NH,synthetic
2026-08-08,session-01003,gmh-gruppe-sn-00000006-c0a7c1a5,web,1,dpp-section-view,Overview,,mobile,NL-NH,synthetic
2026-08-08,session-01003,gmh-gruppe-sn-00000006-c0a7c1a5,web,2,dpp-section-view,Materials,,mobile,NL-NH,synthetic
2026-08-08,session-01003,gmh-gruppe-sn-00000006-c0a7c1a5,web,3,dpp-section-view,Sustainability,,mobile,NL-NH,synthetic
2026-08-08,session-01003,gmh-gruppe-sn-00000006-c0a7c1a5,web,4,dpp-document-open,Documents,Material Certificate.pdf,mobile,NL-NH,synthetic
2026-08-08,session-01003,gmh-gruppe-sn-00000006-c0a7c1a5,web,5,dpp-document-open,Documents,Material Certificate.pdf,mobile,NL-NH,synthetic
2026-06-08,session-01004,gmh-gruppe-sn-00000006-c0a7c1a5,qr,1,dpp-section-view,Overview,,mobile,DE-BE,synthetic
2026-06-08,session-01004,gmh-gruppe-sn-00000006-c0a7c1a5,qr,2,dpp-section-view,Sustainability,,mobile,DE-BE,synthetic
2026-06-08,session-01004,gmh-gruppe-sn-00000006-c0a7c1a5,qr,3,dpp-section-view,Traceability,,mobile,DE-BE,synthetic
2026-06-08,session-01004,gmh-gruppe-sn-00000006-c0a7c1a5,qr,4,dpp-document-open,Documents,Material Certificate.pdf,mobile,DE-BE,synthetic
2026-06-12,session-01005,gmh-gruppe-sn-00000006-c0a7c1a5,qr,1,dpp-section-view,Overview,,desktop,DE-NW,synthetic
2026-06-12,session-01005,gmh-gruppe-sn-00000006-c0a7c1a5,qr,2,dpp-section-view,Product Information,,desktop,DE-NW,synthetic
2026-06-12,session-01005,gmh-gruppe-sn-00000006-c0a7c1a5,qr,3,dpp-section-view,Materials,,desktop,DE-NW,synthetic
2026-06-12,session-01005,gmh-gruppe-sn-00000006-c0a7c1a5,qr,4,dpp-document-open,Documents,Technical Datasheet.pdf,desktop,DE-NW,synthetic
2026-06-12,session-01005,gmh-gruppe-sn-00000006-c0a7c1a5,qr,5,dpp-document-open,Documents,Technical Datasheet.pdf,desktop,DE-NW,synthetic
2026-07-02,session-01006,mannstaedt-demo-002,web,1,dpp-section-view,Overview,,mobile,DE-BY,synthetic
2026-07-02,session-01006,mannstaedt-demo-002,web,2,dpp-document-open,Documents,Technical Datasheet.pdf,mobile,DE-BY,synthetic
2026-06-19,session-01007,gmh-gruppe-sn-00000006-c0a7c1a5,qr,1,dpp-section-view,Overview,,desktop,BE-VLG,synthetic
2026-06-19,session-01007,gmh-gruppe-sn-00000006-c0a7c1a5,qr,2,dpp-document-open,Documents,Technical Datasheet.pdf,desktop,BE-VLG,synthetic
2026-06-19,session-01007,gmh-gruppe-sn-00000006-c0a7c1a5,qr,3,dpp-document-open,Documents,Declaration of Conformity.pdf,desktop,BE-VLG,synthetic
2026-06-24,session-01008,gmh-gruppe-sn-00000006-c0a7c1a5,web,1,dpp-section-view,Overview,,desktop,NL-NH,synthetic
2026-06-24,session-01008,gmh-gruppe-sn-00000006-c0a7c1a5,web,2,dpp-section-view,Traceability,,desktop,NL-NH,synthetic
2026-08-25,session-01009,gmh-gruppe-sn-00000006-c0a7c1a5,qr,1,dpp-section-view,Overview,,mobile,DE-NW,synthetic
2026-08-25,session-01009,gmh-gruppe-sn-00000006-c0a7c1a5,qr,2,dpp-section-view,Documents,,mobile,DE-NW,synthetic
2026-08-25,session-01009,gmh-gruppe-sn-00000006-c0a7c1a5,qr,3,dpp-section-view,Traceability,,mobile,DE-NW,synthetic
2026-08-25,session-01009,gmh-gruppe-sn-00000006-c0a7c1a5,qr,4,dpp-section-view,Sustainability,,mobile,DE-NW,synthetic
2026-08-25,session-01009,gmh-gruppe-sn-00000006-c0a7c1a5,qr,5,dpp-section-view,Materials,,mobile,DE-NW,synthetic
2026-08-25,session-01009,gmh-gruppe-sn-00000006-c0a7c1a5,qr,6,dpp-document-open,Documents,Material Certificate.pdf,mobile,DE-NW,synthetic
2026-06-22,session-01010,gmh-gruppe-sn-00000006-c0a7c1a5,qr,1,dpp-section-view,Overview,,mobile,DE-BE,synthetic
2026-06-22,session-01010,gmh-gruppe-sn-00000006-c0a7c1a5,qr,2,dpp-section-view,Materials,,mobile,DE-BE,synthetic
2026-06-22,session-01010,gmh-gruppe-sn-00000006-c0a7c1a5,qr,3,dpp-section-view,Traceability,,mobile,DE-BE,synthetic
2026-07-16,session-01011,gmh-gruppe-sn-00000006-c0a7c1a5,qr,1,dpp-section-view,Sustainability,,desktop,BE-VLG,synthetic
2026-07-16,session-01011,gmh-gruppe-sn-00000006-c0a7c1a5,qr,2,dpp-section-view,Overview,,desktop,BE-VLG,synthetic
2026-07-16,session-01011,gmh-gruppe-sn-00000006-c0a7c1a5,qr,3,dpp-document-open,Documents,Declaration of Conformity.pdf,desktop,BE-VLG,synthetic
2026-07-16,session-01011,gmh-gruppe-sn-00000006-c0a7c1a5,qr,4,dpp-document-open,Documents,Technical Datasheet.pdf,desktop,BE-VLG,synthetic
2026-05-29,session-01012,gmh-gruppe-sn-00000006-c0a7c1a5,web,1,dpp-section-view,Overview,,desktop,NL-NH,synthetic
2026-06-09,session-01013,mannstaedt-demo-002,web,1,dpp-section-view,Product Information,,mobile,NL-NH,synthetic
2026-06-09,session-01013,mannstaedt-demo-002,web,2,dpp-section-view,Overview,,mobile,NL-NH,synthetic
2026-06-09,session-01013,mannstaedt-demo-002,web,3,dpp-section-view,Traceability,,mobile,NL-NH,synthetic
2026-06-09,session-01013,mannstaedt-demo-002,web,4,dpp-document-open,Documents,Technical Datasheet.pdf,mobile,NL-NH,synthetic
2026-06-09,session-01013,mannstaedt-demo-002,web,5,dpp-document-open,Documents,Declaration of Conformity.pdf,mobile,NL-NH,synthetic
2026-09-06,session-01014,gmh-gruppe-sn-00000006-c0a7c1a5,qr,1,dpp-section-view,Overview,,desktop,DE-BY,synthetic
2026-09-06,session-01014,gmh-gruppe-sn-00000006-c0a7c1a5,qr,2,dpp-section-view,Materials,,desktop,DE-BY,synthetic
2026-09-06,session-01014,gmh-gruppe-sn-00000006-c0a7c1a5,qr,3,dpp-section-view,Traceability,,desktop,DE-BY,synthetic
2026-09-06,session-01014,gmh-gruppe-sn-00000006-c0a7c1a5,qr,4,dpp-section-view,Sustainability,,desktop,DE-BY,synthetic
2026-09-06,session-01014,gmh-gruppe-sn-00000006-c0a7c1a5,qr,5,dpp-document-open,Documents,Sustainability Certificate.pdf,desktop,DE-BY,synthetic
2026-07-30,session-01015,mannstaedt-demo-002,web,1,dpp-section-view,Documents,,mobile,NL-NH,synthetic
2026-07-30,session-01015,mannstaedt-demo-002,web,2,dpp-section-view,Overview,,mobile,NL-NH,synthetic
2026-07-30,session-01015,mannstaedt-demo-002,web,3,dpp-document-open,Documents,Declaration of Conformity.pdf,mobile,NL-NH,synthetic
2026-07-30,session-01015,mannstaedt-demo-002,web,4,dpp-document-open,Documents,Material Certificate.pdf,mobile,NL-NH,synthetic
2026-05-14,session-01016,gmh-gruppe-sn-00000006-c0a7c1a5,qr,1,dpp-section-view,Overview,,mobile,DE-BY,synthetic
2026-05-14,session-01016,gmh-gruppe-sn-00000006-c0a7c1a5,qr,2,dpp-section-view,Traceability,,mobile,DE-BY,synthetic
2026-05-14,session-01016,gmh-gruppe-sn-00000006-c0a7c1a5,qr,3,dpp-section-view,Materials,,mobile,DE-BY,synthetic
2026-05-14,session-01016,gmh-gruppe-sn-00000006-c0a7c1a5,qr,4,dpp-document-open,Documents,Technical Datasheet.pdf,mobile,DE-BY,synthetic
2026-05-14,session-01016,gmh-gruppe-sn-00000006-c0a7c1a5,qr,5,dpp-document-open,Documents,Sustainability Certificate.pdf,mobile,DE-BY,synthetic
2026-05-14,session-01016,gmh-gruppe-sn-00000006-c0a7c1a5,qr,6,dpp-document-open,Documents,Material Certificate.pdf,mobile,DE-BY,synthetic
2026-06-22,session-01017,gmh-gruppe-sn-00000006-c0a7c1a5,qr,1,dpp-section-view,Overview,,desktop,DE-BY,synthetic
2026-05-31,session-01018,mannstaedt-demo-003,qr,1,dpp-section-view,Overview,,tablet,DE-NW,synthetic
2026-05-31,session-01018,mannstaedt-demo-003,qr,2,dpp-section-view,Documents,,tablet,DE-NW,synthetic
2026-05-31,session-01018,mannstaedt-demo-003,qr,3,dpp-section-view,Sustainability,,tablet,DE-NW,synthetic
2026-05-31,session-01018,mannstaedt-demo-003,qr,4,dpp-section-view,Product Information,,tablet,DE-NW,synthetic
2026-05-31,session-01018,mannstaedt-demo-003,qr,5,dpp-document-open,Documents,Declaration of Conformity.pdf,tablet,DE-NW,synthetic
2026-05-31,session-01018,mannstaedt-demo-003,qr,6,dpp-document-open,Documents,Sustainability Certificate.pdf,tablet,DE-NW,synthetic
2026-05-31,session-01018,mannstaedt-demo-003,qr,7,dpp-document-open,Documents,Technical Datasheet.pdf,tablet,DE-NW,synthetic
2026-08-10,session-01019,gmh-gruppe-sn-00000006-c0a7c1a5,web,1,dpp-section-view,Documents,,tablet,BE-VLG,synthetic
2026-08-10,session-01019,gmh-gruppe-sn-00000006-c0a7c1a5,web,2,dpp-section-view,Overview,,tablet,BE-VLG,synthetic
2026-07-07,session-01020,mannstaedt-demo-003,qr,1,dpp-section-view,Materials,,mobile,NL-NH,synthetic
2026-07-07,session-01020,mannstaedt-demo-003,qr,2,dpp-section-view,Overview,,mobile,NL-NH,synthetic
2026-05-17,session-01021,gmh-gruppe-sn-00000006-c0a7c1a5,qr,1,dpp-section-view,Overview,,tablet,DE-BE,synthetic
2026-05-17,session-01021,gmh-gruppe-sn-00000006-c0a7c1a5,qr,2,dpp-section-view,Documents,,tablet,DE-BE,synthetic
2026-05-17,session-01021,gmh-gruppe-sn-00000006-c0a7c1a5,qr,3,dpp-section-view,Product Information,,tablet,DE-BE,synthetic
2026-05-25,session-01022,gmh-gruppe-sn-00000006-c0a7c1a5,qr,1,dpp-section-view,Documents,,desktop,BE-VLG,synthetic
2026-05-25,session-01022,gmh-gruppe-sn-00000006-c0a7c1a5,qr,2,dpp-section-view,Overview,,desktop,BE-VLG,synthetic
2026-06-30,session-01023,mannstaedt-demo-003,qr,1,dpp-section-view,Sustainability,,mobile,NL-NH,synthetic
2026-06-30,session-01023,mannstaedt-demo-003,qr,2,dpp-section-view,Materials,,mobile,NL-NH,synthetic
2026-06-30,session-01023,mannstaedt-demo-003,qr,3,dpp-section-view,Product Information,,mobile,NL-NH,synthetic
2026-06-30,session-01023,mannstaedt-demo-003,qr,4,dpp-section-view,Documents,,mobile,NL-NH,synthetic
2026-06-30,session-01023,mannstaedt-demo-003,qr,5,dpp-section-view,Overview,,mobile,NL-NH,synthetic
2026-05-24,session-01024,gmh-gruppe-sn-00000006-c0a7c1a5,qr,1,dpp-section-view,Overview,,mobile,DE-NW,synthetic
2026-05-24,session-01024,gmh-gruppe-sn-00000006-c0a7c1a5,qr,2,dpp-section-view,Sustainability,,mobile,DE-NW,synthetic
2026-05-24,session-01024,gmh-gruppe-sn-00000006-c0a7c1a5,qr,3,dpp-section-view,Materials,,mobile,DE-NW,synthetic
2026-05-24,session-01024,gmh-gruppe-sn-00000006-c0a7c1a5,qr,4,dpp-section-view,Documents,,mobile,DE-NW,synthetic
2026-05-24,session-01024,gmh-gruppe-sn-00000006-c0a7c1a5,qr,5,dpp-section-view,Product Information,,mobile,DE-NW,synthetic
2026-05-24,session-01024,gmh-gruppe-sn-00000006-c0a7c1a5,qr,6,dpp-section-view,Traceability,,mobile,DE-NW,synthetic
2026-08-22,session-01025,gmh-gruppe-sn-00000006-c0a7c1a5,qr,1,dpp-section-view,Overview,,desktop,DE-BY,synthetic
2026-08-22,session-01025,gmh-gruppe-sn-00000006-c0a7c1a5,qr,2,dpp-section-view,Documents,,desktop,DE-BY,synthetic
2026-08-22,session-01025,gmh-gruppe-sn-00000006-c0a7c1a5,qr,3,dpp-section-view,Materials,,desktop,DE-BY,synthetic
2026-07-30,session-01026,mannstaedt-demo-003,qr,1,dpp-section-view,Traceability,,desktop,DE-BE,synthetic
2026-07-30,session-01026,mannstaedt-demo-003,qr,2,dpp-section-view,Product Information,,desktop,DE-BE,synthetic
2026-07-30,session-01026,mannstaedt-demo-003,qr,3,dpp-section-view,Materials,,desktop,DE-BE,synthetic
2026-07-30,session-01026,mannstaedt-demo-003,qr,4,dpp-section-view,Sustainability,,desktop,DE-BE,synthetic
2026-07-30,session-01026,mannstaedt-demo-003,qr,5,dpp-section-view,Overview,,desktop,DE-BE,synthetic
2026-05-06,session-01027,gmh-gruppe-sn-00000006-c0a7c1a5,web,1,dpp-section-view,Overview,,mobile,DE-BY,synthetic
2026-05-06,session-01027,gmh-gruppe-sn-00000006-c0a7c1a5,web,2,dpp-section-view,Product Information,,mobile,DE-BY,synthetic
2026-05-06,session-01027,gmh-gruppe-sn-00000006-c0a7c1a5,web,3,dpp-section-view,Traceability,,mobile,DE-BY,synthetic
2026-05-31,session-01028,gmh-gruppe-sn-00000006-c0a7c1a5,web,1,dpp-section-view,Materials,,mobile,DE-BE,synthetic
2026-05-31,session-01028,gmh-gruppe-sn-00000006-c0a7c1a5,web,2,dpp-section-view,Sustainability,,mobile,DE-BE,synthetic
2026-05-31,session-01028,gmh-gruppe-sn-00000006-c0a7c1a5,web,3,dpp-section-view,Overview,,mobile,DE-BE,synthetic
2026-07-08,session-01029,gmh-gruppe-sn-00000006-c0a7c1a5,qr,1,dpp-section-view,Overview,,mobile,DE-NW,synthetic
2026-07-08,session-01029,gmh-gruppe-sn-00000006-c0a7c1a5,qr,2,dpp-section-view,Sustainability,,mobile,DE-NW,synthetic
2026-07-08,session-01029,gmh-gruppe-sn-00000006-c0a7c1a5,qr,3,dpp-document-open,Documents,Material Certificate.pdf,mobile,DE-NW,synthetic
2026-06-01,session-01030,gmh-gruppe-sn-00000006-c0a7c1a5,web,1,dpp-section-view,Overview,,mobile,NL-NH,synthetic
2026-07-13,session-01031,mannstaedt-demo-002,qr,1,dpp-section-view,Overview,,desktop,BE-VLG,synthetic
2026-07-13,session-01031,mannstaedt-demo-002,qr,2,dpp-section-view,Materials,,desktop,BE-VLG,synthetic
2026-07-13,session-01031,mannstaedt-demo-002,qr,3,dpp-section-view,Sustainability,,desktop,BE-VLG,synthetic
2026-08-15,session-01032,gmh-gruppe-sn-00000006-c0a7c1a5,web,1,dpp-section-view,Overview,,mobile,DE-BE,synthetic
2026-07-13,session-01033,gmh-gruppe-sn-00000006-c0a7c1a5,web,1,dpp-section-view,Overview,,mobile,DE-BE,synthetic
2026-07-13,session-01033,gmh-gruppe-sn-00000006-c0a7c1a5,web,2,dpp-section-view,Traceability,,mobile,DE-BE,synthetic
2026-08-29,session-01034,gmh-gruppe-sn-00000006-c0a7c1a5,web,1,dpp-section-view,Overview,,mobile,DE-BE,synthetic
2026-06-04,session-01035,gmh-gruppe-sn-00000006-c0a7c1a5,web,1,dpp-section-view,Overview,,desktop,NL-NH,synthetic
2026-05-11,session-01036,gmh-gruppe-sn-00000006-c0a7c1a5,qr,1,dpp-section-view,Overview,,mobile,DE-BE,synthetic
2026-05-11,session-01036,gmh-gruppe-sn-00000006-c0a7c1a5,qr,2,dpp-section-view,Product Information,,mobile,DE-BE,synthetic
2026-07-03,session-01037,mannstaedt-demo-003,qr,1,dpp-section-view,Documents,,mobile,NL-NH,synthetic
2026-07-03,session-01037,mannstaedt-demo-003,qr,2,dpp-section-view,Overview,,mobile,NL-NH,synthetic
2026-07-03,session-01037,mannstaedt-demo-003,qr,3,dpp-section-view,Product Information,,mobile,NL-NH,synthetic
2026-07-03,session-01037,mannstaedt-demo-003,qr,4,dpp-section-view,Materials,,mobile,NL-NH,synthetic
2026-07-03,session-01037,mannstaedt-demo-003,qr,5,dpp-section-view,Traceability,,mobile,NL-NH,synthetic
2026-06-08,session-01038,gmh-gruppe-sn-00000006-c0a7c1a5,qr,1,dpp-section-view,Documents,,desktop,NL-NH,synthetic
2026-06-08,session-01038,gmh-gruppe-sn-00000006-c0a7c1a5,qr,2,dpp-section-view,Sustainability,,desktop,NL-NH,synthetic
2026-06-08,session-01038,gmh-gruppe-sn-00000006-c0a7c1a5,qr,3,dpp-section-view,Overview,,desktop,NL-NH,synthetic
2026-06-08,session-01038,gmh-gruppe-sn-00000006-c0a7c1a5,qr,4,dpp-section-view,Materials,,desktop,NL-NH,synthetic
2026-06-08,session-01038,gmh-gruppe-sn-00000006-c0a7c1a5,qr,5,dpp-document-open,Documents,Declaration of Conformity.pdf,desktop,NL-NH,synthetic
2026-06-08,session-01038,gmh-gruppe-sn-00000006-c0a7c1a5,qr,6,dpp-document-open,Documents,Technical Datasheet.pdf,desktop,NL-NH,synthetic
2026-06-08,session-01038,gmh-gruppe-sn-00000006-c0a7c1a5,qr,7,dpp-document-open,Documents,Material Certificate.pdf,desktop,NL-NH,synthetic
2026-07-12,session-01039,gmh-gruppe-sn-00000006-c0a7c1a5,qr,1,dpp-section-view,Overview,,desktop,NL-NH,synthetic
2026-07-12,session-01039,gmh-gruppe-sn-00000006-c0a7c1a5,qr,2,dpp-section-view,Product Information,,desktop,NL-NH,synthetic
2026-08-05,session-01040,gmh-gruppe-sn-00000006-c0a7c1a5,web,1,dpp-section-view,Overview,,desktop,DE-BY,synthetic
2026-05-02,session-01041,gmh-gruppe-sn-00000006-c0a7c1a5,web,1,dpp-section-view,Overview,,desktop,NL-NH,synthetic
2026-05-24,session-01042,gmh-gruppe-sn-00000006-c0a7c1a5,qr,1,dpp-section-view,Overview,,mobile,BE-VLG,synthetic
2026-05-24,session-01042,gmh-gruppe-sn-00000006-c0a7c1a5,qr,2,dpp-section-view,Documents,,mobile,BE-VLG,synthetic
2026-06-01,session-01043,mannstaedt-demo-003,qr,1,dpp-section-view,Documents,,desktop,NL-NH,synthetic
2026-06-01,session-01043,mannstaedt-demo-003,qr,2,dpp-section-view,Overview,,desktop,NL-NH,synthetic
2026-06-01,session-01043,mannstaedt-demo-003,qr,3,dpp-section-view,Product Information,,desktop,NL-NH,synthetic
2026-06-01,session-01043,mannstaedt-demo-003,qr,4,dpp-section-view,Sustainability,,desktop,NL-NH,synthetic
2026-06-01,session-01043,mannstaedt-demo-003,qr,5,dpp-section-view,Traceability,,desktop,NL-NH,synthetic
2026-06-01,session-01043,mannstaedt-demo-003,qr,6,dpp-section-view,Materials,,desktop,NL-NH,synthetic
2026-06-01,session-01043,mannstaedt-demo-003,qr,7,dpp-document-open,Documents,Sustainability Certificate.pdf,desktop,NL-NH,synthetic
2026-06-01,session-01043,mannstaedt-demo-003,qr,8,dpp-document-open,Documents,Material Certificate.pdf,desktop,NL-NH,synthetic
2026-06-01,session-01043,mannstaedt-demo-003,qr,9,dpp-document-open,Documents,Material Certificate.pdf,desktop,NL-NH,synthetic
2026-05-23,session-01044,gmh-gruppe-sn-00000006-c0a7c1a5,qr,1,dpp-section-view,Overview,,mobile,DE-BE,synthetic
2026-08-07,session-01045,gmh-gruppe-sn-00000006-c0a7c1a5,qr,1,dpp-section-view,Overview,,mobile,DE-BY,synthetic
2026-05-22,session-01046,mannstaedt-demo-002,qr,1,dpp-section-view,Sustainability,,tablet,DE-BY,synthetic
2026-05-22,session-01046,mannstaedt-demo-002,qr,2,dpp-section-view,Product Information,,tablet,DE-BY,synthetic
2026-05-22,session-01046,mannstaedt-demo-002,qr,3,dpp-section-view,Overview,,tablet,DE-BY,synthetic
2026-05-22,session-01046,mannstaedt-demo-002,qr,4,dpp-section-view,Traceability,,tablet,DE-BY,synthetic
2026-05-22,session-01046,mannstaedt-demo-002,qr,5,dpp-section-view,Documents,,tablet,DE-BY,synthetic
2026-05-22,session-01046,mannstaedt-demo-002,qr,6,dpp-document-open,Documents,Material Certificate.pdf,tablet,DE-BY,synthetic
2026-05-22,session-01046,mannstaedt-demo-002,qr,7,dpp-document-open,Documents,Sustainability Certificate.pdf,tablet,DE-BY,synthetic
2026-05-22,session-01046,mannstaedt-demo-002,qr,8,dpp-document-open,Documents,Declaration of Conformity.pdf,tablet,DE-BY,synthetic
2026-05-18,session-01047,mannstaedt-demo-002,qr,1,dpp-section-view,Traceability,,desktop,NL-NH,synthetic
2026-05-18,session-01047,mannstaedt-demo-002,qr,2,dpp-section-view,Materials,,desktop,NL-NH,synthetic
2026-05-18,session-01047,mannstaedt-demo-002,qr,3,dpp-section-view,Documents,,desktop,NL-NH,synthetic
2026-05-18,session-01047,mannstaedt-demo-002,qr,4,dpp-section-view,Overview,,desktop,NL-NH,synthetic
2026-05-18,session-01047,mannstaedt-demo-002,qr,5,dpp-section-view,Product Information,,desktop,NL-NH,synthetic
2026-05-18,session-01047,mannstaedt-demo-002,qr,6,dpp-section-view,Sustainability,,desktop,NL-NH,synthetic
2026-05-18,session-01047,mannstaedt-demo-002,qr,7,dpp-document-open,Documents,Sustainability Certificate.pdf,desktop,NL-NH,synthetic
2026-05-18,session-01047,mannstaedt-demo-002,qr,8,dpp-document-open,Documents,Technical Datasheet.pdf,desktop,NL-NH,synthetic
2026-05-18,session-01047,mannstaedt-demo-002,qr,9,dpp-document-open,Documents,Technical Datasheet.pdf,desktop,NL-NH,synthetic
2026-08-09,session-01048,gmh-gruppe-sn-00000006-c0a7c1a5,qr,1,dpp-section-view,Documents,,mobile,DE-BY,synthetic
2026-08-09,session-01048,gmh-gruppe-sn-00000006-c0a7c1a5,qr,2,dpp-section-view,Overview,,mobile,DE-BY,synthetic
2026-08-09,session-01048,gmh-gruppe-sn-00000006-c0a7c1a5,qr,3,dpp-section-view,Product Information,,mobile,DE-BY,synthetic
2026-08-09,session-01048,gmh-gruppe-sn-00000006-c0a7c1a5,qr,4,dpp-section-view,Materials,,mobile,DE-BY,synthetic
2026-07-16,session-01049,mannstaedt-demo-002,web,1,dpp-section-view,Documents,,desktop,DE-BE,synthetic
2026-07-16,session-01049,mannstaedt-demo-002,web,2,dpp-section-view,Overview,,desktop,DE-BE,synthetic
2026-07-16,session-01049,mannstaedt-demo-002,web,3,dpp-section-view,Materials,,desktop,DE-BE,synthetic
2026-05-10,session-01050,gmh-gruppe-sn-00000006-c0a7c1a5,qr,1,dpp-section-view,Product Information,,desktop,NL-NH,synthetic
2026-05-10,session-01050,gmh-gruppe-sn-00000006-c0a7c1a5,qr,2,dpp-section-view,Materials,,desktop,NL-NH,synthetic
2026-05-10,session-01050,gmh-gruppe-sn-00000006-c0a7c1a5,qr,3,dpp-section-view,Overview,,desktop,NL-NH,synthetic
2026-05-10,session-01050,gmh-gruppe-sn-00000006-c0a7c1a5,qr,4,dpp-section-view,Documents,,desktop,NL-NH,synthetic
2026-08-17,session-01051,gmh-gruppe-sn-00000006-c0a7c1a5,web,1,dpp-section-view,Overview,,desktop,DE-NW,synthetic
2026-08-17,session-01051,gmh-gruppe-sn-00000006-c0a7c1a5,web,2,dpp-section-view,Materials,,desktop,DE-NW,synthetic
2026-06-03,session-01052,gmh-gruppe-sn-00000006-c0a7c1a5,web,1,dpp-section-view,Overview,,mobile,DE-NW,synthetic
2026-09-04,session-01053,gmh-gruppe-sn-00000006-c0a7c1a5,qr,1,dpp-section-view,Overview,,desktop,DE-BY,synthetic
2026-08-13,session-01054,mannstaedt-demo-002,web,1,dpp-section-view,Overview,,mobile,DE-BY,synthetic
2026-08-22,session-01055,gmh-gruppe-sn-00000006-c0a7c1a5,web,1,dpp-section-view,Overview,,mobile,DE-BE,synthetic
2026-05-27,session-01056,mannstaedt-demo-002,qr,1,dpp-section-view,Overview,,mobile,DE-BE,synthetic
2026-05-27,session-01056,mannstaedt-demo-002,qr,2,dpp-section-view,Traceability,,mobile,DE-BE,synthetic
2026-05-27,session-01056,mannstaedt-demo-002,qr,3,dpp-section-view,Documents,,mobile,DE-BE,synthetic
2026-05-27,session-01056,mannstaedt-demo-002,qr,4,dpp-section-view,Materials,,mobile,DE-BE,synthetic
2026-05-27,session-01056,mannstaedt-demo-002,qr,5,dpp-section-view,Sustainability,,mobile,DE-BE,synthetic
2026-05-27,session-01056,mannstaedt-demo-002,qr,6,dpp-document-open,Documents,Technical Datasheet.pdf,mobile,DE-BE,synthetic
2026-05-27,session-01056,mannstaedt-demo-002,qr,7,dpp-document-open,Documents,Declaration of Conformity.pdf,mobile,DE-BE,synthetic
2026-05-27,session-01056,mannstaedt-demo-002,qr,8,dpp-document-open,Documents,Technical Datasheet.pdf,mobile,DE-BE,synthetic
2026-06-11,session-01057,gmh-gruppe-sn-00000006-c0a7c1a5,qr,1,dpp-section-view,Overview,,desktop,BE-VLG,synthetic
2026-06-11,session-01057,gmh-gruppe-sn-00000006-c0a7c1a5,qr,2,dpp-section-view,Materials,,desktop,BE-VLG,synthetic
2026-05-11,session-01058,gmh-gruppe-sn-00000006-c0a7c1a5,qr,1,dpp-section-view,Materials,,desktop,BE-VLG,synthetic
2026-05-11,session-01058,gmh-gruppe-sn-00000006-c0a7c1a5,qr,2,dpp-section-view,Documents,,desktop,BE-VLG,synthetic
2026-05-11,session-01058,gmh-gruppe-sn-00000006-c0a7c1a5,qr,3,dpp-section-view,Product Information,,desktop,BE-VLG,synthetic
2026-05-11,session-01058,gmh-gruppe-sn-00000006-c0a7c1a5,qr,4,dpp-section-view,Traceability,,desktop,BE-VLG,synthetic
2026-05-11,session-01058,gmh-gruppe-sn-00000006-c0a7c1a5,qr,5,dpp-section-view,Sustainability,,desktop,BE-VLG,synthetic
2026-05-11,session-01058,gmh-gruppe-sn-00000006-c0a7c1a5,qr,6,dpp-section-view,Overview,,desktop,BE-VLG,synthetic
2026-05-11,session-01058,gmh-gruppe-sn-00000006-c0a7c1a5,qr,7,dpp-document-open,Documents,Material Certificate.pdf,desktop,BE-VLG,synthetic
2026-05-11,session-01058,gmh-gruppe-sn-00000006-c0a7c1a5,qr,8,dpp-document-open,Documents,Technical Datasheet.pdf,desktop,BE-VLG,synthetic
2026-08-03,session-01059,gmh-gruppe-sn-00000006-c0a7c1a5,qr,1,dpp-section-view,Overview,,mobile,DE-BE,synthetic
2026-08-03,session-01059,gmh-gruppe-sn-00000006-c0a7c1a5,qr,2,dpp-section-view,Sustainability,,mobile,DE-BE,synthetic
2026-08-03,session-01059,gmh-gruppe-sn-00000006-c0a7c1a5,qr,3,dpp-section-view,Traceability,,mobile,DE-BE,synthetic
2026-08-03,session-01059,gmh-gruppe-sn-00000006-c0a7c1a5,qr,4,dpp-section-view,Materials,,mobile,DE-BE,synthetic
2026-05-19,session-01060,gmh-gruppe-sn-00000006-c0a7c1a5,web,1,dpp-section-view,Overview,,mobile,DE-BE,synthetic
2026-05-19,session-01060,gmh-gruppe-sn-00000006-c0a7c1a5,web,2,dpp-document-open,Documents,Material Certificate.pdf,mobile,DE-BE,synthetic
2026-07-24,session-01061,gmh-gruppe-sn-00000006-c0a7c1a5,qr,1,dpp-section-view,Sustainability,,mobile,DE-NW,synthetic
2026-07-24,session-01061,gmh-gruppe-sn-00000006-c0a7c1a5,qr,2,dpp-section-view,Overview,,mobile,DE-NW,synthetic
2026-07-24,session-01061,gmh-gruppe-sn-00000006-c0a7c1a5,qr,3,dpp-section-view,Traceability,,mobile,DE-NW,synthetic
2026-07-24,session-01061,gmh-gruppe-sn-00000006-c0a7c1a5,qr,4,dpp-section-view,Materials,,mobile,DE-NW,synthetic
2026-07-24,session-01061,gmh-gruppe-sn-00000006-c0a7c1a5,qr,5,dpp-document-open,Documents,Material Certificate.pdf,mobile,DE-NW,synthetic
2026-07-24,session-01061,gmh-gruppe-sn-00000006-c0a7c1a5,qr,6,dpp-document-open,Documents,Declaration of Conformity.pdf,mobile,DE-NW,synthetic
2026-07-24,session-01061,gmh-gruppe-sn-00000006-c0a7c1a5,qr,7,dpp-document-open,Documents,Declaration of Conformity.pdf,mobile,DE-NW,synthetic
2026-07-04,session-01062,gmh-gruppe-sn-00000006-c0a7c1a5,web,1,dpp-section-view,Sustainability,,mobile,BE-VLG,synthetic
2026-07-04,session-01062,gmh-gruppe-sn-00000006-c0a7c1a5,web,2,dpp-section-view,Product Information,,mobile,BE-VLG,synthetic
2026-07-04,session-01062,gmh-gruppe-sn-00000006-c0a7c1a5,web,3,dpp-section-view,Traceability,,mobile,BE-VLG,synthetic
2026-07-04,session-01062,gmh-gruppe-sn-00000006-c0a7c1a5,web,4,dpp-section-view,Documents,,mobile,BE-VLG,synthetic
2026-07-04,session-01062,gmh-gruppe-sn-00000006-c0a7c1a5,web,5,dpp-section-view,Materials,,mobile,BE-VLG,synthetic
2026-07-04,session-01062,gmh-gruppe-sn-00000006-c0a7c1a5,web,6,dpp-section-view,Overview,,mobile,BE-VLG,synthetic
2026-07-04,session-01062,gmh-gruppe-sn-00000006-c0a7c1a5,web,7,dpp-document-open,Documents,Technical Datasheet.pdf,mobile,BE-VLG,synthetic
2026-07-04,session-01062,gmh-gruppe-sn-00000006-c0a7c1a5,web,8,dpp-document-open,Documents,Material Certificate.pdf,mobile,BE-VLG,synthetic
2026-07-04,session-01062,gmh-gruppe-sn-00000006-c0a7c1a5,web,9,dpp-document-open,Documents,Declaration of Conformity.pdf,mobile,BE-VLG,synthetic
2026-05-11,session-01063,gmh-gruppe-sn-00000006-c0a7c1a5,qr,1,dpp-section-view,Product Information,,desktop,NL-NH,synthetic
2026-05-11,session-01063,gmh-gruppe-sn-00000006-c0a7c1a5,qr,2,dpp-section-view,Overview,,desktop,NL-NH,synthetic
2026-05-11,session-01063,gmh-gruppe-sn-00000006-c0a7c1a5,qr,3,dpp-section-view,Documents,,desktop,NL-NH,synthetic
2026-08-03,session-01064,gmh-gruppe-sn-00000006-c0a7c1a5,qr,1,dpp-section-view,Product Information,,tablet,DE-NW,synthetic
2026-08-03,session-01064,gmh-gruppe-sn-00000006-c0a7c1a5,qr,2,dpp-section-view,Overview,,tablet,DE-NW,synthetic
2026-08-03,session-01064,gmh-gruppe-sn-00000006-c0a7c1a5,qr,3,dpp-section-view,Traceability,,tablet,DE-NW,synthetic
2026-08-03,session-01064,gmh-gruppe-sn-00000006-c0a7c1a5,qr,4,dpp-section-view,Sustainability,,tablet,DE-NW,synthetic
2026-07-30,session-01065,gmh-gruppe-sn-00000006-c0a7c1a5,qr,1,dpp-section-view,Overview,,mobile,DE-BY,synthetic
2026-07-30,session-01065,gmh-gruppe-sn-00000006-c0a7c1a5,qr,2,dpp-section-view,Sustainability,,mobile,DE-BY,synthetic
2026-07-30,session-01065,gmh-gruppe-sn-00000006-c0a7c1a5,qr,3,dpp-document-open,Documents,Material Certificate.pdf,mobile,DE-BY,synthetic
2026-07-30,session-01065,gmh-gruppe-sn-00000006-c0a7c1a5,qr,4,dpp-document-open,Documents,Declaration of Conformity.pdf,mobile,DE-BY,synthetic
2026-09-06,session-01066,mannstaedt-demo-002,web,1,dpp-section-view,Overview,,mobile,DE-NW,synthetic
2026-07-19,session-01067,gmh-gruppe-sn-00000006-c0a7c1a5,web,1,dpp-section-view,Traceability,,desktop,DE-BE,synthetic
2026-07-19,session-01067,gmh-gruppe-sn-00000006-c0a7c1a5,web,2,dpp-section-view,Materials,,desktop,DE-BE,synthetic
2026-07-19,session-01067,gmh-gruppe-sn-00000006-c0a7c1a5,web,3,dpp-section-view,Documents,,desktop,DE-BE,synthetic
2026-07-19,session-01067,gmh-gruppe-sn-00000006-c0a7c1a5,web,4,dpp-section-view,Overview,,desktop,DE-BE,synthetic
2026-06-30,session-01068,mannstaedt-demo-002,web,1,dpp-section-view,Overview,,mobile,DE-NW,synthetic
2026-07-04,session-01069,gmh-gruppe-sn-00000006-c0a7c1a5,web,1,dpp-section-view,Sustainability,,desktop,BE-VLG,synthetic
2026-07-04,session-01069,gmh-gruppe-sn-00000006-c0a7c1a5,web,2,dpp-section-view,Overview,,desktop,BE-VLG,synthetic
2026-07-04,session-01069,gmh-gruppe-sn-00000006-c0a7c1a5,web,3,dpp-section-view,Traceability,,desktop,BE-VLG,synthetic
2026-07-23,session-01070,gmh-gruppe-sn-00000006-c0a7c1a5,qr,1,dpp-section-view,Overview,,mobile,DE-NW,synthetic
2026-07-23,session-01070,gmh-gruppe-sn-00000006-c0a7c1a5,qr,2,dpp-section-view,Materials,,mobile,DE-NW,synthetic
2026-07-23,session-01070,gmh-gruppe-sn-00000006-c0a7c1a5,qr,3,dpp-section-view,Sustainability,,mobile,DE-NW,synthetic
2026-07-23,session-01070,gmh-gruppe-sn-00000006-c0a7c1a5,qr,4,dpp-document-open,Documents,Declaration of Conformity.pdf,mobile,DE-NW,synthetic
2026-07-23,session-01070,gmh-gruppe-sn-00000006-c0a7c1a5,qr,5,dpp-document-open,Documents,Technical Datasheet.pdf,mobile,DE-NW,synthetic
2026-05-24,session-01071,gmh-gruppe-sn-00000006-c0a7c1a5,qr,1,dpp-section-view,Overview,,desktop,DE-BE,synthetic
2026-05-24,session-01071,gmh-gruppe-sn-00000006-c0a7c1a5,qr,2,dpp-section-view,Traceability,,desktop,DE-BE,synthetic
2026-05-24,session-01071,gmh-gruppe-sn-00000006-c0a7c1a5,qr,3,dpp-section-view,Sustainability,,desktop,DE-BE,synthetic
2026-05-24,session-01071,gmh-gruppe-sn-00000006-c0a7c1a5,qr,4,dpp-section-view,Materials,,desktop,DE-BE,synthetic
2026-05-24,session-01071,gmh-gruppe-sn-00000006-c0a7c1a5,qr,5,dpp-section-view,Product Information,,desktop,DE-BE,synthetic
2026-05-24,session-01071,gmh-gruppe-sn-00000006-c0a7c1a5,qr,6,dpp-document-open,Documents,Declaration of Conformity.pdf,desktop,DE-BE,synthetic
2026-05-24,session-01071,gmh-gruppe-sn-00000006-c0a7c1a5,qr,7,dpp-document-open,Documents,Technical Datasheet.pdf,desktop,DE-BE,synthetic
2026-05-24,session-01071,gmh-gruppe-sn-00000006-c0a7c1a5,qr,8,dpp-document-open,Documents,Technical Datasheet.pdf,desktop,DE-BE,synthetic
2026-09-06,session-01072,gmh-gruppe-sn-00000006-c0a7c1a5,web,1,dpp-section-view,Documents,,mobile,DE-NW,synthetic
2026-09-06,session-01072,gmh-gruppe-sn-00000006-c0a7c1a5,web,2,dpp-section-view,Materials,,mobile,DE-NW,synthetic
2026-09-06,session-01072,gmh-gruppe-sn-00000006-c0a7c1a5,web,3,dpp-section-view,Overview,,mobile,DE-NW,synthetic
2026-09-06,session-01072,gmh-gruppe-sn-00000006-c0a7c1a5,web,4,dpp-section-view,Sustainability,,mobile,DE-NW,synthetic
2026-05-18,session-01073,mannstaedt-demo-003,qr,1,dpp-section-view,Overview,,desktop,DE-BY,synthetic
2026-05-18,session-01073,mannstaedt-demo-003,qr,2,dpp-section-view,Product Information,,desktop,DE-BY,synthetic
2026-08-31,session-01074,gmh-gruppe-sn-00000006-c0a7c1a5,qr,1,dpp-section-view,Overview,,desktop,DE-BY,synthetic
2026-08-31,session-01074,gmh-gruppe-sn-00000006-c0a7c1a5,qr,2,dpp-section-view,Sustainability,,desktop,DE-BY,synthetic
2026-08-31,session-01074,gmh-gruppe-sn-00000006-c0a7c1a5,qr,3,dpp-section-view,Documents,,desktop,DE-BY,synthetic
2026-08-31,session-01074,gmh-gruppe-sn-00000006-c0a7c1a5,qr,4,dpp-section-view,Traceability,,desktop,DE-BY,synthetic
2026-08-31,session-01074,gmh-gruppe-sn-00000006-c0a7c1a5,qr,5,dpp-document-open,Documents,Sustainability Certificate.pdf,desktop,DE-BY,synthetic
2026-07-23,session-01075,gmh-gruppe-sn-00000006-c0a7c1a5,web,1,dpp-section-view,Overview,,desktop,NL-NH,synthetic
2026-08-05,session-01076,gmh-gruppe-sn-00000006-c0a7c1a5,web,1,dpp-section-view,Overview,,mobile,DE-BY,synthetic
2026-08-05,session-01076,gmh-gruppe-sn-00000006-c0a7c1a5,web,2,dpp-section-view,Product Information,,mobile,DE-BY,synthetic
2026-08-05,session-01076,gmh-gruppe-sn-00000006-c0a7c1a5,web,3,dpp-document-open,Documents,Material Certificate.pdf,mobile,DE-BY,synthetic
2026-07-28,session-01077,mannstaedt-demo-002,qr,1,dpp-section-view,Documents,,desktop,BE-VLG,synthetic
2026-07-28,session-01077,mannstaedt-demo-002,qr,2,dpp-section-view,Overview,,desktop,BE-VLG,synthetic
2026-07-28,session-01077,mannstaedt-demo-002,qr,3,dpp-section-view,Materials,,desktop,BE-VLG,synthetic
2026-07-28,session-01077,mannstaedt-demo-002,qr,4,dpp-section-view,Product Information,,desktop,BE-VLG,synthetic
2026-07-28,session-01077,mannstaedt-demo-002,qr,5,dpp-section-view,Sustainability,,desktop,BE-VLG,synthetic
2026-06-14,session-01078,gmh-gruppe-sn-00000006-c0a7c1a5,web,1,dpp-section-view,Documents,,desktop,NL-NH,synthetic
2026-06-14,session-01078,gmh-gruppe-sn-00000006-c0a7c1a5,web,2,dpp-section-view,Traceability,,desktop,NL-NH,synthetic
2026-06-14,session-01078,gmh-gruppe-sn-00000006-c0a7c1a5,web,3,dpp-section-view,Sustainability,,desktop,NL-NH,synthetic
2026-06-14,session-01078,gmh-gruppe-sn-00000006-c0a7c1a5,web,4,dpp-section-view,Overview,,desktop,NL-NH,synthetic
2026-08-12,session-01079,gmh-gruppe-sn-00000006-c0a7c1a5,web,1,dpp-section-view,Overview,,mobile,DE-NW,synthetic
2026-07-04,session-01080,gmh-gruppe-sn-00000006-c0a7c1a5,qr,1,dpp-section-view,Overview,,desktop,DE-NW,synthetic
2026-07-04,session-01080,gmh-gruppe-sn-00000006-c0a7c1a5,qr,2,dpp-section-view,Sustainability,,desktop,DE-NW,synthetic
2026-07-04,session-01080,gmh-gruppe-sn-00000006-c0a7c1a5,qr,3,dpp-section-view,Traceability,,desktop,DE-NW,synthetic
2026-05-07,session-01081,gmh-gruppe-sn-00000006-c0a7c1a5,qr,1,dpp-section-view,Sustainability,,desktop,NL-NH,synthetic
2026-05-07,session-01081,gmh-gruppe-sn-00000006-c0a7c1a5,qr,2,dpp-section-view,Overview,,desktop,NL-NH,synthetic
2026-05-07,session-01081,gmh-gruppe-sn-00000006-c0a7c1a5,qr,3,dpp-section-view,Materials,,desktop,NL-NH,synthetic
2026-05-07,session-01081,gmh-gruppe-sn-00000006-c0a7c1a5,qr,4,dpp-section-view,Product Information,,desktop,NL-NH,synthetic
2026-05-07,session-01081,gmh-gruppe-sn-00000006-c0a7c1a5,qr,5,dpp-section-view,Traceability,,desktop,NL-NH,synthetic
2026-07-04,session-01082,gmh-gruppe-sn-00000006-c0a7c1a5,web,1,dpp-section-view,Materials,,desktop,NL-NH,synthetic
2026-07-04,session-01082,gmh-gruppe-sn-00000006-c0a7c1a5,web,2,dpp-section-view,Product Information,,desktop,NL-NH,synthetic
2026-07-04,session-01082,gmh-gruppe-sn-00000006-c0a7c1a5,web,3,dpp-section-view,Traceability,,desktop,NL-NH,synthetic
2026-07-04,session-01082,gmh-gruppe-sn-00000006-c0a7c1a5,web,4,dpp-section-view,Overview,,desktop,NL-NH,synthetic
2026-05-08,session-01083,gmh-gruppe-sn-00000006-c0a7c1a5,qr,1,dpp-section-view,Overview,,desktop,BE-VLG,synthetic
2026-05-08,session-01083,gmh-gruppe-sn-00000006-c0a7c1a5,qr,2,dpp-section-view,Materials,,desktop,BE-VLG,synthetic
2026-05-22,session-01084,mannstaedt-demo-002,qr,1,dpp-section-view,Documents,,mobile,BE-VLG,synthetic
2026-05-22,session-01084,mannstaedt-demo-002,qr,2,dpp-section-view,Overview,,mobile,BE-VLG,synthetic
2026-05-22,session-01084,mannstaedt-demo-002,qr,3,dpp-section-view,Materials,,mobile,BE-VLG,synthetic
2026-05-22,session-01084,mannstaedt-demo-002,qr,4,dpp-section-view,Sustainability,,mobile,BE-VLG,synthetic
2026-05-22,session-01084,mannstaedt-demo-002,qr,5,dpp-section-view,Product Information,,mobile,BE-VLG,synthetic
2026-05-22,session-01084,mannstaedt-demo-002,qr,6,dpp-section-view,Traceability,,mobile,BE-VLG,synthetic
2026-05-22,session-01084,mannstaedt-demo-002,qr,7,dpp-document-open,Documents,Sustainability Certificate.pdf,mobile,BE-VLG,synthetic
2026-05-22,session-01084,mannstaedt-demo-002,qr,8,dpp-document-open,Documents,Sustainability Certificate.pdf,mobile,BE-VLG,synthetic
2026-05-22,session-01084,mannstaedt-demo-002,qr,9,dpp-document-open,Documents,Sustainability Certificate.pdf,mobile,BE-VLG,synthetic
2026-08-19,session-01085,gmh-gruppe-sn-00000006-c0a7c1a5,web,1,dpp-section-view,Overview,,desktop,NL-NH,synthetic
2026-08-19,session-01085,gmh-gruppe-sn-00000006-c0a7c1a5,web,2,dpp-section-view,Materials,,desktop,NL-NH,synthetic
2026-08-19,session-01085,gmh-gruppe-sn-00000006-c0a7c1a5,web,3,dpp-section-view,Traceability,,desktop,NL-NH,synthetic
2026-08-19,session-01085,gmh-gruppe-sn-00000006-c0a7c1a5,web,4,dpp-section-view,Product Information,,desktop,NL-NH,synthetic
2026-07-19,session-01086,gmh-gruppe-sn-00000006-c0a7c1a5,qr,1,dpp-section-view,Overview,,desktop,NL-NH,synthetic
2026-07-19,session-01086,gmh-gruppe-sn-00000006-c0a7c1a5,qr,2,dpp-section-view,Documents,,desktop,NL-NH,synthetic
2026-07-19,session-01086,gmh-gruppe-sn-00000006-c0a7c1a5,qr,3,dpp-section-view,Sustainability,,desktop,NL-NH,synthetic
2026-07-19,session-01086,gmh-gruppe-sn-00000006-c0a7c1a5,qr,4,dpp-section-view,Materials,,desktop,NL-NH,synthetic
2026-07-19,session-01086,gmh-gruppe-sn-00000006-c0a7c1a5,qr,5,dpp-section-view,Product Information,,desktop,NL-NH,synthetic
2026-07-19,session-01086,gmh-gruppe-sn-00000006-c0a7c1a5,qr,6,dpp-section-view,Traceability,,desktop,NL-NH,synthetic
2026-06-07,session-01087,gmh-gruppe-sn-00000006-c0a7c1a5,web,1,dpp-section-view,Overview,,mobile,BE-VLG,synthetic
2026-06-07,session-01087,gmh-gruppe-sn-00000006-c0a7c1a5,web,2,dpp-section-view,Sustainability,,mobile,BE-VLG,synthetic
2026-06-07,session-01087,gmh-gruppe-sn-00000006-c0a7c1a5,web,3,dpp-section-view,Product Information,,mobile,BE-VLG,synthetic
2026-08-22,session-01088,gmh-gruppe-sn-00000006-c0a7c1a5,web,1,dpp-section-view,Overview,,mobile,BE-VLG,synthetic
2026-06-09,session-01089,gmh-gruppe-sn-00000006-c0a7c1a5,qr,1,dpp-section-view,Sustainability,,desktop,NL-NH,synthetic
2026-06-09,session-01089,gmh-gruppe-sn-00000006-c0a7c1a5,qr,2,dpp-section-view,Overview,,desktop,NL-NH,synthetic
2026-06-09,session-01089,gmh-gruppe-sn-00000006-c0a7c1a5,qr,3,dpp-section-view,Materials,,desktop,NL-NH,synthetic
2026-06-09,session-01089,gmh-gruppe-sn-00000006-c0a7c1a5,qr,4,dpp-section-view,Product Information,,desktop,NL-NH,synthetic
2026-06-09,session-01089,gmh-gruppe-sn-00000006-c0a7c1a5,qr,5,dpp-section-view,Traceability,,desktop,NL-NH,synthetic
2026-06-09,session-01089,gmh-gruppe-sn-00000006-c0a7c1a5,qr,6,dpp-section-view,Documents,,desktop,NL-NH,synthetic
2026-06-09,session-01089,gmh-gruppe-sn-00000006-c0a7c1a5,qr,7,dpp-document-open,Documents,Sustainability Certificate.pdf,desktop,NL-NH,synthetic
2026-06-09,session-01089,gmh-gruppe-sn-00000006-c0a7c1a5,qr,8,dpp-document-open,Documents,Material Certificate.pdf,desktop,NL-NH,synthetic
2026-06-09,session-01089,gmh-gruppe-sn-00000006-c0a7c1a5,qr,9,dpp-document-open,Documents,Sustainability Certificate.pdf,desktop,NL-NH,synthetic
2026-06-28,session-01090,gmh-gruppe-sn-00000006-c0a7c1a5,qr,1,dpp-section-view,Overview,,mobile,BE-VLG,synthetic
2026-07-15,session-01091,gmh-gruppe-sn-00000006-c0a7c1a5,qr,1,dpp-section-view,Documents,,desktop,DE-BE,synthetic
2026-07-15,session-01091,gmh-gruppe-sn-00000006-c0a7c1a5,qr,2,dpp-section-view,Sustainability,,desktop,DE-BE,synthetic
2026-07-15,session-01091,gmh-gruppe-sn-00000006-c0a7c1a5,qr,3,dpp-section-view,Overview,,desktop,DE-BE,synthetic
2026-07-15,session-01091,gmh-gruppe-sn-00000006-c0a7c1a5,qr,4,dpp-section-view,Traceability,,desktop,DE-BE,synthetic
2026-09-07,session-01092,mannstaedt-demo-003,qr,1,dpp-section-view,Overview,,mobile,DE-NW,synthetic
2026-07-10,session-01093,gmh-gruppe-sn-00000006-c0a7c1a5,web,1,dpp-section-view,Overview,,desktop,DE-BE,synthetic
2026-07-10,session-01093,gmh-gruppe-sn-00000006-c0a7c1a5,web,2,dpp-section-view,Materials,,desktop,DE-BE,synthetic
2026-07-10,session-01093,gmh-gruppe-sn-00000006-c0a7c1a5,web,3,dpp-section-view,Traceability,,desktop,DE-BE,synthetic
2026-07-10,session-01093,gmh-gruppe-sn-00000006-c0a7c1a5,web,4,dpp-section-view,Sustainability,,desktop,DE-BE,synthetic
2026-08-13,session-01094,gmh-gruppe-sn-00000006-c0a7c1a5,qr,1,dpp-section-view,Materials,,mobile,BE-VLG,synthetic
2026-08-13,session-01094,gmh-gruppe-sn-00000006-c0a7c1a5,qr,2,dpp-section-view,Sustainability,,mobile,BE-VLG,synthetic
2026-08-13,session-01094,gmh-gruppe-sn-00000006-c0a7c1a5,qr,3,dpp-section-view,Overview,,mobile,BE-VLG,synthetic
2026-08-13,session-01094,gmh-gruppe-sn-00000006-c0a7c1a5,qr,4,dpp-section-view,Documents,,mobile,BE-VLG,synthetic
2026-08-13,session-01094,gmh-gruppe-sn-00000006-c0a7c1a5,qr,5,dpp-section-view,Traceability,,mobile,BE-VLG,synthetic
2026-08-13,session-01094,gmh-gruppe-sn-00000006-c0a7c1a5,qr,6,dpp-section-view,Product Information,,mobile,BE-VLG,synthetic
2026-06-22,session-01095,gmh-gruppe-sn-00000006-c0a7c1a5,qr,1,dpp-section-view,Sustainability,,tablet,DE-BY,synthetic
2026-06-22,session-01095,gmh-gruppe-sn-00000006-c0a7c1a5,qr,2,dpp-section-view,Product Information,,tablet,DE-BY,synthetic
2026-06-22,session-01095,gmh-gruppe-sn-00000006-c0a7c1a5,qr,3,dpp-section-view,Documents,,tablet,DE-BY,synthetic
2026-06-22,session-01095,gmh-gruppe-sn-00000006-c0a7c1a5,qr,4,dpp-section-view,Overview,,tablet,DE-BY,synthetic
2026-06-22,session-01095,gmh-gruppe-sn-00000006-c0a7c1a5,qr,5,dpp-section-view,Traceability,,tablet,DE-BY,synthetic
2026-06-22,session-01095,gmh-gruppe-sn-00000006-c0a7c1a5,qr,6,dpp-section-view,Materials,,tablet,DE-BY,synthetic
2026-06-19,session-01096,mannstaedt-demo-003,qr,1,dpp-section-view,Overview,,mobile,DE-BE,synthetic
2026-06-19,session-01096,mannstaedt-demo-003,qr,2,dpp-section-view,Sustainability,,mobile,DE-BE,synthetic
2026-08-13,session-01097,mannstaedt-demo-002,web,1,dpp-section-view,Overview,,desktop,DE-BE,synthetic
2026-08-13,session-01097,mannstaedt-demo-002,web,2,dpp-section-view,Documents,,desktop,DE-BE,synthetic
2026-06-11,session-01098,gmh-gruppe-sn-00000006-c0a7c1a5,qr,1,dpp-section-view,Overview,,desktop,DE-BE,synthetic
2026-06-11,session-01098,gmh-gruppe-sn-00000006-c0a7c1a5,qr,2,dpp-section-view,Product Information,,desktop,DE-BE,synthetic
2026-06-11,session-01098,gmh-gruppe-sn-00000006-c0a7c1a5,qr,3,dpp-section-view,Sustainability,,desktop,DE-BE,synthetic
2026-06-11,session-01098,gmh-gruppe-sn-00000006-c0a7c1a5,qr,4,dpp-section-view,Traceability,,desktop,DE-BE,synthetic
2026-06-11,session-01098,gmh-gruppe-sn-00000006-c0a7c1a5,qr,5,dpp-section-view,Documents,,desktop,DE-BE,synthetic
2026-06-06,session-01099,gmh-gruppe-sn-00000006-c0a7c1a5,qr,1,dpp-section-view,Overview,,tablet,DE-BE,synthetic
2026-06-06,session-01099,gmh-gruppe-sn-00000006-c0a7c1a5,qr,2,dpp-section-view,Documents,,tablet,DE-BE,synthetic
2026-06-06,session-01099,gmh-gruppe-sn-00000006-c0a7c1a5,qr,3,dpp-section-view,Product Information,,tablet,DE-BE,synthetic
2026-06-06,session-01099,gmh-gruppe-sn-00000006-c0a7c1a5,qr,4,dpp-section-view,Materials,,tablet,DE-BE,synthetic
2026-06-10,session-01100,gmh-gruppe-sn-00000006-c0a7c1a5,qr,1,dpp-section-view,Overview,,tablet,DE-NW,synthetic
2026-06-10,session-01100,gmh-gruppe-sn-00000006-c0a7c1a5,qr,2,dpp-section-view,Materials,,tablet,DE-NW,synthetic
2026-06-10,session-01100,gmh-gruppe-sn-00000006-c0a7c1a5,qr,3,dpp-section-view,Product Information,,tablet,DE-NW,synthetic
2026-06-10,session-01100,gmh-gruppe-sn-00000006-c0a7c1a5,qr,4,dpp-section-view,Traceability,,tablet,DE-NW,synthetic
2026-06-10,session-01100,gmh-gruppe-sn-00000006-c0a7c1a5,qr,5,dpp-document-open,Documents,Sustainability Certificate.pdf,tablet,DE-NW,synthetic
2026-06-10,session-01100,gmh-gruppe-sn-00000006-c0a7c1a5,qr,6,dpp-document-open,Documents,Sustainability Certificate.pdf,tablet,DE-NW,synthetic
2026-06-10,session-01100,gmh-gruppe-sn-00000006-c0a7c1a5,qr,7,dpp-document-open,Documents,Declaration of Conformity.pdf,tablet,DE-NW,synthetic
2026-08-29,session-01101,gmh-gruppe-sn-00000006-c0a7c1a5,qr,1,dpp-section-view,Materials,,mobile,BE-VLG,synthetic
2026-08-29,session-01101,gmh-gruppe-sn-00000006-c0a7c1a5,qr,2,dpp-section-view,Overview,,mobile,BE-VLG,synthetic
2026-08-29,session-01101,gmh-gruppe-sn-00000006-c0a7c1a5,qr,3,dpp-section-view,Traceability,,mobile,BE-VLG,synthetic
2026-05-29,session-01102,gmh-gruppe-sn-00000006-c0a7c1a5,web,1,dpp-section-view,Overview,,desktop,DE-NW,synthetic
2026-05-29,session-01102,gmh-gruppe-sn-00000006-c0a7c1a5,web,2,dpp-section-view,Documents,,desktop,DE-NW,synthetic
2026-06-07,session-01103,gmh-gruppe-sn-00000006-c0a7c1a5,qr,1,dpp-section-view,Overview,,desktop,NL-NH,synthetic
2026-06-07,session-01103,gmh-gruppe-sn-00000006-c0a7c1a5,qr,2,dpp-section-view,Documents,,desktop,NL-NH,synthetic
2026-06-07,session-01103,gmh-gruppe-sn-00000006-c0a7c1a5,qr,3,dpp-section-view,Sustainability,,desktop,NL-NH,synthetic
2026-06-07,session-01103,gmh-gruppe-sn-00000006-c0a7c1a5,qr,4,dpp-section-view,Traceability,,desktop,NL-NH,synthetic
2026-07-03,session-01104,gmh-gruppe-sn-00000006-c0a7c1a5,qr,1,dpp-section-view,Overview,,desktop,DE-BY,synthetic
2026-07-03,session-01104,gmh-gruppe-sn-00000006-c0a7c1a5,qr,2,dpp-section-view,Sustainability,,desktop,DE-BY,synthetic
2026-06-15,session-01105,mannstaedt-demo-003,web,1,dpp-section-view,Overview,,mobile,NL-NH,synthetic
2026-06-15,session-01106,gmh-gruppe-sn-00000006-c0a7c1a5,qr,1,dpp-section-view,Overview,,desktop,NL-NH,synthetic
2026-07-24,session-01107,mannstaedt-demo-002,qr,1,dpp-section-view,Overview,,desktop,DE-NW,synthetic
2026-05-28,session-01108,gmh-gruppe-sn-00000006-c0a7c1a5,qr,1,dpp-section-view,Materials,,desktop,BE-VLG,synthetic
2026-05-28,session-01108,gmh-gruppe-sn-00000006-c0a7c1a5,qr,2,dpp-section-view,Documents,,desktop,BE-VLG,synthetic
2026-05-28,session-01108,gmh-gruppe-sn-00000006-c0a7c1a5,qr,3,dpp-section-view,Overview,,desktop,BE-VLG,synthetic
2026-05-28,session-01108,gmh-gruppe-sn-00000006-c0a7c1a5,qr,4,dpp-section-view,Sustainability,,desktop,BE-VLG,synthetic
2026-05-19,session-01109,mannstaedt-demo-002,web,1,dpp-section-view,Overview,,desktop,NL-NH,synthetic
2026-05-19,session-01109,mannstaedt-demo-002,web,2,dpp-section-view,Sustainability,,desktop,NL-NH,synthetic
2026-05-19,session-01109,mannstaedt-demo-002,web,3,dpp-section-view,Documents,,desktop,NL-NH,synthetic
2026-05-19,session-01109,mannstaedt-demo-002,web,4,dpp-section-view,Product Information,,desktop,NL-NH,synthetic
2026-08-19,session-01110,gmh-gruppe-sn-00000006-c0a7c1a5,qr,1,dpp-section-view,Overview,,desktop,DE-BE,synthetic
2026-06-16,session-01111,gmh-gruppe-sn-00000006-c0a7c1a5,qr,1,dpp-section-view,Sustainability,,desktop,DE-BE,synthetic
2026-06-16,session-01111,gmh-gruppe-sn-00000006-c0a7c1a5,qr,2,dpp-section-view,Product Information,,desktop,DE-BE,synthetic
2026-06-16,session-01111,gmh-gruppe-sn-00000006-c0a7c1a5,qr,3,dpp-section-view,Documents,,desktop,DE-BE,synthetic
2026-06-16,session-01111,gmh-gruppe-sn-00000006-c0a7c1a5,qr,4,dpp-section-view,Overview,,desktop,DE-BE,synthetic
2026-06-16,session-01111,gmh-gruppe-sn-00000006-c0a7c1a5,qr,5,dpp-document-open,Documents,Declaration of Conformity.pdf,desktop,DE-BE,synthetic
2026-06-16,session-01111,gmh-gruppe-sn-00000006-c0a7c1a5,qr,6,dpp-document-open,Documents,Declaration of Conformity.pdf,desktop,DE-BE,synthetic
2026-05-22,session-01112,gmh-gruppe-sn-00000006-c0a7c1a5,qr,1,dpp-section-view,Overview,,mobile,DE-BY,synthetic
2026-05-16,session-01113,gmh-gruppe-sn-00000006-c0a7c1a5,web,1,dpp-section-view,Overview,,mobile,BE-VLG,synthetic
2026-05-16,session-01113,gmh-gruppe-sn-00000006-c0a7c1a5,web,2,dpp-document-open,Documents,Sustainability Certificate.pdf,mobile,BE-VLG,synthetic
2026-08-30,session-01114,gmh-gruppe-sn-00000006-c0a7c1a5,web,1,dpp-section-view,Overview,,desktop,DE-NW,synthetic
2026-08-30,session-01114,gmh-gruppe-sn-00000006-c0a7c1a5,web,2,dpp-section-view,Sustainability,,desktop,DE-NW,synthetic
2026-05-19,session-01115,mannstaedt-demo-002,qr,1,dpp-section-view,Overview,,desktop,DE-NW,synthetic
2026-05-19,session-01115,mannstaedt-demo-002,qr,2,dpp-section-view,Traceability,,desktop,DE-NW,synthetic
2026-05-19,session-01115,mannstaedt-demo-002,qr,3,dpp-section-view,Product Information,,desktop,DE-NW,synthetic
2026-07-10,session-01116,mannstaedt-demo-002,qr,1,dpp-section-view,Overview,,desktop,NL-NH,synthetic
2026-07-10,session-01116,mannstaedt-demo-002,qr,2,dpp-section-view,Documents,,desktop,NL-NH,synthetic
2026-06-15,session-01117,gmh-gruppe-sn-00000006-c0a7c1a5,web,1,dpp-section-view,Overview,,desktop,NL-NH,synthetic
2026-06-15,session-01117,gmh-gruppe-sn-00000006-c0a7c1a5,web,2,dpp-section-view,Sustainability,,desktop,NL-NH,synthetic
2026-06-12,session-01118,gmh-gruppe-sn-00000006-c0a7c1a5,qr,1,dpp-section-view,Product Information,,desktop,DE-BY,synthetic
2026-06-12,session-01118,gmh-gruppe-sn-00000006-c0a7c1a5,qr,2,dpp-section-view,Sustainability,,desktop,DE-BY,synthetic
2026-06-12,session-01118,gmh-gruppe-sn-00000006-c0a7c1a5,qr,3,dpp-section-view,Overview,,desktop,DE-BY,synthetic
2026-06-30,session-01119,gmh-gruppe-sn-00000006-c0a7c1a5,qr,1,dpp-section-view,Overview,,desktop,DE-BE,synthetic
2026-06-30,session-01119,gmh-gruppe-sn-00000006-c0a7c1a5,qr,2,dpp-document-open,Documents,Technical Datasheet.pdf,desktop,DE-BE,synthetic
2026-06-11,session-01120,gmh-gruppe-sn-00000006-c0a7c1a5,qr,1,dpp-section-view,Overview,,tablet,DE-NW,synthetic
2026-05-27,session-01121,gmh-gruppe-sn-00000006-c0a7c1a5,qr,1,dpp-section-view,Traceability,,desktop,DE-BY,synthetic
2026-05-27,session-01121,gmh-gruppe-sn-00000006-c0a7c1a5,qr,2,dpp-section-view,Overview,,desktop,DE-BY,synthetic
2026-05-27,session-01121,gmh-gruppe-sn-00000006-c0a7c1a5,qr,3,dpp-section-view,Product Information,,desktop,DE-BY,synthetic
2026-05-27,session-01121,gmh-gruppe-sn-00000006-c0a7c1a5,qr,4,dpp-section-view,Sustainability,,desktop,DE-BY,synthetic
2026-05-27,session-01121,gmh-gruppe-sn-00000006-c0a7c1a5,qr,5,dpp-section-view,Materials,,desktop,DE-BY,synthetic
2026-07-18,session-01122,gmh-gruppe-sn-00000006-c0a7c1a5,qr,1,dpp-section-view,Overview,,desktop,NL-NH,synthetic
2026-07-18,session-01122,gmh-gruppe-sn-00000006-c0a7c1a5,qr,2,dpp-section-view,Traceability,,desktop,NL-NH,synthetic
2026-07-18,session-01122,gmh-gruppe-sn-00000006-c0a7c1a5,qr,3,dpp-section-view,Materials,,desktop,NL-NH,synthetic
2026-07-18,session-01122,gmh-gruppe-sn-00000006-c0a7c1a5,qr,4,dpp-section-view,Documents,,desktop,NL-NH,synthetic
2026-07-18,session-01122,gmh-gruppe-sn-00000006-c0a7c1a5,qr,5,dpp-section-view,Sustainability,,desktop,NL-NH,synthetic
2026-07-18,session-01122,gmh-gruppe-sn-00000006-c0a7c1a5,qr,6,dpp-section-view,Product Information,,desktop,NL-NH,synthetic
2026-07-11,session-01123,gmh-gruppe-sn-00000006-c0a7c1a5,qr,1,dpp-section-view,Overview,,desktop,BE-VLG,synthetic
2026-06-22,session-01124,gmh-gruppe-sn-00000006-c0a7c1a5,qr,1,dpp-section-view,Sustainability,,desktop,DE-NW,synthetic
2026-06-22,session-01124,gmh-gruppe-sn-00000006-c0a7c1a5,qr,2,dpp-section-view,Materials,,desktop,DE-NW,synthetic
2026-06-22,session-01124,gmh-gruppe-sn-00000006-c0a7c1a5,qr,3,dpp-section-view,Overview,,desktop,DE-NW,synthetic
2026-06-22,session-01124,gmh-gruppe-sn-00000006-c0a7c1a5,qr,4,dpp-document-open,Documents,Material Certificate.pdf,desktop,DE-NW,synthetic
2026-06-22,session-01124,gmh-gruppe-sn-00000006-c0a7c1a5,qr,5,dpp-document-open,Documents,Material Certificate.pdf,desktop,DE-NW,synthetic
2026-06-22,session-01124,gmh-gruppe-sn-00000006-c0a7c1a5,qr,6,dpp-document-open,Documents,Technical Datasheet.pdf,desktop,DE-NW,synthetic
2026-05-13,session-01125,mannstaedt-demo-003,qr,1,dpp-section-view,Overview,,mobile,NL-NH,synthetic
2026-05-13,session-01125,mannstaedt-demo-003,qr,2,dpp-section-view,Materials,,mobile,NL-NH,synthetic
2026-05-13,session-01125,mannstaedt-demo-003,qr,3,dpp-section-view,Sustainability,,mobile,NL-NH,synthetic
2026-05-13,session-01125,mannstaedt-demo-003,qr,4,dpp-document-open,Documents,Declaration of Conformity.pdf,mobile,NL-NH,synthetic
2026-06-01,session-01126,gmh-gruppe-sn-00000006-c0a7c1a5,qr,1,dpp-section-view,Overview,,mobile,BE-VLG,synthetic
2026-06-01,session-01126,gmh-gruppe-sn-00000006-c0a7c1a5,qr,2,dpp-section-view,Sustainability,,mobile,BE-VLG,synthetic
2026-06-01,session-01126,gmh-gruppe-sn-00000006-c0a7c1a5,qr,3,dpp-section-view,Product Information,,mobile,BE-VLG,synthetic
2026-05-29,session-01127,gmh-gruppe-sn-00000006-c0a7c1a5,qr,1,dpp-section-view,Overview,,desktop,DE-BY,synthetic
2026-05-29,session-01127,gmh-gruppe-sn-00000006-c0a7c1a5,qr,2,dpp-document-open,Documents,Sustainability Certificate.pdf,desktop,DE-BY,synthetic
2026-05-29,session-01127,gmh-gruppe-sn-00000006-c0a7c1a5,qr,3,dpp-document-open,Documents,Technical Datasheet.pdf,desktop,DE-BY,synthetic
2026-05-29,session-01127,gmh-gruppe-sn-00000006-c0a7c1a5,qr,4,dpp-document-open,Documents,Declaration of Conformity.pdf,desktop,DE-BY,synthetic
2026-05-06,session-01128,mannstaedt-demo-003,qr,1,dpp-section-view,Overview,,mobile,DE-BE,synthetic
2026-05-06,session-01128,mannstaedt-demo-003,qr,2,dpp-section-view,Materials,,mobile,DE-BE,synthetic
2026-05-18,session-01129,gmh-gruppe-sn-00000006-c0a7c1a5,web,1,dpp-section-view,Overview,,mobile,DE-BY,synthetic
2026-05-18,session-01129,gmh-gruppe-sn-00000006-c0a7c1a5,web,2,dpp-section-view,Traceability,,mobile,DE-BY,synthetic
2026-08-15,session-01130,gmh-gruppe-sn-00000006-c0a7c1a5,web,1,dpp-section-view,Overview,,desktop,DE-NW,synthetic
2026-08-15,session-01130,gmh-gruppe-sn-00000006-c0a7c1a5,web,2,dpp-section-view,Traceability,,desktop,DE-NW,synthetic
2026-07-04,session-01131,gmh-gruppe-sn-00000006-c0a7c1a5,qr,1,dpp-section-view,Overview,,mobile,DE-NW,synthetic
2026-07-04,session-01131,gmh-gruppe-sn-00000006-c0a7c1a5,qr,2,dpp-section-view,Documents,,mobile,DE-NW,synthetic
2026-07-04,session-01131,gmh-gruppe-sn-00000006-c0a7c1a5,qr,3,dpp-document-open,Documents,Technical Datasheet.pdf,mobile,DE-NW,synthetic
2026-07-04,session-01131,gmh-gruppe-sn-00000006-c0a7c1a5,qr,4,dpp-document-open,Documents,Material Certificate.pdf,mobile,DE-NW,synthetic
2026-07-04,session-01131,gmh-gruppe-sn-00000006-c0a7c1a5,qr,5,dpp-document-open,Documents,Declaration of Conformity.pdf,mobile,DE-NW,synthetic
2026-06-13,session-01132,mannstaedt-demo-003,qr,1,dpp-section-view,Overview,,mobile,BE-VLG,synthetic
2026-06-13,session-01132,mannstaedt-demo-003,qr,2,dpp-section-view,Product Information,,mobile,BE-VLG,synthetic
2026-06-13,session-01132,mannstaedt-demo-003,qr,3,dpp-section-view,Traceability,,mobile,BE-VLG,synthetic
2026-06-13,session-01132,mannstaedt-demo-003,qr,4,dpp-section-view,Sustainability,,mobile,BE-VLG,synthetic
2026-06-13,session-01132,mannstaedt-demo-003,qr,5,dpp-section-view,Materials,,mobile,BE-VLG,synthetic
2026-06-13,session-01132,mannstaedt-demo-003,qr,6,dpp-document-open,Documents,Technical Datasheet.pdf,mobile,BE-VLG,synthetic
2026-06-13,session-01132,mannstaedt-demo-003,qr,7,dpp-document-open,Documents,Material Certificate.pdf,mobile,BE-VLG,synthetic
2026-06-08,session-01133,gmh-gruppe-sn-00000006-c0a7c1a5,qr,1,dpp-section-view,Traceability,,desktop,DE-NW,synthetic
2026-06-08,session-01133,gmh-gruppe-sn-00000006-c0a7c1a5,qr,2,dpp-section-view,Overview,,desktop,DE-NW,synthetic
2026-06-08,session-01133,gmh-gruppe-sn-00000006-c0a7c1a5,qr,3,dpp-document-open,Documents,Declaration of Conformity.pdf,desktop,DE-NW,synthetic
2026-08-15,session-01134,mannstaedt-demo-002,qr,1,dpp-section-view,Overview,,tablet,DE-BY,synthetic
2026-08-15,session-01134,mannstaedt-demo-002,qr,2,dpp-section-view,Documents,,tablet,DE-BY,synthetic
2026-08-15,session-01134,mannstaedt-demo-002,qr,3,dpp-section-view,Product Information,,tablet,DE-BY,synthetic
2026-08-15,session-01134,mannstaedt-demo-002,qr,4,dpp-section-view,Sustainability,,tablet,DE-BY,synthetic
2026-08-15,session-01134,mannstaedt-demo-002,qr,5,dpp-document-open,Documents,Declaration of Conformity.pdf,tablet,DE-BY,synthetic
2026-08-15,session-01134,mannstaedt-demo-002,qr,6,dpp-document-open,Documents,Declaration of Conformity.pdf,tablet,DE-BY,synthetic
2026-08-15,session-01134,mannstaedt-demo-002,qr,7,dpp-document-open,Documents,Declaration of Conformity.pdf,tablet,DE-BY,synthetic
2026-08-13,session-01135,gmh-gruppe-sn-00000006-c0a7c1a5,web,1,dpp-section-view,Documents,,mobile,DE-NW,synthetic
2026-08-13,session-01135,gmh-gruppe-sn-00000006-c0a7c1a5,web,2,dpp-section-view,Overview,,mobile,DE-NW,synthetic
2026-05-20,session-01136,gmh-gruppe-sn-00000006-c0a7c1a5,qr,1,dpp-section-view,Overview,,mobile,BE-VLG,synthetic
2026-05-20,session-01136,gmh-gruppe-sn-00000006-c0a7c1a5,qr,2,dpp-section-view,Traceability,,mobile,BE-VLG,synthetic
2026-05-20,session-01136,gmh-gruppe-sn-00000006-c0a7c1a5,qr,3,dpp-section-view,Documents,,mobile,BE-VLG,synthetic
2026-05-20,session-01136,gmh-gruppe-sn-00000006-c0a7c1a5,qr,4,dpp-section-view,Product Information,,mobile,BE-VLG,synthetic
2026-05-20,session-01136,gmh-gruppe-sn-00000006-c0a7c1a5,qr,5,dpp-document-open,Documents,Technical Datasheet.pdf,mobile,BE-VLG,synthetic
2026-05-20,session-01136,gmh-gruppe-sn-00000006-c0a7c1a5,qr,6,dpp-document-open,Documents,Material Certificate.pdf,mobile,BE-VLG,synthetic
2026-06-06,session-01137,gmh-gruppe-sn-00000006-c0a7c1a5,qr,1,dpp-section-view,Product Information,,mobile,BE-VLG,synthetic
2026-06-06,session-01137,gmh-gruppe-sn-00000006-c0a7c1a5,qr,2,dpp-section-view,Traceability,,mobile,BE-VLG,synthetic
2026-06-06,session-01137,gmh-gruppe-sn-00000006-c0a7c1a5,qr,3,dpp-section-view,Overview,,mobile,BE-VLG,synthetic
2026-06-03,session-01138,mannstaedt-demo-003,qr,1,dpp-section-view,Overview,,desktop,DE-BE,synthetic
2026-06-03,session-01138,mannstaedt-demo-003,qr,2,dpp-section-view,Materials,,desktop,DE-BE,synthetic
2026-06-03,session-01138,mannstaedt-demo-003,qr,3,dpp-section-view,Sustainability,,desktop,DE-BE,synthetic
2026-05-07,session-01139,mannstaedt-demo-002,web,1,dpp-section-view,Overview,,desktop,NL-NH,synthetic
2026-05-07,session-01139,mannstaedt-demo-002,web,2,dpp-section-view,Product Information,,desktop,NL-NH,synthetic
2026-05-07,session-01139,mannstaedt-demo-002,web,3,dpp-document-open,Documents,Declaration of Conformity.pdf,desktop,NL-NH,synthetic
2026-05-07,session-01139,mannstaedt-demo-002,web,4,dpp-document-open,Documents,Material Certificate.pdf,desktop,NL-NH,synthetic
2026-06-03,session-01140,mannstaedt-demo-003,qr,1,dpp-section-view,Overview,,desktop,DE-NW,synthetic
2026-06-03,session-01140,mannstaedt-demo-003,qr,2,dpp-section-view,Documents,,desktop,DE-NW,synthetic
2026-06-03,session-01140,mannstaedt-demo-003,qr,3,dpp-section-view,Traceability,,desktop,DE-NW,synthetic
2026-06-03,session-01140,mannstaedt-demo-003,qr,4,dpp-section-view,Product Information,,desktop,DE-NW,synthetic
2026-06-03,session-01140,mannstaedt-demo-003,qr,5,dpp-document-open,Documents,Material Certificate.pdf,desktop,DE-NW,synthetic
2026-06-03,session-01140,mannstaedt-demo-003,qr,6,dpp-document-open,Documents,Technical Datasheet.pdf,desktop,DE-NW,synthetic
2026-06-03,session-01140,mannstaedt-demo-003,qr,7,dpp-document-open,Documents,Material Certificate.pdf,desktop,DE-NW,synthetic
2026-07-07,session-01141,mannstaedt-demo-002,web,1,dpp-section-view,Overview,,mobile,DE-BE,synthetic
2026-07-07,session-01141,mannstaedt-demo-002,web,2,dpp-document-open,Documents,Declaration of Conformity.pdf,mobile,DE-BE,synthetic
2026-09-04,session-01142,gmh-gruppe-sn-00000006-c0a7c1a5,web,1,dpp-section-view,Overview,,desktop,DE-NW,synthetic
2026-09-04,session-01142,gmh-gruppe-sn-00000006-c0a7c1a5,web,2,dpp-section-view,Product Information,,desktop,DE-NW,synthetic
2026-09-04,session-01142,gmh-gruppe-sn-00000006-c0a7c1a5,web,3,dpp-section-view,Materials,,desktop,DE-NW,synthetic
2026-08-12,session-01143,gmh-gruppe-sn-00000006-c0a7c1a5,web,1,dpp-section-view,Sustainability,,desktop,NL-NH,synthetic
2026-08-12,session-01143,gmh-gruppe-sn-00000006-c0a7c1a5,web,2,dpp-section-view,Overview,,desktop,NL-NH,synthetic
2026-08-29,session-01144,gmh-gruppe-sn-00000006-c0a7c1a5,qr,1,dpp-section-view,Product Information,,desktop,DE-BE,synthetic
2026-08-29,session-01144,gmh-gruppe-sn-00000006-c0a7c1a5,qr,2,dpp-section-view,Traceability,,desktop,DE-BE,synthetic
2026-08-29,session-01144,gmh-gruppe-sn-00000006-c0a7c1a5,qr,3,dpp-section-view,Overview,,desktop,DE-BE,synthetic
2026-08-29,session-01144,gmh-gruppe-sn-00000006-c0a7c1a5,qr,4,dpp-document-open,Documents,Technical Datasheet.pdf,desktop,DE-BE,synthetic
2026-08-29,session-01144,gmh-gruppe-sn-00000006-c0a7c1a5,qr,5,dpp-document-open,Documents,Technical Datasheet.pdf,desktop,DE-BE,synthetic
2026-08-29,session-01144,gmh-gruppe-sn-00000006-c0a7c1a5,qr,6,dpp-document-open,Documents,Technical Datasheet.pdf,desktop,DE-BE,synthetic
2026-08-20,session-01145,gmh-gruppe-sn-00000006-c0a7c1a5,qr,1,dpp-section-view,Overview,,mobile,DE-NW,synthetic
2026-08-20,session-01145,gmh-gruppe-sn-00000006-c0a7c1a5,qr,2,dpp-section-view,Product Information,,mobile,DE-NW,synthetic
2026-08-20,session-01145,gmh-gruppe-sn-00000006-c0a7c1a5,qr,3,dpp-section-view,Documents,,mobile,DE-NW,synthetic
2026-08-20,session-01145,gmh-gruppe-sn-00000006-c0a7c1a5,qr,4,dpp-document-open,Documents,Sustainability Certificate.pdf,mobile,DE-NW,synthetic
2026-08-20,session-01145,gmh-gruppe-sn-00000006-c0a7c1a5,qr,5,dpp-document-open,Documents,Sustainability Certificate.pdf,mobile,DE-NW,synthetic
2026-08-20,session-01145,gmh-gruppe-sn-00000006-c0a7c1a5,qr,6,dpp-document-open,Documents,Sustainability Certificate.pdf,mobile,DE-NW,synthetic
2026-08-12,session-01146,gmh-gruppe-sn-00000006-c0a7c1a5,qr,1,dpp-section-view,Overview,,desktop,NL-NH,synthetic
2026-08-12,session-01146,gmh-gruppe-sn-00000006-c0a7c1a5,qr,2,dpp-section-view,Materials,,desktop,NL-NH,synthetic
2026-08-12,session-01146,gmh-gruppe-sn-00000006-c0a7c1a5,qr,3,dpp-section-view,Product Information,,desktop,NL-NH,synthetic
2026-08-01,session-01147,gmh-gruppe-sn-00000006-c0a7c1a5,qr,1,dpp-section-view,Overview,,mobile,BE-VLG,synthetic
2026-08-01,session-01147,gmh-gruppe-sn-00000006-c0a7c1a5,qr,2,dpp-section-view,Product Information,,mobile,BE-VLG,synthetic
2026-06-26,session-01148,gmh-gruppe-sn-00000006-c0a7c1a5,qr,1,dpp-section-view,Overview,,mobile,DE-BE,synthetic
2026-06-26,session-01148,gmh-gruppe-sn-00000006-c0a7c1a5,qr,2,dpp-section-view,Traceability,,mobile,DE-BE,synthetic
2026-06-26,session-01148,gmh-gruppe-sn-00000006-c0a7c1a5,qr,3,dpp-section-view,Materials,,mobile,DE-BE,synthetic
2026-06-26,session-01148,gmh-gruppe-sn-00000006-c0a7c1a5,qr,4,dpp-section-view,Product Information,,mobile,DE-BE,synthetic
2026-06-26,session-01148,gmh-gruppe-sn-00000006-c0a7c1a5,qr,5,dpp-section-view,Sustainability,,mobile,DE-BE,synthetic
2026-06-26,session-01148,gmh-gruppe-sn-00000006-c0a7c1a5,qr,6,dpp-section-view,Documents,,mobile,DE-BE,synthetic
2026-06-26,session-01148,gmh-gruppe-sn-00000006-c0a7c1a5,qr,7,dpp-document-open,Documents,Declaration of Conformity.pdf,mobile,DE-BE,synthetic
2026-06-26,session-01148,gmh-gruppe-sn-00000006-c0a7c1a5,qr,8,dpp-document-open,Documents,Declaration of Conformity.pdf,mobile,DE-BE,synthetic
2026-06-26,session-01148,gmh-gruppe-sn-00000006-c0a7c1a5,qr,9,dpp-document-open,Documents,Material Certificate.pdf,mobile,DE-BE,synthetic
2026-06-26,session-01149,gmh-gruppe-sn-00000006-c0a7c1a5,qr,1,dpp-section-view,Overview,,mobile,DE-NW,synthetic
2026-06-26,session-01149,gmh-gruppe-sn-00000006-c0a7c1a5,qr,2,dpp-section-view,Traceability,,mobile,DE-NW,synthetic
2026-06-26,session-01149,gmh-gruppe-sn-00000006-c0a7c1a5,qr,3,dpp-section-view,Materials,,mobile,DE-NW,synthetic
2026-06-26,session-01149,gmh-gruppe-sn-00000006-c0a7c1a5,qr,4,dpp-section-view,Product Information,,mobile,DE-NW,synthetic
2026-06-26,session-01149,gmh-gruppe-sn-00000006-c0a7c1a5,qr,5,dpp-document-open,Documents,Material Certificate.pdf,mobile,DE-NW,synthetic
2026-06-26,session-01149,gmh-gruppe-sn-00000006-c0a7c1a5,qr,6,dpp-document-open,Documents,Declaration of Conformity.pdf,mobile,DE-NW,synthetic
2026-08-27,session-01150,gmh-gruppe-sn-00000006-c0a7c1a5,web,1,dpp-section-view,Overview,,mobile,DE-BY,synthetic
2026-08-27,session-01150,gmh-gruppe-sn-00000006-c0a7c1a5,web,2,dpp-section-view,Product Information,,mobile,DE-BY,synthetic
2026-08-27,session-01150,gmh-gruppe-sn-00000006-c0a7c1a5,web,3,dpp-section-view,Documents,,mobile,DE-BY,synthetic
2026-08-27,session-01150,gmh-gruppe-sn-00000006-c0a7c1a5,web,4,dpp-section-view,Sustainability,,mobile,DE-BY,synthetic
2026-08-27,session-01150,gmh-gruppe-sn-00000006-c0a7c1a5,web,5,dpp-document-open,Documents,Sustainability Certificate.pdf,mobile,DE-BY,synthetic
2026-08-27,session-01150,gmh-gruppe-sn-00000006-c0a7c1a5,web,6,dpp-document-open,Documents,Sustainability Certificate.pdf,mobile,DE-BY,synthetic
2026-08-27,session-01150,gmh-gruppe-sn-00000006-c0a7c1a5,web,7,dpp-document-open,Documents,Sustainability Certificate.pdf,mobile,DE-BY,synthetic
2026-05-15,session-01151,mannstaedt-demo-003,qr,1,dpp-section-view,Documents,,desktop,DE-BY,synthetic
2026-05-15,session-01151,mannstaedt-demo-003,qr,2,dpp-section-view,Sustainability,,desktop,DE-BY,synthetic
2026-05-15,session-01151,mannstaedt-demo-003,qr,3,dpp-section-view,Overview,,desktop,DE-BY,synthetic
2026-05-31,session-01152,gmh-gruppe-sn-00000006-c0a7c1a5,qr,1,dpp-section-view,Overview,,mobile,BE-VLG,synthetic
2026-05-17,session-01153,gmh-gruppe-sn-00000006-c0a7c1a5,qr,1,dpp-section-view,Product Information,,desktop,DE-BY,synthetic
2026-05-17,session-01153,gmh-gruppe-sn-00000006-c0a7c1a5,qr,2,dpp-section-view,Materials,,desktop,DE-BY,synthetic
2026-05-17,session-01153,gmh-gruppe-sn-00000006-c0a7c1a5,qr,3,dpp-section-view,Overview,,desktop,DE-BY,synthetic
2026-05-17,session-01153,gmh-gruppe-sn-00000006-c0a7c1a5,qr,4,dpp-document-open,Documents,Sustainability Certificate.pdf,desktop,DE-BY,synthetic
2026-06-12,session-01154,mannstaedt-demo-002,qr,1,dpp-section-view,Overview,,desktop,DE-NW,synthetic
2026-06-12,session-01154,mannstaedt-demo-002,qr,2,dpp-section-view,Materials,,desktop,DE-NW,synthetic
2026-06-12,session-01154,mannstaedt-demo-002,qr,3,dpp-section-view,Sustainability,,desktop,DE-NW,synthetic
2026-06-12,session-01154,mannstaedt-demo-002,qr,4,dpp-section-view,Product Information,,desktop,DE-NW,synthetic
2026-05-21,session-01155,gmh-gruppe-sn-00000006-c0a7c1a5,web,1,dpp-section-view,Overview,,mobile,DE-BY,synthetic
2026-05-21,session-01156,mannstaedt-demo-003,web,1,dpp-section-view,Overview,,mobile,NL-NH,synthetic
2026-05-26,session-01157,gmh-gruppe-sn-00000006-c0a7c1a5,qr,1,dpp-section-view,Overview,,desktop,NL-NH,synthetic
2026-05-26,session-01157,gmh-gruppe-sn-00000006-c0a7c1a5,qr,2,dpp-section-view,Product Information,,desktop,NL-NH,synthetic
2026-05-26,session-01157,gmh-gruppe-sn-00000006-c0a7c1a5,qr,3,dpp-section-view,Documents,,desktop,NL-NH,synthetic
2026-05-26,session-01157,gmh-gruppe-sn-00000006-c0a7c1a5,qr,4,dpp-section-view,Materials,,desktop,NL-NH,synthetic
2026-08-09,session-01158,gmh-gruppe-sn-00000006-c0a7c1a5,qr,1,dpp-section-view,Traceability,,desktop,DE-BY,synthetic
2026-08-09,session-01158,gmh-gruppe-sn-00000006-c0a7c1a5,qr,2,dpp-section-view,Overview,,desktop,DE-BY,synthetic
2026-08-09,session-01158,gmh-gruppe-sn-00000006-c0a7c1a5,qr,3,dpp-section-view,Materials,,desktop,DE-BY,synthetic
2026-08-09,session-01158,gmh-gruppe-sn-00000006-c0a7c1a5,qr,4,dpp-section-view,Product Information,,desktop,DE-BY,synthetic
2026-08-07,session-01159,gmh-gruppe-sn-00000006-c0a7c1a5,web,1,dpp-section-view,Materials,,mobile,NL-NH,synthetic
2026-08-07,session-01159,gmh-gruppe-sn-00000006-c0a7c1a5,web,2,dpp-section-view,Overview,,mobile,NL-NH,synthetic
2026-08-07,session-01159,gmh-gruppe-sn-00000006-c0a7c1a5,web,3,dpp-section-view,Product Information,,mobile,NL-NH,synthetic
2026-08-07,session-01159,gmh-gruppe-sn-00000006-c0a7c1a5,web,4,dpp-section-view,Documents,,mobile,NL-NH,synthetic
2026-08-07,session-01159,gmh-gruppe-sn-00000006-c0a7c1a5,web,5,dpp-document-open,Documents,Sustainability Certificate.pdf,mobile,NL-NH,synthetic
2026-08-07,session-01159,gmh-gruppe-sn-00000006-c0a7c1a5,web,6,dpp-document-open,Documents,Technical Datasheet.pdf,mobile,NL-NH,synthetic
2026-06-08,session-01160,gmh-gruppe-sn-00000006-c0a7c1a5,web,1,dpp-section-view,Overview,,mobile,BE-VLG,synthetic
2026-06-08,session-01160,gmh-gruppe-sn-00000006-c0a7c1a5,web,2,dpp-section-view,Product Information,,mobile,BE-VLG,synthetic
2026-06-08,session-01160,gmh-gruppe-sn-00000006-c0a7c1a5,web,3,dpp-section-view,Traceability,,mobile,BE-VLG,synthetic
2026-06-08,session-01160,gmh-gruppe-sn-00000006-c0a7c1a5,web,4,dpp-section-view,Documents,,mobile,BE-VLG,synthetic
2026-06-08,session-01160,gmh-gruppe-sn-00000006-c0a7c1a5,web,5,dpp-section-view,Materials,,mobile,BE-VLG,synthetic
2026-06-17,session-01161,gmh-gruppe-sn-00000006-c0a7c1a5,web,1,dpp-section-view,Overview,,desktop,DE-NW,synthetic
2026-06-17,session-01161,gmh-gruppe-sn-00000006-c0a7c1a5,web,2,dpp-section-view,Documents,,desktop,DE-NW,synthetic
2026-06-17,session-01161,gmh-gruppe-sn-00000006-c0a7c1a5,web,3,dpp-section-view,Materials,,desktop,DE-NW,synthetic
2026-06-17,session-01161,gmh-gruppe-sn-00000006-c0a7c1a5,web,4,dpp-section-view,Sustainability,,desktop,DE-NW,synthetic
2026-08-06,session-01162,gmh-gruppe-sn-00000006-c0a7c1a5,qr,1,dpp-section-view,Overview,,mobile,NL-NH,synthetic
2026-08-06,session-01162,gmh-gruppe-sn-00000006-c0a7c1a5,qr,2,dpp-section-view,Traceability,,mobile,NL-NH,synthetic
2026-05-27,session-01163,gmh-gruppe-sn-00000006-c0a7c1a5,web,1,dpp-section-view,Materials,,mobile,BE-VLG,synthetic
2026-05-27,session-01163,gmh-gruppe-sn-00000006-c0a7c1a5,web,2,dpp-section-view,Product Information,,mobile,BE-VLG,synthetic
2026-05-27,session-01163,gmh-gruppe-sn-00000006-c0a7c1a5,web,3,dpp-section-view,Traceability,,mobile,BE-VLG,synthetic
2026-05-27,session-01163,gmh-gruppe-sn-00000006-c0a7c1a5,web,4,dpp-section-view,Overview,,mobile,BE-VLG,synthetic
2026-05-08,session-01164,gmh-gruppe-sn-00000006-c0a7c1a5,qr,1,dpp-section-view,Overview,,mobile,DE-BE,synthetic
2026-07-17,session-01165,gmh-gruppe-sn-00000006-c0a7c1a5,web,1,dpp-section-view,Overview,,desktop,DE-BE,synthetic
2026-08-20,session-01166,mannstaedt-demo-002,web,1,dpp-section-view,Overview,,mobile,BE-VLG,synthetic
2026-08-20,session-01166,mannstaedt-demo-002,web,2,dpp-section-view,Product Information,,mobile,BE-VLG,synthetic
2026-08-20,session-01166,mannstaedt-demo-002,web,3,dpp-section-view,Sustainability,,mobile,BE-VLG,synthetic
2026-06-16,session-01167,mannstaedt-demo-002,qr,1,dpp-section-view,Overview,,desktop,DE-BE,synthetic
2026-06-16,session-01167,mannstaedt-demo-002,qr,2,dpp-section-view,Documents,,desktop,DE-BE,synthetic
2026-06-10,session-01168,gmh-gruppe-sn-00000006-c0a7c1a5,web,1,dpp-section-view,Overview,,tablet,DE-BY,synthetic
2026-06-10,session-01168,gmh-gruppe-sn-00000006-c0a7c1a5,web,2,dpp-section-view,Product Information,,tablet,DE-BY,synthetic
2026-06-10,session-01168,gmh-gruppe-sn-00000006-c0a7c1a5,web,3,dpp-document-open,Documents,Declaration of Conformity.pdf,tablet,DE-BY,synthetic
2026-06-10,session-01168,gmh-gruppe-sn-00000006-c0a7c1a5,web,4,dpp-document-open,Documents,Technical Datasheet.pdf,tablet,DE-BY,synthetic
2026-05-22,session-01169,mannstaedt-demo-002,qr,1,dpp-section-view,Overview,,mobile,BE-VLG,synthetic
2026-05-22,session-01169,mannstaedt-demo-002,qr,2,dpp-section-view,Sustainability,,mobile,BE-VLG,synthetic
2026-05-22,session-01169,mannstaedt-demo-002,qr,3,dpp-section-view,Product Information,,mobile,BE-VLG,synthetic
2026-07-03,session-01170,gmh-gruppe-sn-00000006-c0a7c1a5,qr,1,dpp-section-view,Overview,,desktop,DE-BY,synthetic
2026-07-03,session-01170,gmh-gruppe-sn-00000006-c0a7c1a5,qr,2,dpp-section-view,Traceability,,desktop,DE-BY,synthetic
2026-05-02,session-01171,gmh-gruppe-sn-00000006-c0a7c1a5,web,1,dpp-section-view,Overview,,desktop,NL-NH,synthetic
2026-05-02,session-01171,gmh-gruppe-sn-00000006-c0a7c1a5,web,2,dpp-section-view,Product Information,,desktop,NL-NH,synthetic
2026-05-02,session-01171,gmh-gruppe-sn-00000006-c0a7c1a5,web,3,dpp-section-view,Materials,,desktop,NL-NH,synthetic
2026-08-19,session-01172,gmh-gruppe-sn-00000006-c0a7c1a5,web,1,dpp-section-view,Overview,,mobile,DE-NW,synthetic
2026-08-24,session-01173,gmh-gruppe-sn-00000006-c0a7c1a5,web,1,dpp-section-view,Overview,,mobile,DE-BE,synthetic
2026-08-24,session-01173,gmh-gruppe-sn-00000006-c0a7c1a5,web,2,dpp-section-view,Traceability,,mobile,DE-BE,synthetic
2026-07-10,session-01174,mannstaedt-demo-003,qr,1,dpp-section-view,Overview,,tablet,BE-VLG,synthetic
2026-07-10,session-01174,mannstaedt-demo-003,qr,2,dpp-section-view,Product Information,,tablet,BE-VLG,synthetic
2026-07-10,session-01174,mannstaedt-demo-003,qr,3,dpp-section-view,Sustainability,,tablet,BE-VLG,synthetic
2026-07-10,session-01174,mannstaedt-demo-003,qr,4,dpp-document-open,Documents,Material Certificate.pdf,tablet,BE-VLG,synthetic
2026-08-11,session-01175,gmh-gruppe-sn-00000006-c0a7c1a5,qr,1,dpp-section-view,Overview,,mobile,DE-BY,synthetic
2026-08-11,session-01175,gmh-gruppe-sn-00000006-c0a7c1a5,qr,2,dpp-section-view,Sustainability,,mobile,DE-BY,synthetic
2026-08-11,session-01175,gmh-gruppe-sn-00000006-c0a7c1a5,qr,3,dpp-document-open,Documents,Sustainability Certificate.pdf,mobile,DE-BY,synthetic
2026-08-11,session-01175,gmh-gruppe-sn-00000006-c0a7c1a5,qr,4,dpp-document-open,Documents,Sustainability Certificate.pdf,mobile,DE-BY,synthetic
2026-05-06,session-01176,gmh-gruppe-sn-00000006-c0a7c1a5,qr,1,dpp-section-view,Overview,,mobile,DE-NW,synthetic
2026-05-06,session-01176,gmh-gruppe-sn-00000006-c0a7c1a5,qr,2,dpp-section-view,Sustainability,,mobile,DE-NW,synthetic
2026-05-06,session-01176,gmh-gruppe-sn-00000006-c0a7c1a5,qr,3,dpp-section-view,Documents,,mobile,DE-NW,synthetic
2026-05-06,session-01176,gmh-gruppe-sn-00000006-c0a7c1a5,qr,4,dpp-section-view,Materials,,mobile,DE-NW,synthetic
2026-06-04,session-01177,gmh-gruppe-sn-00000006-c0a7c1a5,web,1,dpp-section-view,Overview,,mobile,BE-VLG,synthetic
2026-06-04,session-01177,gmh-gruppe-sn-00000006-c0a7c1a5,web,2,dpp-section-view,Sustainability,,mobile,BE-VLG,synthetic
2026-06-04,session-01177,gmh-gruppe-sn-00000006-c0a7c1a5,web,3,dpp-document-open,Documents,Declaration of Conformity.pdf,mobile,BE-VLG,synthetic
2026-06-04,session-01177,gmh-gruppe-sn-00000006-c0a7c1a5,web,4,dpp-document-open,Documents,Material Certificate.pdf,mobile,BE-VLG,synthetic
2026-06-04,session-01177,gmh-gruppe-sn-00000006-c0a7c1a5,web,5,dpp-document-open,Documents,Sustainability Certificate.pdf,mobile,BE-VLG,synthetic
2026-05-17,session-01178,gmh-gruppe-sn-00000006-c0a7c1a5,qr,1,dpp-section-view,Documents,,desktop,NL-NH,synthetic
2026-05-17,session-01178,gmh-gruppe-sn-00000006-c0a7c1a5,qr,2,dpp-section-view,Product Information,,desktop,NL-NH,synthetic
2026-05-17,session-01178,gmh-gruppe-sn-00000006-c0a7c1a5,qr,3,dpp-section-view,Overview,,desktop,NL-NH,synthetic
2026-08-25,session-01179,gmh-gruppe-sn-00000006-c0a7c1a5,web,1,dpp-section-view,Overview,,mobile,BE-VLG,synthetic
2026-08-25,session-01179,gmh-gruppe-sn-00000006-c0a7c1a5,web,2,dpp-section-view,Materials,,mobile,BE-VLG,synthetic
2026-08-25,session-01179,gmh-gruppe-sn-00000006-c0a7c1a5,web,3,dpp-document-open,Documents,Declaration of Conformity.pdf,mobile,BE-VLG,synthetic
2026-08-25,session-01179,gmh-gruppe-sn-00000006-c0a7c1a5,web,4,dpp-document-open,Documents,Declaration of Conformity.pdf,mobile,BE-VLG,synthetic
2026-08-25,session-01179,gmh-gruppe-sn-00000006-c0a7c1a5,web,5,dpp-document-open,Documents,Material Certificate.pdf,mobile,BE-VLG,synthetic
2026-08-30,session-01180,gmh-gruppe-sn-00000006-c0a7c1a5,qr,1,dpp-section-view,Overview,,mobile,DE-NW,synthetic
2026-08-30,session-01180,gmh-gruppe-sn-00000006-c0a7c1a5,qr,2,dpp-section-view,Materials,,mobile,DE-NW,synthetic
2026-08-30,session-01180,gmh-gruppe-sn-00000006-c0a7c1a5,qr,3,dpp-document-open,Documents,Declaration of Conformity.pdf,mobile,DE-NW,synthetic
2026-08-30,session-01180,gmh-gruppe-sn-00000006-c0a7c1a5,qr,4,dpp-document-open,Documents,Declaration of Conformity.pdf,mobile,DE-NW,synthetic
2026-08-30,session-01180,gmh-gruppe-sn-00000006-c0a7c1a5,qr,5,dpp-document-open,Documents,Material Certificate.pdf,mobile,DE-NW,synthetic
2026-07-20,session-01181,mannstaedt-demo-003,qr,1,dpp-section-view,Documents,,mobile,DE-BE,synthetic
2026-07-20,session-01181,mannstaedt-demo-003,qr,2,dpp-section-view,Overview,,mobile,DE-BE,synthetic
2026-07-20,session-01181,mannstaedt-demo-003,qr,3,dpp-section-view,Sustainability,,mobile,DE-BE,synthetic
2026-07-20,session-01181,mannstaedt-demo-003,qr,4,dpp-document-open,Documents,Declaration of Conformity.pdf,mobile,DE-BE,synthetic
2026-07-20,session-01181,mannstaedt-demo-003,qr,5,dpp-document-open,Documents,Declaration of Conformity.pdf,mobile,DE-BE,synthetic
2026-06-03,session-01182,mannstaedt-demo-002,qr,1,dpp-section-view,Overview,,mobile,DE-BE,synthetic
2026-06-03,session-01182,mannstaedt-demo-002,qr,2,dpp-section-view,Sustainability,,mobile,DE-BE,synthetic
2026-08-14,session-01183,gmh-gruppe-sn-00000006-c0a7c1a5,qr,1,dpp-section-view,Materials,,desktop,BE-VLG,synthetic
2026-08-14,session-01183,gmh-gruppe-sn-00000006-c0a7c1a5,qr,2,dpp-section-view,Overview,,desktop,BE-VLG,synthetic
2026-08-14,session-01183,gmh-gruppe-sn-00000006-c0a7c1a5,qr,3,dpp-section-view,Traceability,,desktop,BE-VLG,synthetic
2026-08-14,session-01183,gmh-gruppe-sn-00000006-c0a7c1a5,qr,4,dpp-section-view,Sustainability,,desktop,BE-VLG,synthetic
2026-06-12,session-01184,gmh-gruppe-sn-00000006-c0a7c1a5,web,1,dpp-section-view,Overview,,mobile,BE-VLG,synthetic
2026-06-12,session-01184,gmh-gruppe-sn-00000006-c0a7c1a5,web,2,dpp-section-view,Product Information,,mobile,BE-VLG,synthetic
2026-06-12,session-01184,gmh-gruppe-sn-00000006-c0a7c1a5,web,3,dpp-section-view,Materials,,mobile,BE-VLG,synthetic
2026-06-12,session-01184,gmh-gruppe-sn-00000006-c0a7c1a5,web,4,dpp-section-view,Documents,,mobile,BE-VLG,synthetic
2026-06-12,session-01184,gmh-gruppe-sn-00000006-c0a7c1a5,web,5,dpp-section-view,Traceability,,mobile,BE-VLG,synthetic
2026-06-12,session-01184,gmh-gruppe-sn-00000006-c0a7c1a5,web,6,dpp-section-view,Sustainability,,mobile,BE-VLG,synthetic
2026-09-01,session-01185,gmh-gruppe-sn-00000006-c0a7c1a5,qr,1,dpp-section-view,Traceability,,desktop,NL-NH,synthetic
2026-09-01,session-01185,gmh-gruppe-sn-00000006-c0a7c1a5,qr,2,dpp-section-view,Overview,,desktop,NL-NH,synthetic
2026-09-01,session-01185,gmh-gruppe-sn-00000006-c0a7c1a5,qr,3,dpp-section-view,Materials,,desktop,NL-NH,synthetic
2026-09-01,session-01185,gmh-gruppe-sn-00000006-c0a7c1a5,qr,4,dpp-section-view,Product Information,,desktop,NL-NH,synthetic
2026-08-17,session-01186,mannstaedt-demo-003,web,1,dpp-section-view,Overview,,mobile,BE-VLG,synthetic
2026-08-17,session-01186,mannstaedt-demo-003,web,2,dpp-section-view,Materials,,mobile,BE-VLG,synthetic
2026-08-17,session-01186,mannstaedt-demo-003,web,3,dpp-section-view,Documents,,mobile,BE-VLG,synthetic
2026-08-17,session-01186,mannstaedt-demo-003,web,4,dpp-document-open,Documents,Material Certificate.pdf,mobile,BE-VLG,synthetic
2026-05-25,session-01187,gmh-gruppe-sn-00000006-c0a7c1a5,web,1,dpp-section-view,Overview,,desktop,BE-VLG,synthetic
2026-05-25,session-01187,gmh-gruppe-sn-00000006-c0a7c1a5,web,2,dpp-section-view,Traceability,,desktop,BE-VLG,synthetic
2026-06-26,session-01188,gmh-gruppe-sn-00000006-c0a7c1a5,web,1,dpp-section-view,Overview,,mobile,DE-BE,synthetic
2026-06-26,session-01188,gmh-gruppe-sn-00000006-c0a7c1a5,web,2,dpp-section-view,Documents,,mobile,DE-BE,synthetic
2026-08-07,session-01189,mannstaedt-demo-002,qr,1,dpp-section-view,Overview,,desktop,DE-BE,synthetic
2026-08-07,session-01189,mannstaedt-demo-002,qr,2,dpp-section-view,Sustainability,,desktop,DE-BE,synthetic
2026-08-07,session-01189,mannstaedt-demo-002,qr,3,dpp-section-view,Documents,,desktop,DE-BE,synthetic
2026-05-15,session-01190,gmh-gruppe-sn-00000006-c0a7c1a5,qr,1,dpp-section-view,Overview,,desktop,BE-VLG,synthetic
2026-05-15,session-01190,gmh-gruppe-sn-00000006-c0a7c1a5,qr,2,dpp-section-view,Materials,,desktop,BE-VLG,synthetic
2026-05-15,session-01190,gmh-gruppe-sn-00000006-c0a7c1a5,qr,3,dpp-section-view,Documents,,desktop,BE-VLG,synthetic
2026-06-01,session-01191,gmh-gruppe-sn-00000006-c0a7c1a5,qr,1,dpp-section-view,Materials,,desktop,DE-BE,synthetic
2026-06-01,session-01191,gmh-gruppe-sn-00000006-c0a7c1a5,qr,2,dpp-section-view,Traceability,,desktop,DE-BE,synthetic
2026-06-01,session-01191,gmh-gruppe-sn-00000006-c0a7c1a5,qr,3,dpp-section-view,Product Information,,desktop,DE-BE,synthetic
2026-06-01,session-01191,gmh-gruppe-sn-00000006-c0a7c1a5,qr,4,dpp-section-view,Sustainability,,desktop,DE-BE,synthetic
2026-06-01,session-01191,gmh-gruppe-sn-00000006-c0a7c1a5,qr,5,dpp-section-view,Documents,,desktop,DE-BE,synthetic
2026-06-01,session-01191,gmh-gruppe-sn-00000006-c0a7c1a5,qr,6,dpp-section-view,Overview,,desktop,DE-BE,synthetic
2026-06-09,session-01192,gmh-gruppe-sn-00000006-c0a7c1a5,qr,1,dpp-section-view,Overview,,desktop,DE-BY,synthetic
2026-08-15,session-01193,mannstaedt-demo-003,qr,1,dpp-section-view,Overview,,desktop,DE-BE,synthetic
2026-08-15,session-01193,mannstaedt-demo-003,qr,2,dpp-section-view,Sustainability,,desktop,DE-BE,synthetic
2026-05-31,session-01194,mannstaedt-demo-003,qr,1,dpp-section-view,Overview,,desktop,DE-BE,synthetic
2026-05-31,session-01194,mannstaedt-demo-003,qr,2,dpp-section-view,Sustainability,,desktop,DE-BE,synthetic
2026-05-08,session-01195,gmh-gruppe-sn-00000006-c0a7c1a5,qr,1,dpp-section-view,Traceability,,desktop,NL-NH,synthetic
2026-05-08,session-01195,gmh-gruppe-sn-00000006-c0a7c1a5,qr,2,dpp-section-view,Overview,,desktop,NL-NH,synthetic
2026-05-08,session-01195,gmh-gruppe-sn-00000006-c0a7c1a5,qr,3,dpp-section-view,Sustainability,,desktop,NL-NH,synthetic
2026-07-25,session-01196,mannstaedt-demo-003,web,1,dpp-section-view,Sustainability,,desktop,DE-BY,synthetic
2026-07-25,session-01196,mannstaedt-demo-003,web,2,dpp-section-view,Overview,,desktop,DE-BY,synthetic
2026-07-25,session-01196,mannstaedt-demo-003,web,3,dpp-section-view,Traceability,,desktop,DE-BY,synthetic
2026-06-11,session-01197,mannstaedt-demo-002,web,1,dpp-section-view,Overview,,desktop,NL-NH,synthetic
2026-06-11,session-01197,mannstaedt-demo-002,web,2,dpp-section-view,Traceability,,desktop,NL-NH,synthetic
2026-06-11,session-01197,mannstaedt-demo-002,web,3,dpp-section-view,Sustainability,,desktop,NL-NH,synthetic
2026-06-11,session-01197,mannstaedt-demo-002,web,4,dpp-document-open,Documents,Technical Datasheet.pdf,desktop,NL-NH,synthetic
2026-05-28,session-01198,gmh-gruppe-sn-00000006-c0a7c1a5,qr,1,dpp-section-view,Overview,,mobile,DE-NW,synthetic
2026-05-28,session-01198,gmh-gruppe-sn-00000006-c0a7c1a5,qr,2,dpp-section-view,Traceability,,mobile,DE-NW,synthetic
2026-05-28,session-01198,gmh-gruppe-sn-00000006-c0a7c1a5,qr,3,dpp-section-view,Product Information,,mobile,DE-NW,synthetic
2026-05-30,session-01199,gmh-gruppe-sn-00000006-c0a7c1a5,web,1,dpp-section-view,Overview,,desktop,NL-NH,synthetic
2026-08-28,session-01200,gmh-gruppe-sn-00000006-c0a7c1a5,qr,1,dpp-section-view,Overview,,desktop,NL-NH,synthetic
2026-08-28,session-01200,gmh-gruppe-sn-00000006-c0a7c1a5,qr,2,dpp-section-view,Documents,,desktop,NL-NH,synthetic
2026-08-28,session-01200,gmh-gruppe-sn-00000006-c0a7c1a5,qr,3,dpp-section-view,Traceability,,desktop,NL-NH,synthetic
2026-08-28,session-01200,gmh-gruppe-sn-00000006-c0a7c1a5,qr,4,dpp-section-view,Product Information,,desktop,NL-NH,synthetic
